year,country,n_researchers,inmigration,outmigration,netmigration,inmigration_rate,outmigration_rate,netmigration_rate
1998,AD,3,0,0,0,0.0,0.0,0.0
1999,AD,1,1,0,1,1.0,0.0,1.0
2001,AD,3,1,1,0,0.3333333333333333,0.3333333333333333,0.0
2002,AD,8,2,1,1,0.25,0.125,0.125
2003,AD,5,1,0,1,0.2,0.0,0.2
2004,AD,7,2,2,0,0.2857142857142857,0.2857142857142857,0.0
2005,AD,11,2,0,2,0.18181818181818182,0.0,0.18181818181818182
2006,AD,9,3,2,1,0.3333333333333333,0.2222222222222222,0.1111111111111111
2007,AD,10,0,1,-1,0.0,0.1,-0.1
2008,AD,3,0,2,-2,0.0,0.6666666666666666,-0.6666666666666666
2009,AD,14,2,0,2,0.14285714285714285,0.0,0.14285714285714285
2010,AD,8,3,2,1,0.375,0.25,0.125
2011,AD,4,2,2,0,0.5,0.5,0.0
2012,AD,18,3,4,-1,0.16666666666666666,0.2222222222222222,-0.05555555555555555
2013,AD,21,6,4,2,0.2857142857142857,0.19047619047619047,0.09523809523809523
2014,AD,27,8,6,2,0.2962962962962963,0.2222222222222222,0.07407407407407407
2015,AD,17,1,3,-2,0.058823529411764705,0.17647058823529413,-0.11764705882352941
2016,AD,17,6,6,0,0.35294117647058826,0.35294117647058826,0.0
2017,AD,20,4,3,1,0.2,0.15,0.05
2018,AD,31,10,1,9,0.3225806451612903,0.03225806451612903,0.2903225806451613
2019,AD,21,2,9,-7,0.09523809523809523,0.42857142857142855,-0.3333333333333333
2020,AD,41,8,6,2,0.1951219512195122,0.14634146341463414,0.04878048780487805
2021,AD,45,11,2,9,0.24444444444444444,0.044444444444444446,0.2
2022,AD,35,9,9,0,0.2571428571428571,0.2571428571428571,0.0
2023,AD,37,11,11,0,0.2972972972972973,0.2972972972972973,0.0
2024,AD,34,12,5,7,0.35294117647058826,0.14705882352941177,0.20588235294117646
2025,AD,48,10,14,-4,0.20833333333333334,0.2916666666666667,-0.08333333333333333
1998,AE,448,0,0,0,0.0,0.0,0.0
1999,AE,352,39,23,16,0.11079545454545454,0.06534090909090909,0.045454545454545456
2000,AE,460,58,36,22,0.12608695652173912,0.0782608695652174,0.04782608695652174
2001,AE,502,87,45,42,0.17330677290836655,0.08964143426294821,0.08366533864541832
2002,AE,532,84,85,-1,0.15789473684210525,0.15977443609022557,-0.0018796992481203006
2003,AE,697,150,93,57,0.2152080344332855,0.133428981348637,0.08177905308464849
2004,AE,725,143,114,29,0.19724137931034483,0.15724137931034482,0.04
2005,AE,851,183,102,81,0.21504112808460635,0.11985898942420682,0.09518213866039953
2006,AE,1024,197,151,46,0.1923828125,0.1474609375,0.044921875
2007,AE,1060,214,147,67,0.2018867924528302,0.13867924528301886,0.06320754716981132
2008,AE,1265,251,198,53,0.1984189723320158,0.1565217391304348,0.04189723320158103
2009,AE,1400,279,212,67,0.1992857142857143,0.15142857142857144,0.047857142857142855
2010,AE,1722,355,225,130,0.20615563298490128,0.13066202090592335,0.07549361207897794
2011,AE,2034,382,242,140,0.18780727630285152,0.11897738446411013,0.0688298918387414
2012,AE,2466,517,297,220,0.20965125709651258,0.12043795620437957,0.08921330089213302
2013,AE,2823,522,360,162,0.1849096705632306,0.1275239107332625,0.057385759829968117
2014,AE,3142,648,505,143,0.20623806492679822,0.16072565245066836,0.04551241247612985
2015,AE,3951,823,500,323,0.20830169577322197,0.12655024044545685,0.08175145532776512
2016,AE,4151,851,618,233,0.20501084076126236,0.14887978800289087,0.05613105275837148
2017,AE,5346,1163,703,460,0.21754582865693978,0.13150018705574262,0.08604564160119715
2018,AE,6752,1387,839,548,0.20542061611374407,0.12425947867298578,0.0811611374407583
2019,AE,8219,1448,900,548,0.1761771505049276,0.10950237255140528,0.06667477795352232
2020,AE,9625,1613,1224,389,0.16758441558441559,0.12716883116883118,0.04041558441558442
2021,AE,10503,1595,1319,276,0.15186137294106447,0.1255831667142721,0.026278206226792344
2022,AE,12621,1822,1267,555,0.14436257031930907,0.10038824181919023,0.04397432850011885
2023,AE,14497,2339,1640,699,0.16134372628819757,0.11312685383182727,0.04821687245637028
2024,AE,17557,2805,1884,921,0.15976533576351312,0.10730762658768582,0.0524577091758273
2025,AE,21286,3723,2255,1468,0.174903692567885,0.10593817532650568,0.06896551724137931
1998,AF,4,0,0,0,0.0,0.0,0.0
1999,AF,2,1,0,1,0.5,0.0,0.5
2000,AF,43,2,0,2,0.046511627906976744,0.0,0.046511627906976744
2001,AF,15,1,1,0,0.06666666666666667,0.06666666666666667,0.0
2002,AF,27,2,0,2,0.07407407407407407,0.0,0.07407407407407407
2003,AF,43,5,1,4,0.11627906976744186,0.023255813953488372,0.09302325581395349
2004,AF,50,6,5,1,0.12,0.1,0.02
2005,AF,42,7,2,5,0.16666666666666666,0.047619047619047616,0.11904761904761904
2006,AF,22,6,4,2,0.2727272727272727,0.18181818181818182,0.09090909090909091
2007,AF,28,2,8,-6,0.07142857142857142,0.2857142857142857,-0.21428571428571427
2008,AF,45,3,7,-4,0.06666666666666667,0.15555555555555556,-0.08888888888888889
2009,AF,48,16,6,10,0.3333333333333333,0.125,0.20833333333333334
2010,AF,66,14,7,7,0.21212121212121213,0.10606060606060606,0.10606060606060606
2011,AF,96,14,11,3,0.14583333333333334,0.11458333333333333,0.03125
2012,AF,95,12,15,-3,0.12631578947368421,0.15789473684210525,-0.031578947368421054
2013,AF,117,22,11,11,0.18803418803418803,0.09401709401709402,0.09401709401709402
2014,AF,120,22,19,3,0.18333333333333332,0.15833333333333333,0.025
2015,AF,134,29,23,6,0.21641791044776118,0.17164179104477612,0.04477611940298507
2016,AF,228,57,18,39,0.25,0.07894736842105263,0.17105263157894737
2017,AF,225,49,40,9,0.21777777777777776,0.17777777777777778,0.04
2018,AF,276,58,53,5,0.21014492753623187,0.19202898550724637,0.018115942028985508
2019,AF,475,68,46,22,0.1431578947368421,0.0968421052631579,0.04631578947368421
2020,AF,784,85,78,7,0.10841836734693877,0.09948979591836735,0.008928571428571428
2021,AF,954,141,81,60,0.14779874213836477,0.08490566037735849,0.06289308176100629
2022,AF,1052,120,109,11,0.11406844106463879,0.10361216730038023,0.010456273764258554
2023,AF,1532,175,145,30,0.11422976501305483,0.09464751958224543,0.0195822454308094
2024,AF,2060,164,148,16,0.07961165048543689,0.07184466019417475,0.007766990291262136
2025,AF,2561,271,182,89,0.10581803982819211,0.07106598984771574,0.034752049980476374
1998,AG,2,0,0,0,0.0,0.0,0.0
1999,AG,2,1,0,1,0.5,0.0,0.5
2000,AG,1,0,0,0,0.0,0.0,0.0
2001,AG,1,0,1,-1,0.0,1.0,-1.0
2002,AG,1,0,0,0,0.0,0.0,0.0
2003,AG,5,1,0,1,0.2,0.0,0.2
2004,AG,3,1,0,1,0.3333333333333333,0.0,0.3333333333333333
2005,AG,6,3,0,3,0.5,0.0,0.5
2006,AG,8,3,2,1,0.375,0.25,0.125
2007,AG,2,2,4,-2,1.0,2.0,-1.0
2008,AG,8,2,2,0,0.25,0.25,0.0
2009,AG,6,1,3,-2,0.16666666666666666,0.5,-0.3333333333333333
2010,AG,12,5,2,3,0.4166666666666667,0.16666666666666666,0.25
2011,AG,34,24,3,21,0.7058823529411765,0.08823529411764706,0.6176470588235294
2012,AG,26,10,13,-3,0.38461538461538464,0.5,-0.11538461538461539
2013,AG,35,16,12,4,0.45714285714285713,0.34285714285714286,0.11428571428571428
2014,AG,37,20,22,-2,0.5405405405405406,0.5945945945945946,-0.05405405405405406
2015,AG,37,16,21,-5,0.43243243243243246,0.5675675675675675,-0.13513513513513514
2016,AG,30,15,16,-1,0.5,0.5333333333333333,-0.03333333333333333
2017,AG,35,7,15,-8,0.2,0.42857142857142855,-0.22857142857142856
2018,AG,51,27,11,16,0.5294117647058824,0.21568627450980393,0.3137254901960784
2019,AG,42,17,30,-13,0.40476190476190477,0.7142857142857143,-0.30952380952380953
2020,AG,63,33,28,5,0.5238095238095238,0.4444444444444444,0.07936507936507936
2021,AG,85,39,23,16,0.4588235294117647,0.27058823529411763,0.18823529411764706
2022,AG,154,72,33,39,0.4675324675324675,0.21428571428571427,0.2532467532467532
2023,AG,167,69,69,0,0.41317365269461076,0.41317365269461076,0.0
2024,AG,233,105,59,46,0.45064377682403434,0.2532188841201717,0.19742489270386265
2025,AG,320,137,102,35,0.428125,0.31875,0.109375
1998,AL,66,0,0,0,0.0,0.0,0.0
1999,AL,59,7,9,-2,0.11864406779661017,0.15254237288135594,-0.03389830508474576
2000,AL,68,16,11,5,0.23529411764705882,0.16176470588235295,0.07352941176470588
2001,AL,82,15,13,2,0.18292682926829268,0.15853658536585366,0.024390243902439025
2002,AL,81,8,20,-12,0.09876543209876543,0.24691358024691357,-0.14814814814814814
2003,AL,74,17,19,-2,0.22972972972972974,0.25675675675675674,-0.02702702702702703
2004,AL,100,13,17,-4,0.13,0.17,-0.04
2005,AL,94,20,13,7,0.2127659574468085,0.13829787234042554,0.07446808510638298
2006,AL,131,26,15,11,0.1984732824427481,0.11450381679389313,0.08396946564885496
2007,AL,160,19,22,-3,0.11875,0.1375,-0.01875
2008,AL,158,17,24,-7,0.10759493670886076,0.1518987341772152,-0.04430379746835443
2009,AL,234,34,19,15,0.1452991452991453,0.0811965811965812,0.0641025641025641
2010,AL,471,58,17,41,0.12314225053078556,0.036093418259023353,0.0870488322717622
2011,AL,454,23,39,-16,0.05066079295154185,0.08590308370044053,-0.03524229074889868
2012,AL,635,49,41,8,0.07716535433070866,0.06456692913385827,0.012598425196850394
2013,AL,1136,68,49,19,0.05985915492957746,0.043133802816901406,0.016725352112676055
2014,AL,1240,63,72,-9,0.050806451612903224,0.05806451612903226,-0.007258064516129033
2015,AL,1439,99,61,38,0.06879777623349548,0.0423905489923558,0.02640722724113968
2016,AL,1355,81,81,0,0.05977859778597786,0.05977859778597786,0.0
2017,AL,1162,101,78,23,0.08691910499139414,0.06712564543889846,0.019793459552495698
2018,AL,1211,73,103,-30,0.06028075970272502,0.08505367464905036,-0.02477291494632535
2019,AL,1203,100,89,11,0.0831255195344971,0.0739817123857024,0.00914380714879468
2020,AL,1271,84,106,-22,0.06608969315499606,0.08339889850511409,-0.01730920535011802
2021,AL,1679,97,135,-38,0.057772483621203095,0.08040500297796307,-0.022632519356759976
2022,AL,1894,106,105,1,0.0559662090813094,0.05543822597676874,0.0005279831045406547
2023,AL,2178,152,156,-4,0.06978879706152434,0.07162534435261708,-0.0018365472910927456
2024,AL,2430,162,140,22,0.06666666666666667,0.05761316872427984,0.00905349794238683
2025,AL,2993,193,166,27,0.06448379552288673,0.055462746408286,0.009021049114600735
1998,AM,482,0,0,0,0.0,0.0,0.0
1999,AM,484,23,26,-3,0.047520661157024795,0.05371900826446281,-0.006198347107438017
2000,AM,641,37,48,-11,0.057722308892355696,0.0748829953198128,-0.0171606864274571
2001,AM,657,35,52,-17,0.0532724505327245,0.0791476407914764,-0.0258751902587519
2002,AM,721,38,63,-25,0.052704576976421634,0.08737864077669903,-0.03467406380027739
2003,AM,659,46,73,-27,0.06980273141122914,0.11077389984825493,-0.0409711684370258
2004,AM,660,60,63,-3,0.09090909090909091,0.09545454545454546,-0.004545454545454545
2005,AM,775,57,56,1,0.07354838709677419,0.07225806451612904,0.0012903225806451613
2006,AM,883,61,70,-9,0.06908267270668177,0.07927519818799547,-0.010192525481313703
2007,AM,931,70,75,-5,0.07518796992481203,0.08055853920515575,-0.0053705692803437165
2008,AM,1061,96,105,-9,0.09048067860508954,0.09896324222431668,-0.008482563619227144
2009,AM,848,70,110,-40,0.08254716981132075,0.12971698113207547,-0.04716981132075472
2010,AM,1021,81,107,-26,0.07933398628795299,0.10479921645445642,-0.025465230166503428
2011,AM,1088,86,126,-40,0.07904411764705882,0.11580882352941177,-0.03676470588235294
2012,AM,1181,98,128,-30,0.0829805249788315,0.10838272650296359,-0.02540220152413209
2013,AM,1789,300,143,157,0.16769144773616546,0.07993292342090554,0.08775852431525992
2014,AM,1891,392,235,157,0.20729772607086197,0.12427287149656266,0.08302485457429931
2015,AM,1775,343,318,25,0.19323943661971832,0.1791549295774648,0.014084507042253521
2016,AM,2241,526,336,190,0.23471664435519857,0.1499330655957162,0.08478357875948238
2017,AM,2224,439,454,-15,0.19739208633093525,0.20413669064748202,-0.006744604316546762
2018,AM,2505,671,551,120,0.2678642714570858,0.21996007984031937,0.04790419161676647
2019,AM,2545,491,824,-333,0.19292730844793712,0.3237721021611002,-0.13084479371316307
2020,AM,2977,887,519,368,0.29795095733960364,0.17433658045011757,0.12361437688948607
2021,AM,3581,977,672,305,0.2728288187657079,0.18765707902820442,0.08517173973750349
2022,AM,3477,459,879,-420,0.13201035375323555,0.2528041415012942,-0.12079378774805867
2023,AM,3451,321,505,-184,0.09301651695160823,0.14633439582729643,-0.05331787887568821
2024,AM,3810,381,494,-113,0.1,0.12965879265091865,-0.029658792650918635
2025,AM,4714,493,442,51,0.10458209588459906,0.09376325837929571,0.010818837505303353
1998,AO,10,0,0,0,0.0,0.0,0.0
1999,AO,10,1,3,-2,0.1,0.3,-0.2
2000,AO,39,4,1,3,0.10256410256410256,0.02564102564102564,0.07692307692307693
2001,AO,40,1,2,-1,0.025,0.05,-0.025
2002,AO,32,3,3,0,0.09375,0.09375,0.0
2003,AO,49,9,3,6,0.1836734693877551,0.061224489795918366,0.12244897959183673
2004,AO,70,10,11,-1,0.14285714285714285,0.15714285714285714,-0.014285714285714285
2005,AO,87,20,6,14,0.22988505747126436,0.06896551724137931,0.16091954022988506
2006,AO,58,9,11,-2,0.15517241379310345,0.1896551724137931,-0.034482758620689655
2007,AO,90,18,10,8,0.2,0.1111111111111111,0.08888888888888889
2008,AO,52,7,15,-8,0.1346153846153846,0.28846153846153844,-0.15384615384615385
2009,AO,114,14,11,3,0.12280701754385964,0.09649122807017543,0.02631578947368421
2010,AO,124,24,29,-5,0.1935483870967742,0.23387096774193547,-0.04032258064516129
2011,AO,118,16,25,-9,0.13559322033898305,0.211864406779661,-0.07627118644067797
2012,AO,169,29,10,19,0.17159763313609466,0.05917159763313609,0.11242603550295859
2013,AO,149,24,29,-5,0.1610738255033557,0.19463087248322147,-0.03355704697986577
2014,AO,312,46,24,22,0.14743589743589744,0.07692307692307693,0.07051282051282051
2015,AO,321,63,55,8,0.19626168224299065,0.17133956386292834,0.024922118380062305
2016,AO,310,54,57,-3,0.17419354838709677,0.18387096774193548,-0.00967741935483871
2017,AO,322,46,60,-14,0.14285714285714285,0.18633540372670807,-0.043478260869565216
2018,AO,302,53,52,1,0.17549668874172186,0.17218543046357615,0.0033112582781456954
2019,AO,371,64,80,-16,0.1725067385444744,0.215633423180593,-0.0431266846361186
2020,AO,710,135,77,58,0.19014084507042253,0.10845070422535211,0.08169014084507042
2021,AO,897,118,100,18,0.13154960981047936,0.11148272017837235,0.020066889632107024
2022,AO,926,92,91,1,0.09935205183585313,0.09827213822894168,0.0010799136069114472
2023,AO,664,113,155,-42,0.17018072289156627,0.23343373493975902,-0.06325301204819277
2024,AO,577,129,135,-6,0.22357019064124783,0.2339688041594454,-0.010398613518197574
2025,AO,655,166,143,23,0.2534351145038168,0.2183206106870229,0.035114503816793895
2024,AQ,1,1,0,1,1.0,0.0,1.0
1998,AR,6804,0,0,0,0.0,0.0,0.0
1999,AR,7394,325,288,37,0.04395455774952664,0.03895050040573438,0.005004057343792264
2000,AR,8709,485,554,-69,0.05568951659203123,0.06361235503502125,-0.00792283844299001
2001,AR,9005,594,656,-62,0.06596335369239312,0.07284841754580788,-0.00688506385341477
2002,AR,9962,667,802,-135,0.0669544268219233,0.08050592250552098,-0.013551495683597672
2003,AR,10561,785,973,-188,0.07433008237856263,0.09213142694820567,-0.017801344569643027
2004,AR,11918,937,1117,-180,0.07862057392179896,0.09372377915757678,-0.015103205235777815
2005,AR,12616,1024,1189,-165,0.08116677235256817,0.09424540266328472,-0.01307863031071655
2006,AR,14329,1233,1292,-59,0.08604927070974946,0.09016679461232466,-0.004117523902575197
2007,AR,15316,1377,1395,-18,0.08990598067380517,0.09108122225124053,-0.0011752415774353617
2008,AR,16672,1531,1579,-48,0.0918306142034549,0.09470969289827255,-0.0028790786948176585
2009,AR,18470,1659,1647,12,0.08982133188955062,0.0891716296697347,0.0006497022198159177
2010,AR,20247,1848,1743,105,0.09127278115276337,0.08608682767817455,0.005185953474588828
2011,AR,22632,2037,1977,60,0.09000530222693531,0.0873541887592789,0.002651113467656416
2012,AR,24671,2110,2195,-85,0.08552551578776701,0.08897085647116047,-0.003445340683393458
2013,AR,25888,2409,2363,46,0.09305469715698393,0.09127781211372064,0.001776885043263288
2014,AR,27928,2583,2540,43,0.09248782583786881,0.0909481523918648,0.0015396734460040103
2015,AR,29005,2724,2678,46,0.09391484226857438,0.09232890880882606,0.0015859334597483191
2016,AR,31021,2849,2829,20,0.09184101092808097,0.0911962863866413,0.0006447245414396698
2017,AR,32643,2949,3066,-117,0.09034096130870324,0.09392519069938425,-0.0035842293906810036
2018,AR,36101,3418,3175,243,0.09467881776128086,0.08794770227971524,0.006731115481565608
2019,AR,36040,3262,3728,-466,0.09051054384017758,0.10344062153163153,-0.012930077691453941
2020,AR,40813,3809,3926,-117,0.09332810624065861,0.09619483987945017,-0.0028667336387915615
2021,AR,40193,3969,3909,60,0.09874853830268952,0.09725574104943648,0.001492797253253054
2022,AR,37196,3094,3847,-753,0.08318098720292505,0.10342509947306162,-0.020244112270136574
2023,AR,37895,3925,4429,-504,0.10357566961340546,0.11687557725293575,-0.01329990763953028
2024,AR,38249,3904,4617,-713,0.10206802792229862,0.1207090381447881,-0.018641010222489478
2025,AR,38995,4200,4987,-787,0.10770611616873958,0.1278881907936915,-0.020182074624951918
1998,AS,1,0,0,0,0.0,0.0,0.0
1999,AS,8,1,0,1,0.125,0.0,0.125
2000,AS,12,1,1,0,0.08333333333333333,0.08333333333333333,0.0
2001,AS,8,2,3,-1,0.25,0.375,-0.125
2002,AS,5,2,7,-5,0.4,1.4,-1.0
2003,AS,7,1,2,-1,0.14285714285714285,0.2857142857142857,-0.14285714285714285
2004,AS,9,2,0,2,0.2222222222222222,0.0,0.2222222222222222
2005,AS,7,2,1,1,0.2857142857142857,0.14285714285714285,0.14285714285714285
2006,AS,4,2,4,-2,0.5,1.0,-0.5
2007,AS,25,4,1,3,0.16,0.04,0.12
2008,AS,15,4,4,0,0.26666666666666666,0.26666666666666666,0.0
2009,AS,16,6,4,2,0.375,0.25,0.125
2010,AS,22,6,2,4,0.2727272727272727,0.09090909090909091,0.18181818181818182
2011,AS,24,4,4,0,0.16666666666666666,0.16666666666666666,0.0
2012,AS,27,12,6,6,0.4444444444444444,0.2222222222222222,0.2222222222222222
2013,AS,25,6,10,-4,0.24,0.4,-0.16
2014,AS,20,4,7,-3,0.2,0.35,-0.15
2015,AS,17,6,8,-2,0.35294117647058826,0.47058823529411764,-0.11764705882352941
2016,AS,17,11,3,8,0.6470588235294118,0.17647058823529413,0.47058823529411764
2017,AS,30,11,5,6,0.36666666666666664,0.16666666666666666,0.2
2018,AS,33,12,10,2,0.36363636363636365,0.30303030303030304,0.06060606060606061
2019,AS,22,4,11,-7,0.18181818181818182,0.5,-0.3181818181818182
2020,AS,32,11,7,4,0.34375,0.21875,0.125
2021,AS,28,7,10,-3,0.25,0.35714285714285715,-0.10714285714285714
2022,AS,24,4,5,-1,0.16666666666666666,0.20833333333333334,-0.041666666666666664
2023,AS,45,9,5,4,0.2,0.1111111111111111,0.08888888888888889
2024,AS,65,17,6,11,0.26153846153846155,0.09230769230769231,0.16923076923076924
2025,AS,80,24,15,9,0.3,0.1875,0.1125
1998,AT,9259,0,0,0,0.0,0.0,0.0
1999,AT,9843,784,702,82,0.07965051305496292,0.07131971959768363,0.008330793457279285
2000,AT,10493,986,1045,-59,0.093967406842657,0.09959020299247118,-0.005622796149814162
2001,AT,10773,1130,1228,-98,0.10489185927782418,0.11398867539218416,-0.009096816114359974
2002,AT,12112,1377,1314,63,0.1136889035667107,0.10848745046235139,0.005201453104359313
2003,AT,12869,1439,1432,7,0.11181910016318285,0.11127515735488383,0.0005439428082990132
2004,AT,13891,1656,1598,58,0.11921387949031748,0.11503851414584983,0.0041753653444676405
2005,AT,14813,1765,1630,135,0.11915209613177614,0.11003847971376493,0.009113616418011207
2006,AT,15797,1865,1795,70,0.11806039121352155,0.11362917009558778,0.004431221117933785
2007,AT,16835,2032,1972,60,0.1207009207009207,0.11713691713691714,0.003564003564003564
2008,AT,19242,2419,2162,257,0.12571458268371272,0.11235838270450058,0.01335619997921214
2009,AT,20548,2559,2515,44,0.12453766789955227,0.12239634027642593,0.0021413276231263384
2010,AT,20979,2702,2457,245,0.12879546212879547,0.11711711711711711,0.011678345011678345
2011,AT,22660,2794,2538,256,0.12330097087378641,0.1120035304501324,0.011297440423654015
2012,AT,24659,3625,2982,643,0.14700515024940183,0.12092947808102518,0.026075672168376657
2013,AT,24933,3449,3508,-59,0.13833072634660892,0.14069706814262223,-0.0023663417960133157
2014,AT,25899,3408,3351,57,0.1315880922043322,0.12938723502837948,0.0022008571759527394
2015,AT,26541,3334,3536,-202,0.12561696997098828,0.13322783617798878,-0.00761086620700049
2016,AT,28037,3697,3487,210,0.13186146877340657,0.12437136640867426,0.007490102364732318
2017,AT,29715,4076,3460,616,0.13716977957260643,0.11643950866565708,0.02073027090694935
2018,AT,29802,3626,3949,-323,0.12166968659821488,0.13250788537682034,-0.010838198778605463
2019,AT,31379,4135,3610,525,0.13177602855412857,0.11504509385257657,0.016730934701551993
2020,AT,34136,4440,4000,440,0.13006796344035623,0.11717834544176237,0.01288961799859386
2021,AT,35451,4118,3868,250,0.11616033398211616,0.1091083467321091,0.007051987250007052
2022,AT,37674,4362,3668,694,0.11578276795668101,0.09736157562244518,0.018421192334235812
2023,AT,37026,4414,4127,287,0.11921352563063793,0.11146221574029061,0.007751309890347323
2024,AT,37953,4401,4189,212,0.11595921271045767,0.1103733565199062,0.0055858561905514715
2025,AT,39623,4385,4514,-129,0.11066804633672361,0.11392373116624183,-0.003255684829518209
1998,AU,30574,0,0,0,0.0,0.0,0.0
1999,AU,32170,2178,2161,17,0.06770282872241219,0.06717438607398198,0.0005284426484302145
2000,AU,33936,3162,3190,-28,0.09317538896746817,0.094000471475719,-0.0008250825082508251
2001,AU,34792,3793,3737,56,0.10901931478500805,0.10740974936767073,0.0016095654173373189
2002,AU,39623,4538,4705,-167,0.1145294399717336,0.11874416374328042,-0.004214723771546829
2003,AU,40876,5028,4998,30,0.12300616498678932,0.12227223798806146,0.0007339269987278598
2004,AU,43292,5435,5504,-69,0.12554282546428902,0.12713665342326527,-0.0015938279589762542
2005,AU,47020,6143,6076,67,0.13064653339004678,0.12922160782645684,0.0014249255635899617
2006,AU,52053,7031,6367,664,0.13507386702015253,0.1223176377922502,0.01275622922790233
2007,AU,54789,7536,6807,729,0.13754585774516784,0.12424026720692109,0.013305590538246728
2008,AU,58357,8007,7708,299,0.13720719022567987,0.13208355467210445,0.0051236355535754065
2009,AU,63345,9053,8087,966,0.14291577867234984,0.1276659562712132,0.015249822401136632
2010,AU,67285,9532,8665,867,0.14166604741026975,0.12878056030318794,0.012885487107081817
2011,AU,73558,10318,9285,1033,0.14027026292177602,0.12622692297234836,0.014043339949427662
2012,AU,78111,11167,9924,1243,0.1429632190088464,0.12704996735414986,0.015913251654696522
2013,AU,87481,13347,10226,3121,0.1525702724020073,0.11689395411575085,0.03567631828625645
2014,AU,88910,12484,12121,363,0.14041165223259475,0.13632887189292542,0.0040827803396693285
2015,AU,94635,13008,12070,938,0.13745443017910922,0.12754266391926877,0.00991176625984044
2016,AU,98258,13735,12418,1317,0.13978505566976734,0.1263815668953164,0.013403488774450936
2017,AU,102352,14392,13426,966,0.14061278724402063,0.1311747694231671,0.009438017820853526
2018,AU,106385,15009,14401,608,0.14108191944353057,0.13536682803026742,0.005715091413263148
2019,AU,112847,16645,14762,1883,0.14750059815502406,0.1308142883727525,0.01668630978227157
2020,AU,115469,15488,16575,-1087,0.13413123868743992,0.14354502074149772,-0.009413782054057799
2021,AU,119960,15455,14969,486,0.12883461153717907,0.12478326108702902,0.00405135045015005
2022,AU,121993,13579,13902,-323,0.11130966530866525,0.11395735820907757,-0.0026476929004123186
2023,AU,120784,15262,16177,-915,0.12635779573453437,0.13393330242416215,-0.0075755066896277656
2024,AU,124548,17066,17729,-663,0.13702347689244307,0.14234672576034943,-0.005323248867906349
2025,AU,129716,18955,18790,165,0.14612692343272995,0.14485491381171173,0.0012720096210182244
1998,AW,4,0,0,0,0.0,0.0,0.0
2000,AW,4,0,0,0,0.0,0.0,0.0
2001,AW,1,0,0,0,0.0,0.0,0.0
2002,AW,1,1,0,1,1.0,0.0,1.0
2003,AW,1,0,2,-2,0.0,2.0,-2.0
2005,AW,3,0,0,0,0.0,0.0,0.0
2006,AW,1,1,0,1,1.0,0.0,1.0
2007,AW,4,3,0,3,0.75,0.0,0.75
2008,AW,5,2,0,2,0.4,0.0,0.4
2009,AW,3,0,0,0,0.0,0.0,0.0
2010,AW,7,1,3,-2,0.14285714285714285,0.42857142857142855,-0.2857142857142857
2011,AW,8,1,3,-2,0.125,0.375,-0.25
2012,AW,13,3,2,1,0.23076923076923078,0.15384615384615385,0.07692307692307693
2013,AW,24,1,2,-1,0.041666666666666664,0.08333333333333333,-0.041666666666666664
2014,AW,21,5,3,2,0.23809523809523808,0.14285714285714285,0.09523809523809523
2015,AW,21,9,3,6,0.42857142857142855,0.14285714285714285,0.2857142857142857
2016,AW,32,12,9,3,0.375,0.28125,0.09375
2017,AW,13,3,13,-10,0.23076923076923078,1.0,-0.7692307692307693
2018,AW,37,12,5,7,0.32432432432432434,0.13513513513513514,0.1891891891891892
2019,AW,28,5,5,0,0.17857142857142858,0.17857142857142858,0.0
2020,AW,62,14,4,10,0.22580645161290322,0.06451612903225806,0.16129032258064516
2021,AW,36,12,7,5,0.3333333333333333,0.19444444444444445,0.1388888888888889
2022,AW,43,6,3,3,0.13953488372093023,0.06976744186046512,0.06976744186046512
2023,AW,53,13,6,7,0.24528301886792453,0.11320754716981132,0.1320754716981132
2024,AW,43,9,9,0,0.20930232558139536,0.20930232558139536,0.0
2025,AW,44,18,11,7,0.4090909090909091,0.25,0.1590909090909091
1998,AX,11,0,0,0,0.0,0.0,0.0
1999,AX,4,0,1,-1,0.0,0.25,-0.25
2000,AX,3,3,1,2,1.0,0.3333333333333333,0.6666666666666666
2001,AX,2,0,2,-2,0.0,1.0,-1.0
2002,AX,3,0,2,-2,0.0,0.6666666666666666,-0.6666666666666666
2003,AX,5,1,1,0,0.2,0.2,0.0
2004,AX,1,0,1,-1,0.0,1.0,-1.0
2005,AX,5,2,0,2,0.4,0.0,0.4
2008,AX,2,1,2,-1,0.5,1.0,-0.5
2009,AX,1,0,1,-1,0.0,1.0,-1.0
2011,AX,7,5,0,5,0.7142857142857143,0.0,0.7142857142857143
2013,AX,2,1,0,1,0.5,0.0,0.5
2014,AX,4,2,0,2,0.5,0.0,0.5
2015,AX,4,2,0,2,0.5,0.0,0.5
2016,AX,2,0,1,-1,0.0,0.5,-0.5
2018,AX,5,1,0,1,0.2,0.0,0.2
2019,AX,4,0,3,-3,0.0,0.75,-0.75
2020,AX,1,1,1,0,1.0,1.0,0.0
2022,AX,9,3,0,3,0.3333333333333333,0.0,0.3333333333333333
2023,AX,8,2,4,-2,0.25,0.5,-0.25
2024,AX,3,1,0,1,0.3333333333333333,0.0,0.3333333333333333
2025,AX,11,3,2,1,0.2727272727272727,0.18181818181818182,0.09090909090909091
1998,AZ,155,0,0,0,0.0,0.0,0.0
1999,AZ,123,8,10,-2,0.06504065040650407,0.08130081300813008,-0.016260162601626018
2000,AZ,220,15,13,2,0.06818181818181818,0.05909090909090909,0.00909090909090909
2001,AZ,239,21,16,5,0.08786610878661087,0.06694560669456066,0.02092050209205021
2002,AZ,286,25,27,-2,0.08741258741258741,0.0944055944055944,-0.006993006993006993
2003,AZ,315,18,32,-14,0.05714285714285714,0.10158730158730159,-0.044444444444444446
2004,AZ,330,26,23,3,0.07878787878787878,0.0696969696969697,0.00909090909090909
2005,AZ,340,21,34,-13,0.061764705882352944,0.1,-0.03823529411764706
2006,AZ,479,37,30,7,0.07724425887265135,0.06263048016701461,0.014613778705636743
2007,AZ,517,53,38,15,0.10251450676982592,0.0735009671179884,0.029013539651837523
2008,AZ,606,61,53,8,0.10066006600660066,0.08745874587458746,0.013201320132013201
2009,AZ,848,66,55,11,0.07783018867924528,0.06485849056603774,0.012971698113207548
2010,AZ,867,68,76,-8,0.0784313725490196,0.08765859284890427,-0.00922722029988466
2011,AZ,1067,104,69,35,0.09746954076850985,0.06466729147141519,0.03280224929709466
2012,AZ,1139,104,92,12,0.0913081650570676,0.08077260755048288,0.010535557506584723
2013,AZ,1068,82,113,-31,0.07677902621722846,0.10580524344569288,-0.02902621722846442
2014,AZ,1000,84,110,-26,0.084,0.11,-0.026
2015,AZ,1492,132,100,32,0.08847184986595175,0.06702412868632708,0.021447721179624665
2016,AZ,1567,147,139,8,0.09380982769623485,0.08870453095086152,0.005105296745373325
2017,AZ,1991,136,172,-36,0.0683073832245103,0.08638874937217479,-0.01808136614766449
2018,AZ,2598,182,169,13,0.07005388760585066,0.06505003849114703,0.0050038491147036184
2019,AZ,2780,154,204,-50,0.05539568345323741,0.07338129496402877,-0.017985611510791366
2020,AZ,3069,165,176,-11,0.053763440860215055,0.05734767025089606,-0.0035842293906810036
2021,AZ,3609,204,190,14,0.05652535328345802,0.05264616237184816,0.0038791909116098642
2022,AZ,4104,204,185,19,0.049707602339181284,0.045077972709551654,0.004629629629629629
2023,AZ,5128,319,309,10,0.06220748829953198,0.06025741029641186,0.0019500780031201249
2024,AZ,5996,422,346,76,0.07038025350233489,0.05770513675783856,0.012675116744496331
2025,AZ,7055,521,375,146,0.0738483345145287,0.05315379163713678,0.02069454287739192
1998,BA,93,0,0,0,0.0,0.0,0.0
1999,BA,98,6,7,-1,0.061224489795918366,0.07142857142857142,-0.01020408163265306
2000,BA,99,4,13,-9,0.04040404040404041,0.13131313131313133,-0.09090909090909091
2001,BA,150,11,9,2,0.07333333333333333,0.06,0.013333333333333334
2002,BA,228,17,22,-5,0.07456140350877193,0.09649122807017543,-0.021929824561403508
2003,BA,302,39,20,19,0.1291390728476821,0.06622516556291391,0.06291390728476821
2004,BA,296,27,31,-4,0.09121621621621621,0.10472972972972973,-0.013513513513513514
2005,BA,395,61,33,28,0.15443037974683543,0.08354430379746836,0.07088607594936709
2006,BA,444,32,35,-3,0.07207207207207207,0.07882882882882883,-0.006756756756756757
2007,BA,602,60,43,17,0.09966777408637874,0.07142857142857142,0.02823920265780731
2008,BA,790,74,43,31,0.09367088607594937,0.05443037974683544,0.039240506329113925
2009,BA,936,88,55,33,0.09401709401709402,0.05876068376068376,0.035256410256410256
2010,BA,1153,97,84,13,0.08412836079791847,0.07285342584562012,0.011274934952298352
2011,BA,1442,113,87,26,0.07836338418862691,0.060332871012482664,0.018030513176144243
2012,BA,1764,135,102,33,0.07653061224489796,0.05782312925170068,0.01870748299319728
2013,BA,1990,140,142,-2,0.07035175879396985,0.07135678391959799,-0.0010050251256281408
2014,BA,2162,163,124,39,0.0753931544865865,0.05735430157261795,0.018038852913968548
2015,BA,2513,185,144,41,0.07361719060883407,0.05730202944687624,0.01631516116195782
2016,BA,2807,195,199,-4,0.06946918418240114,0.0708941930887068,-0.0014250089063056644
2017,BA,3289,231,196,35,0.07023411371237458,0.05959258133171177,0.010641532380662816
2018,BA,3485,226,242,-16,0.0648493543758967,0.06944045911047346,-0.004591104734576757
2019,BA,3805,275,269,6,0.07227332457293036,0.07069645203679369,0.0015768725361366622
2020,BA,3909,273,291,-18,0.06983883346124328,0.07444359171143515,-0.004604758250191865
2021,BA,4265,289,261,28,0.06776084407971864,0.0611957796014068,0.0065650644783118405
2022,BA,4478,266,292,-26,0.059401518535060295,0.06520768200089326,-0.005806163465832961
2023,BA,4412,276,310,-34,0.06255666364460562,0.07026291931097008,-0.0077062556663644605
2024,BA,4572,299,283,16,0.06539807524059492,0.06189851268591426,0.003499562554680665
2025,BA,4903,303,286,17,0.0617988986334897,0.058331633693656945,0.0034672649398327553
1998,BB,40,0,0,0,0.0,0.0,0.0
1999,BB,53,11,6,5,0.20754716981132076,0.11320754716981132,0.09433962264150944
2000,BB,68,14,9,5,0.20588235294117646,0.1323529411764706,0.07352941176470588
2001,BB,59,13,18,-5,0.22033898305084745,0.3050847457627119,-0.0847457627118644
2002,BB,64,16,13,3,0.25,0.203125,0.046875
2003,BB,71,19,13,6,0.2676056338028169,0.18309859154929578,0.08450704225352113
2004,BB,85,13,17,-4,0.15294117647058825,0.2,-0.047058823529411764
2005,BB,85,19,18,1,0.2235294117647059,0.21176470588235294,0.011764705882352941
2006,BB,73,14,24,-10,0.1917808219178082,0.3287671232876712,-0.136986301369863
2007,BB,89,25,17,8,0.2808988764044944,0.19101123595505617,0.0898876404494382
2008,BB,96,23,26,-3,0.23958333333333334,0.2708333333333333,-0.03125
2009,BB,83,19,20,-1,0.2289156626506024,0.24096385542168675,-0.012048192771084338
2010,BB,79,26,14,12,0.3291139240506329,0.17721518987341772,0.1518987341772152
2011,BB,93,28,24,4,0.3010752688172043,0.25806451612903225,0.043010752688172046
2012,BB,107,26,34,-8,0.24299065420560748,0.3177570093457944,-0.07476635514018691
2013,BB,111,30,39,-9,0.2702702702702703,0.35135135135135137,-0.08108108108108109
2014,BB,137,35,26,9,0.25547445255474455,0.1897810218978102,0.06569343065693431
2015,BB,152,40,32,8,0.2631578947368421,0.21052631578947367,0.05263157894736842
2016,BB,164,39,32,7,0.23780487804878048,0.1951219512195122,0.042682926829268296
2017,BB,126,32,36,-4,0.25396825396825395,0.2857142857142857,-0.031746031746031744
2018,BB,175,40,39,1,0.22857142857142856,0.22285714285714286,0.005714285714285714
2019,BB,167,40,35,5,0.23952095808383234,0.20958083832335328,0.029940119760479042
2020,BB,173,47,52,-5,0.27167630057803466,0.30057803468208094,-0.028901734104046242
2021,BB,235,55,29,26,0.23404255319148937,0.12340425531914893,0.11063829787234042
2022,BB,218,46,41,5,0.21100917431192662,0.18807339449541285,0.022935779816513763
2023,BB,244,57,61,-4,0.2336065573770492,0.25,-0.01639344262295082
2024,BB,284,72,55,17,0.2535211267605634,0.1936619718309859,0.05985915492957746
2025,BB,311,78,73,5,0.2508038585209003,0.2347266881028939,0.01607717041800643
1998,BD,671,0,0,0,0.0,0.0,0.0
1999,BD,806,46,52,-6,0.05707196029776675,0.06451612903225806,-0.007444168734491315
2000,BD,913,80,97,-17,0.08762322015334063,0.10624315443592552,-0.018619934282584884
2001,BD,882,121,128,-7,0.13718820861678005,0.14512471655328799,-0.007936507936507936
2002,BD,1041,154,169,-15,0.14793467819404418,0.16234390009606148,-0.01440922190201729
2003,BD,1044,161,191,-30,0.15421455938697318,0.18295019157088122,-0.028735632183908046
2004,BD,1197,188,199,-11,0.1570593149540518,0.16624895572263992,-0.009189640768588136
2005,BD,1323,236,264,-28,0.17838246409674982,0.19954648526077098,-0.021164021164021163
2006,BD,1656,272,287,-15,0.1642512077294686,0.17330917874396135,-0.009057971014492754
2007,BD,2377,362,320,42,0.15229280605805637,0.13462347496844762,0.01766933108960875
2008,BD,2598,391,385,6,0.15050038491147036,0.14819091608929946,0.0023094688221709007
2009,BD,3151,518,516,2,0.16439225642653127,0.1637575372897493,0.0006347191367819739
2010,BD,3699,568,626,-58,0.15355501486888348,0.16923492835901596,-0.01567991349013247
2011,BD,4167,622,704,-82,0.14926805855531558,0.1689464842812575,-0.019678425725941924
2012,BD,7839,1077,799,278,0.13738997321086874,0.10192626610537059,0.03546370710549815
2013,BD,9572,1163,1023,140,0.12150020894274968,0.10687421646468867,0.014625992478061012
2014,BD,11013,1317,1261,56,0.11958594388450014,0.11450104422046672,0.005084899664033415
2015,BD,12293,1538,1509,29,0.12511185227365168,0.12275278613845278,0.0023590661351988937
2016,BD,13518,1562,1646,-84,0.11554963752034325,0.12176357449326823,-0.006213936972924989
2017,BD,14574,1722,1856,-134,0.11815561959654179,0.12735007547687663,-0.009194455880334842
2018,BD,16541,1955,2146,-191,0.11819116135662898,0.1297382262257421,-0.011547064869113112
2019,BD,19599,2139,2395,-256,0.10913822133782336,0.12220011225062503,-0.013061890912801674
2020,BD,24518,2678,2792,-114,0.10922587486744433,0.11387552002610327,-0.0046496451586589445
2021,BD,28317,2860,2989,-129,0.10099939965391815,0.1055549669809655,-0.004555567327047357
2022,BD,31447,2683,3009,-326,0.08531815435494641,0.09568480300187618,-0.010366648646929755
2023,BD,33435,3070,4106,-1036,0.09181994915507702,0.1228054433976372,-0.030985494242560193
2024,BD,36663,3963,4743,-780,0.10809262744456263,0.12936748220276573,-0.021274854758203093
2025,BD,43505,4973,5862,-889,0.11430870014940811,0.13474313297322146,-0.020434432823813353
1998,BE,14821,0,0,0,0.0,0.0,0.0
1999,BE,14956,921,970,-49,0.061580636533832576,0.06485691361326558,-0.0032762770794330033
2000,BE,15947,1229,1244,-15,0.0770677870445852,0.07800840283438891,-0.0009406157898037248
2001,BE,16234,1361,1428,-67,0.08383639275594432,0.08796353332512012,-0.004127140569175804
2002,BE,18540,1692,1717,-25,0.0912621359223301,0.09261057173678533,-0.001348435814455232
2003,BE,19402,1899,1969,-70,0.0978765075765385,0.10148438305329348,-0.0036078754767549736
2004,BE,20925,2058,2060,-2,0.09835125448028674,0.0984468339307049,-9.55794504181601e-05
2005,BE,22358,2235,2404,-169,0.0999642186242061,0.10752303426066732,-0.007558815636461222
2006,BE,23659,2519,2639,-120,0.10647111035969399,0.11154317595840907,-0.005072065598715076
2007,BE,24589,2638,2720,-82,0.10728374476391883,0.11061856927894587,-0.0033348245150270446
2008,BE,27270,3229,3030,199,0.11840850751741841,0.1111111111111111,0.007297396406307297
2009,BE,28583,3220,3315,-95,0.11265437497813385,0.11597802889829618,-0.003323653920162334
2010,BE,29118,3385,3306,79,0.1162511161480871,0.11353801772099732,0.0027130984270897726
2011,BE,31598,3572,3446,126,0.11304512943857206,0.10905753528704348,0.003987594151528578
2012,BE,33457,3855,3982,-127,0.11522252443434856,0.11901844158173178,-0.0037959171473832083
2013,BE,35140,4044,4022,22,0.11508252703471827,0.11445645987478657,0.0006260671599317018
2014,BE,36647,4360,4147,213,0.11897290364832046,0.1131606952820149,0.005812208366305564
2015,BE,37307,4386,4432,-46,0.11756506821776075,0.11879808078912804,-0.0012330125713673036
2016,BE,37858,4426,4721,-295,0.11691056051561097,0.1247028369169,-0.007792276401289027
2017,BE,38309,4650,4762,-112,0.1213813986269545,0.12430499360463598,-0.0029235949776814847
2018,BE,40083,4954,4783,171,0.1235935433974503,0.11932739565401791,0.004266147743432378
2019,BE,40250,4849,4891,-42,0.12047204968944099,0.12151552795031056,-0.0010434782608695651
2020,BE,42689,5211,4937,274,0.12206891705123099,0.11565040174283774,0.006418515308393263
2021,BE,43559,5241,5073,168,0.120319566564889,0.11646272871278036,0.003856837852108634
2022,BE,45313,4964,4656,308,0.10954913600953368,0.10275196963343852,0.0067971663760951605
2023,BE,45448,5553,5293,260,0.12218359443759902,0.11646277063897201,0.005720823798627002
2024,BE,46218,5856,5680,176,0.12670388160456963,0.12289584144705526,0.003808040157514388
2025,BE,48748,6152,6465,-313,0.12620004923278905,0.13262082546976287,-0.006420776236973825
1998,BF,131,0,0,0,0.0,0.0,0.0
1999,BF,92,10,10,0,0.10869565217391304,0.10869565217391304,0.0
2000,BF,117,8,17,-9,0.06837606837606838,0.1452991452991453,-0.07692307692307693
2001,BF,184,16,16,0,0.08695652173913043,0.08695652173913043,0.0
2002,BF,187,17,26,-9,0.09090909090909091,0.13903743315508021,-0.0481283422459893
2003,BF,233,30,30,0,0.12875536480686695,0.12875536480686695,0.0
2004,BF,236,22,24,-2,0.09322033898305085,0.1016949152542373,-0.00847457627118644
2005,BF,287,33,42,-9,0.11498257839721254,0.14634146341463414,-0.0313588850174216
2006,BF,338,42,38,4,0.1242603550295858,0.11242603550295859,0.011834319526627219
2007,BF,455,66,46,20,0.14505494505494507,0.1010989010989011,0.04395604395604396
2008,BF,459,56,55,1,0.12200435729847495,0.11982570806100218,0.002178649237472767
2009,BF,581,74,67,7,0.12736660929432014,0.1153184165232358,0.012048192771084338
2010,BF,550,76,59,17,0.13818181818181818,0.10727272727272727,0.03090909090909091
2011,BF,671,69,69,0,0.10283159463487332,0.10283159463487332,0.0
2012,BF,792,84,85,-1,0.10606060606060606,0.10732323232323232,-0.0012626262626262627
2013,BF,894,94,71,23,0.10514541387024609,0.07941834451901567,0.025727069351230425
2014,BF,1026,117,120,-3,0.11403508771929824,0.11695906432748537,-0.0029239766081871343
2015,BF,1168,120,126,-6,0.10273972602739725,0.10787671232876712,-0.005136986301369863
2016,BF,1425,136,108,28,0.09543859649122807,0.07578947368421053,0.019649122807017545
2017,BF,1481,149,130,19,0.10060769750168805,0.08777852802160702,0.012829169480081027
2018,BF,1726,163,169,-6,0.09443800695249131,0.09791425260718424,-0.0034762456546929316
2019,BF,1840,182,143,39,0.09891304347826087,0.07771739130434782,0.021195652173913043
2020,BF,2102,161,195,-34,0.07659372026641294,0.09276879162702188,-0.016175071360608945
2021,BF,2342,223,190,33,0.09521776259607173,0.08112724167378309,0.014090520922288642
2022,BF,2587,212,179,33,0.08194820255121762,0.06919211441824508,0.012756088132972555
2023,BF,3212,296,240,56,0.0921544209215442,0.074719800747198,0.017434620174346202
2024,BF,3068,279,258,21,0.0909387222946545,0.08409387222946545,0.006844850065189048
2025,BF,3365,310,311,-1,0.09212481426448738,0.0924219910846954,-0.00029717682020802375
1998,BG,2480,0,0,0,0.0,0.0,0.0
1999,BG,2456,139,190,-51,0.056596091205211724,0.07736156351791532,-0.020765472312703582
2000,BG,2483,214,251,-37,0.08618606524365686,0.10108739428111156,-0.014901329037454692
2001,BG,2386,235,314,-79,0.09849119865884325,0.13160100586756077,-0.03310980720871752
2002,BG,2715,249,339,-90,0.09171270718232044,0.12486187845303867,-0.03314917127071823
2003,BG,2831,266,380,-114,0.09395973154362416,0.1342281879194631,-0.040268456375838924
2004,BG,3071,300,368,-68,0.09768804949527841,0.11983067404754151,-0.022142624552263106
2005,BG,3281,365,366,-1,0.11124657116732703,0.11155135629381287,-0.00030478512648582747
2006,BG,3554,352,391,-39,0.09904333145751266,0.11001688238604389,-0.010973550928531233
2007,BG,3819,415,422,-7,0.10866719036396963,0.11050013092432574,-0.001832940560356114
2008,BG,3937,440,489,-49,0.11176022352044704,0.12420624841249682,-0.012446024892049785
2009,BG,4091,435,482,-47,0.10633097042287949,0.1178196040087998,-0.011488633585920312
2010,BG,4352,414,520,-106,0.09512867647058823,0.11948529411764706,-0.024356617647058824
2011,BG,4710,458,482,-24,0.09723991507430998,0.10233545647558387,-0.005095541401273885
2012,BG,4909,451,514,-63,0.09187207170503157,0.10470564269708699,-0.012833570992055409
2013,BG,5419,513,501,12,0.09466691271452297,0.09245248200775051,0.0022144307067724672
2014,BG,6126,579,549,30,0.09451518119490696,0.08961802154750245,0.004897159647404506
2015,BG,6301,599,640,-41,0.09506427551182352,0.10157117917790827,-0.006506903666084749
2016,BG,7061,598,617,-19,0.08469055374592833,0.08738139073785582,-0.002690836991927489
2017,BG,8105,590,598,-8,0.07279457125231338,0.07378161628624307,-0.000987045033929673
2018,BG,8815,645,592,53,0.07317073170731707,0.06715825297787861,0.0060124787294384575
2019,BG,9443,624,660,-36,0.06608069469448269,0.06989304246531823,-0.0038123477708355397
2020,BG,9582,712,759,-47,0.07430599039866416,0.07921102066374452,-0.004905030265080359
2021,BG,10329,745,752,-7,0.07212702100881015,0.07280472456191306,-0.0006777035531029141
2022,BG,11201,760,708,52,0.06785108472457817,0.06320864208552808,0.004642442639050085
2023,BG,11601,889,873,16,0.07663132488578571,0.07525213343677269,0.001379191449013016
2024,BG,11753,993,945,48,0.08448906662128818,0.08040500297796307,0.004084063643325108
2025,BG,13462,1500,950,550,0.1114247511513891,0.07056900906254643,0.04085574208884267
1998,BH,92,0,0,0,0.0,0.0,0.0
1999,BH,93,9,6,3,0.0967741935483871,0.06451612903225806,0.03225806451612903
2000,BH,99,5,8,-3,0.050505050505050504,0.08080808080808081,-0.030303030303030304
2001,BH,109,10,15,-5,0.09174311926605505,0.13761467889908258,-0.045871559633027525
2002,BH,137,17,14,3,0.12408759124087591,0.10218978102189781,0.021897810218978103
2003,BH,143,19,17,2,0.13286713286713286,0.11888111888111888,0.013986013986013986
2004,BH,159,25,21,4,0.15723270440251572,0.1320754716981132,0.025157232704402517
2005,BH,173,31,23,8,0.1791907514450867,0.1329479768786127,0.046242774566473986
2006,BH,188,30,22,8,0.1595744680851064,0.11702127659574468,0.0425531914893617
2007,BH,259,36,32,4,0.138996138996139,0.12355212355212356,0.015444015444015444
2008,BH,182,26,29,-3,0.14285714285714285,0.15934065934065933,-0.016483516483516484
2009,BH,207,36,35,1,0.17391304347826086,0.16908212560386474,0.004830917874396135
2010,BH,267,51,25,26,0.19101123595505617,0.09363295880149813,0.09737827715355805
2011,BH,320,59,36,23,0.184375,0.1125,0.071875
2012,BH,315,58,45,13,0.18412698412698414,0.14285714285714285,0.04126984126984127
2013,BH,444,66,47,19,0.14864864864864866,0.10585585585585586,0.04279279279279279
2014,BH,426,52,64,-12,0.12206572769953052,0.15023474178403756,-0.028169014084507043
2015,BH,507,81,66,15,0.15976331360946747,0.1301775147928994,0.029585798816568046
2016,BH,627,92,60,32,0.1467304625199362,0.09569377990430622,0.051036682615629984
2017,BH,654,96,95,1,0.14678899082568808,0.1452599388379205,0.0015290519877675841
2018,BH,867,122,76,46,0.14071510957324107,0.08765859284890427,0.0530565167243368
2019,BH,1081,132,104,28,0.12210915818686402,0.09620721554116558,0.025901942645698426
2020,BH,1272,170,126,44,0.13364779874213836,0.09905660377358491,0.03459119496855346
2021,BH,1757,215,135,80,0.12236767216846899,0.07683551508252703,0.045532157085941945
2022,BH,1876,166,153,13,0.08848614072494669,0.08155650319829424,0.006929637526652452
2023,BH,1952,254,236,18,0.13012295081967212,0.12090163934426229,0.009221311475409836
2024,BH,2347,301,309,-8,0.12824882829143588,0.13165743502343416,-0.0034086067319982955
2025,BH,2450,377,353,24,0.15387755102040818,0.14408163265306123,0.009795918367346938
1998,BI,32,0,0,0,0.0,0.0,0.0
1999,BI,37,2,13,-11,0.05405405405405406,0.35135135135135137,-0.2972972972972973
2000,BI,34,7,5,2,0.20588235294117646,0.14705882352941177,0.058823529411764705
2001,BI,41,17,14,3,0.4146341463414634,0.34146341463414637,0.07317073170731707
2002,BI,53,15,14,1,0.2830188679245283,0.2641509433962264,0.018867924528301886
2003,BI,59,18,19,-1,0.3050847457627119,0.3220338983050847,-0.01694915254237288
2004,BI,66,12,18,-6,0.18181818181818182,0.2727272727272727,-0.09090909090909091
2005,BI,42,11,17,-6,0.2619047619047619,0.40476190476190477,-0.14285714285714285
2006,BI,51,18,22,-4,0.35294117647058826,0.43137254901960786,-0.0784313725490196
2007,BI,60,17,25,-8,0.2833333333333333,0.4166666666666667,-0.13333333333333333
2008,BI,64,23,26,-3,0.359375,0.40625,-0.046875
2009,BI,68,33,26,7,0.4852941176470588,0.38235294117647056,0.10294117647058823
2010,BI,93,39,33,6,0.41935483870967744,0.3548387096774194,0.06451612903225806
2011,BI,100,25,39,-14,0.25,0.39,-0.14
2012,BI,120,34,40,-6,0.2833333333333333,0.3333333333333333,-0.05
2013,BI,128,40,39,1,0.3125,0.3046875,0.0078125
2014,BI,158,42,35,7,0.26582278481012656,0.22151898734177214,0.04430379746835443
2015,BI,159,55,47,8,0.34591194968553457,0.29559748427672955,0.050314465408805034
2016,BI,153,42,56,-14,0.27450980392156865,0.3660130718954248,-0.0915032679738562
2017,BI,176,50,61,-11,0.2840909090909091,0.3465909090909091,-0.0625
2018,BI,199,61,69,-8,0.3065326633165829,0.34673366834170855,-0.04020100502512563
2019,BI,267,78,61,17,0.29213483146067415,0.22846441947565543,0.06367041198501873
2020,BI,365,91,90,1,0.2493150684931507,0.2465753424657534,0.0027397260273972603
2021,BI,398,94,84,10,0.23618090452261306,0.21105527638190955,0.02512562814070352
2022,BI,429,101,100,1,0.23543123543123542,0.2331002331002331,0.002331002331002331
2023,BI,441,86,96,-10,0.19501133786848074,0.21768707482993196,-0.022675736961451247
2024,BI,485,103,87,16,0.21237113402061855,0.17938144329896907,0.032989690721649485
2025,BI,554,128,112,16,0.23104693140794225,0.20216606498194944,0.02888086642599278
1998,BJ,67,0,0,0,0.0,0.0,0.0
1999,BJ,65,11,6,5,0.16923076923076924,0.09230769230769231,0.07692307692307693
2000,BJ,102,7,12,-5,0.06862745098039216,0.11764705882352941,-0.049019607843137254
2001,BJ,138,26,15,11,0.18840579710144928,0.10869565217391304,0.07971014492753623
2002,BJ,161,30,28,2,0.18633540372670807,0.17391304347826086,0.012422360248447204
2003,BJ,173,38,34,4,0.21965317919075145,0.19653179190751446,0.023121387283236993
2004,BJ,248,49,44,5,0.1975806451612903,0.1774193548387097,0.020161290322580645
2005,BJ,227,37,49,-12,0.16299559471365638,0.21585903083700442,-0.05286343612334802
2006,BJ,252,60,59,1,0.23809523809523808,0.23412698412698413,0.003968253968253968
2007,BJ,325,64,68,-4,0.19692307692307692,0.20923076923076922,-0.012307692307692308
2008,BJ,319,78,70,8,0.2445141065830721,0.219435736677116,0.025078369905956112
2009,BJ,454,104,79,25,0.2290748898678414,0.17400881057268722,0.05506607929515418
2010,BJ,392,76,116,-40,0.19387755102040816,0.29591836734693877,-0.10204081632653061
2011,BJ,593,94,91,3,0.15851602023608768,0.15345699831365936,0.00505902192242833
2012,BJ,844,135,127,8,0.15995260663507108,0.1504739336492891,0.009478672985781991
2013,BJ,997,166,103,63,0.16649949849548645,0.10330992978936811,0.06318956870611836
2014,BJ,1029,132,147,-15,0.1282798833819242,0.14285714285714285,-0.014577259475218658
2015,BJ,1282,177,165,12,0.13806552262090482,0.12870514820592824,0.0093603744149766
2016,BJ,1450,199,175,24,0.13724137931034483,0.1206896551724138,0.016551724137931035
2017,BJ,1849,253,180,73,0.1368307193077339,0.09734991887506761,0.03948080043266631
2018,BJ,1968,228,254,-26,0.11585365853658537,0.1290650406504065,-0.013211382113821139
2019,BJ,2224,269,202,67,0.12095323741007194,0.09082733812949641,0.03012589928057554
2020,BJ,2421,255,299,-44,0.10532837670384139,0.1235026848409748,-0.018174308137133416
2021,BJ,2682,295,285,10,0.10999254287844892,0.10626398210290827,0.0037285607755406414
2022,BJ,2938,275,283,-8,0.09360108917631041,0.09632402995234854,-0.002722940776038121
2023,BJ,3018,333,290,43,0.110337972166998,0.09609012591119948,0.014247846255798542
2024,BJ,2534,241,265,-24,0.09510655090765588,0.10457774269928966,-0.009471191791633781
2025,BJ,2499,245,311,-66,0.09803921568627451,0.12444977991196479,-0.026410564225690276
1998,BM,8,0,0,0,0.0,0.0,0.0
1999,BM,8,1,0,1,0.125,0.0,0.125
2000,BM,17,1,1,0,0.058823529411764705,0.058823529411764705,0.0
2001,BM,29,6,3,3,0.20689655172413793,0.10344827586206896,0.10344827586206896
2002,BM,15,3,10,-7,0.2,0.6666666666666666,-0.4666666666666667
2003,BM,22,8,6,2,0.36363636363636365,0.2727272727272727,0.09090909090909091
2004,BM,21,9,8,1,0.42857142857142855,0.38095238095238093,0.047619047619047616
2005,BM,17,4,7,-3,0.23529411764705882,0.4117647058823529,-0.17647058823529413
2006,BM,16,5,6,-1,0.3125,0.375,-0.0625
2007,BM,30,12,10,2,0.4,0.3333333333333333,0.06666666666666667
2008,BM,40,12,6,6,0.3,0.15,0.15
2009,BM,27,8,11,-3,0.2962962962962963,0.4074074074074074,-0.1111111111111111
2010,BM,29,10,9,1,0.3448275862068966,0.3103448275862069,0.034482758620689655
2011,BM,24,6,11,-5,0.25,0.4583333333333333,-0.20833333333333334
2012,BM,32,9,9,0,0.28125,0.28125,0.0
2013,BM,38,12,10,2,0.3157894736842105,0.2631578947368421,0.05263157894736842
2014,BM,21,5,10,-5,0.23809523809523808,0.47619047619047616,-0.23809523809523808
2015,BM,33,7,8,-1,0.21212121212121213,0.24242424242424243,-0.030303030303030304
2016,BM,29,4,14,-10,0.13793103448275862,0.4827586206896552,-0.3448275862068966
2017,BM,33,9,11,-2,0.2727272727272727,0.3333333333333333,-0.06060606060606061
2018,BM,17,5,6,-1,0.29411764705882354,0.35294117647058826,-0.058823529411764705
2019,BM,31,8,13,-5,0.25806451612903225,0.41935483870967744,-0.16129032258064516
2020,BM,31,8,5,3,0.25806451612903225,0.16129032258064516,0.0967741935483871
2021,BM,42,14,9,5,0.3333333333333333,0.21428571428571427,0.11904761904761904
2022,BM,52,6,7,-1,0.11538461538461539,0.1346153846153846,-0.019230769230769232
2023,BM,41,12,17,-5,0.2926829268292683,0.4146341463414634,-0.12195121951219512
2024,BM,48,9,12,-3,0.1875,0.25,-0.0625
2025,BM,62,9,11,-2,0.14516129032258066,0.1774193548387097,-0.03225806451612903
1998,BN,50,0,0,0,0.0,0.0,0.0
1999,BN,73,9,3,6,0.1232876712328767,0.0410958904109589,0.0821917808219178
2000,BN,56,12,5,7,0.21428571428571427,0.08928571428571429,0.125
2001,BN,45,11,13,-2,0.24444444444444444,0.28888888888888886,-0.044444444444444446
2002,BN,73,17,11,6,0.2328767123287671,0.1506849315068493,0.0821917808219178
2003,BN,73,16,19,-3,0.2191780821917808,0.2602739726027397,-0.0410958904109589
2004,BN,64,17,8,9,0.265625,0.125,0.140625
2005,BN,78,14,19,-5,0.1794871794871795,0.24358974358974358,-0.0641025641025641
2006,BN,85,15,19,-4,0.17647058823529413,0.2235294117647059,-0.047058823529411764
2007,BN,106,26,18,8,0.24528301886792453,0.16981132075471697,0.07547169811320754
2008,BN,126,30,22,8,0.23809523809523808,0.1746031746031746,0.06349206349206349
2009,BN,101,22,22,0,0.21782178217821782,0.21782178217821782,0.0
2010,BN,122,24,32,-8,0.19672131147540983,0.26229508196721313,-0.06557377049180328
2011,BN,147,31,39,-8,0.2108843537414966,0.2653061224489796,-0.05442176870748299
2012,BN,184,49,30,19,0.266304347826087,0.16304347826086957,0.10326086956521739
2013,BN,247,48,34,14,0.19433198380566802,0.13765182186234817,0.05668016194331984
2014,BN,328,60,49,11,0.18292682926829268,0.14939024390243902,0.03353658536585366
2015,BN,369,66,48,18,0.17886178861788618,0.13008130081300814,0.04878048780487805
2016,BN,462,94,42,52,0.20346320346320346,0.09090909090909091,0.11255411255411256
2017,BN,513,79,70,9,0.1539961013645224,0.1364522417153996,0.017543859649122806
2018,BN,625,90,77,13,0.144,0.1232,0.0208
2019,BN,611,83,86,-3,0.13584288052373159,0.1407528641571195,-0.004909983633387889
2020,BN,743,96,76,20,0.12920592193808883,0.10228802153432032,0.026917900403768506
2021,BN,928,91,74,17,0.0980603448275862,0.07974137931034483,0.018318965517241378
2022,BN,979,99,66,33,0.10112359550561797,0.06741573033707865,0.033707865168539325
2023,BN,1172,126,90,36,0.1075085324232082,0.07679180887372014,0.030716723549488054
2024,BN,1117,133,103,30,0.11906893464637422,0.09221128021486123,0.02685765443151298
2025,BN,1217,141,139,2,0.11585866885784717,0.114215283483977,0.0016433853738701725
1998,BO,246,0,0,0,0.0,0.0,0.0
1999,BO,295,14,16,-2,0.04745762711864407,0.05423728813559322,-0.006779661016949152
2000,BO,330,32,51,-19,0.09696969696969697,0.15454545454545454,-0.05757575757575758
2001,BO,376,52,51,1,0.13829787234042554,0.1356382978723404,0.0026595744680851063
2002,BO,340,58,66,-8,0.17058823529411765,0.19411764705882353,-0.023529411764705882
2003,BO,413,67,75,-8,0.162227602905569,0.18159806295399517,-0.01937046004842615
2004,BO,466,89,92,-3,0.19098712446351931,0.19742489270386265,-0.006437768240343348
2005,BO,522,101,95,6,0.19348659003831417,0.18199233716475097,0.011494252873563218
2006,BO,686,135,131,4,0.1967930029154519,0.19096209912536444,0.0058309037900874635
2007,BO,747,124,170,-46,0.16599732262382866,0.22757697456492637,-0.06157965194109773
2008,BO,717,154,185,-31,0.21478382147838215,0.2580195258019526,-0.043235704323570434
2009,BO,982,203,196,7,0.20672097759674135,0.19959266802443992,0.007128309572301426
2010,BO,1004,213,202,11,0.21215139442231076,0.20119521912350596,0.010956175298804782
2011,BO,1052,201,258,-57,0.19106463878326996,0.24524714828897337,-0.05418250950570342
2012,BO,1055,247,256,-9,0.23412322274881517,0.24265402843601896,-0.008530805687203791
2013,BO,1219,287,263,24,0.23543888433141918,0.21575061525840852,0.019688269073010665
2014,BO,1423,279,273,6,0.1960646521433591,0.19184820801124386,0.004216444132115249
2015,BO,1541,352,282,70,0.22842310188189488,0.18299805321219986,0.045425048669695
2016,BO,1678,360,354,6,0.21454112038140644,0.21096543504171633,0.003575685339690107
2017,BO,1781,367,375,-8,0.20606400898371702,0.21055586749017405,-0.004491858506457047
2018,BO,1838,405,360,45,0.22034820457018497,0.19586507072905332,0.024483133841131665
2019,BO,1931,414,395,19,0.21439668565510098,0.20455722423614708,0.00983946141895391
2020,BO,2186,427,486,-59,0.19533394327538883,0.222323879231473,-0.026989935956084173
2021,BO,2170,454,488,-34,0.20921658986175115,0.2248847926267281,-0.01566820276497696
2022,BO,2170,382,417,-35,0.17603686635944701,0.19216589861751152,-0.016129032258064516
2023,BO,2246,481,508,-27,0.21415850400712377,0.22617987533392697,-0.012021371326803205
2024,BO,2481,457,478,-21,0.1841999193873438,0.19266424828698106,-0.008464328899637243
2025,BO,2875,562,569,-7,0.1954782608695652,0.19791304347826086,-0.002434782608695652
2006,BQ,1,0,0,0,0.0,0.0,0.0
2010,BQ,1,1,0,1,1.0,0.0,1.0
2012,BQ,1,0,0,0,0.0,0.0,0.0
2013,BQ,2,1,0,1,0.5,0.0,0.5
2014,BQ,1,0,0,0,0.0,0.0,0.0
2019,BQ,2,1,0,1,0.5,0.0,0.5
2020,BQ,1,1,1,0,1.0,1.0,0.0
2022,BQ,1,0,0,0,0.0,0.0,0.0
2023,BQ,1,0,0,0,0.0,0.0,0.0
2024,BQ,2,0,1,-1,0.0,0.5,-0.5
2025,BQ,9,2,1,1,0.2222222222222222,0.1111111111111111,0.1111111111111111
1998,BR,24062,0,0,0,0.0,0.0,0.0
1999,BR,29052,1037,875,162,0.035694616549635134,0.030118408371196476,0.0055762081784386614
2000,BR,33165,1598,1385,213,0.048183325795266095,0.04176089250716116,0.00642243328810493
2001,BR,37676,2023,1865,158,0.05369465973033231,0.049501008599639025,0.00419365113069328
2002,BR,45847,2530,2376,154,0.055183545270137635,0.051824546862390124,0.003358998407747508
2003,BR,51986,2929,2876,53,0.05634209210171969,0.055322586850305853,0.0010195052514138422
2004,BR,60407,3398,3141,257,0.056251758902113994,0.05199728508285464,0.004254473819259357
2005,BR,68203,3664,3824,-160,0.05372197703913317,0.056067914901104056,-0.002345937861970881
2006,BR,79201,4593,4352,241,0.0579916920240906,0.05494880115150061,0.0030428908725899924
2007,BR,92610,5216,4954,262,0.05632221142425224,0.053493143289061656,0.002829068135190584
2008,BR,104012,5571,5966,-395,0.05356112756220436,0.057358766296196594,-0.0037976387339922315
2009,BR,118938,6685,6364,321,0.05620575425852125,0.05350686912509038,0.002698885133430863
2010,BR,131031,7065,6741,324,0.05391853836115118,0.0514458410605124,0.00247269730063878
2011,BR,149821,8064,7118,946,0.05382423024809606,0.04751002863417011,0.006314201613925952
2012,BR,176341,9087,8026,1061,0.051530840814104494,0.04551408917948747,0.00601675163461702
2013,BR,194270,9733,8312,1421,0.05010037576568693,0.04278581355844958,0.00731456220723735
2014,BR,220368,10803,9920,883,0.04902254410803746,0.04501561025194221,0.004006933856095259
2015,BR,246659,12594,10465,2129,0.05105834370527733,0.04242699435252717,0.008631349352750154
2016,BR,268146,12673,12736,-63,0.0472615664600628,0.047496513093613184,-0.00023494663355037927
2017,BR,297024,14300,13689,611,0.048144257703081235,0.04608718487394958,0.0020570728291316527
2018,BR,319060,14753,14237,516,0.04623895192126873,0.044621701247414276,0.0016172506738544475
2019,BR,340438,15167,16051,-884,0.04455143080384681,0.04714808570136119,-0.0025966548975143787
2020,BR,382356,16737,17028,-291,0.04377334212095534,0.044534412955465584,-0.000761070834510247
2021,BR,385949,15992,18373,-2381,0.041435526455567966,0.04760473534067973,-0.006169208885111763
2022,BR,356486,14037,17958,-3921,0.039376020376676785,0.05037504979157667,-0.010999029414899884
2023,BR,377140,19459,23703,-4244,0.0515962242138198,0.06284933976772551,-0.011253115553905712
2024,BR,377941,23037,22158,879,0.060953958422081754,0.05862819858126004,0.0023257598408217154
2025,BR,338921,22384,21850,534,0.0660448895170261,0.06446930110556738,0.0015755884114587175
1998,BS,15,0,0,0,0.0,0.0,0.0
1999,BS,8,0,0,0,0.0,0.0,0.0
2000,BS,10,2,3,-1,0.2,0.3,-0.1
2001,BS,12,3,0,3,0.25,0.0,0.25
2002,BS,15,2,4,-2,0.13333333333333333,0.26666666666666666,-0.13333333333333333
2003,BS,15,8,7,1,0.5333333333333333,0.4666666666666667,0.06666666666666667
2004,BS,10,3,5,-2,0.3,0.5,-0.2
2005,BS,14,3,4,-1,0.21428571428571427,0.2857142857142857,-0.07142857142857142
2006,BS,25,9,2,7,0.36,0.08,0.28
2007,BS,30,7,6,1,0.23333333333333334,0.2,0.03333333333333333
2008,BS,77,11,5,6,0.14285714285714285,0.06493506493506493,0.07792207792207792
2009,BS,44,9,12,-3,0.20454545454545456,0.2727272727272727,-0.06818181818181818
2010,BS,48,16,6,10,0.3333333333333333,0.125,0.20833333333333334
2011,BS,47,13,19,-6,0.2765957446808511,0.40425531914893614,-0.1276595744680851
2012,BS,53,14,15,-1,0.2641509433962264,0.2830188679245283,-0.018867924528301886
2013,BS,64,24,9,15,0.375,0.140625,0.234375
2014,BS,103,30,19,11,0.2912621359223301,0.18446601941747573,0.10679611650485436
2015,BS,85,25,14,11,0.29411764705882354,0.16470588235294117,0.12941176470588237
2016,BS,64,23,29,-6,0.359375,0.453125,-0.09375
2017,BS,99,32,22,10,0.32323232323232326,0.2222222222222222,0.10101010101010101
2018,BS,83,22,26,-4,0.26506024096385544,0.3132530120481928,-0.04819277108433735
2019,BS,75,22,21,1,0.29333333333333333,0.28,0.013333333333333334
2020,BS,102,32,35,-3,0.3137254901960784,0.3431372549019608,-0.029411764705882353
2021,BS,122,29,15,14,0.23770491803278687,0.12295081967213115,0.11475409836065574
2022,BS,116,32,22,10,0.27586206896551724,0.1896551724137931,0.08620689655172414
2023,BS,99,23,29,-6,0.23232323232323232,0.29292929292929293,-0.06060606060606061
2024,BS,85,20,29,-9,0.23529411764705882,0.3411764705882353,-0.10588235294117647
2025,BS,118,30,27,3,0.2542372881355932,0.2288135593220339,0.025423728813559324
1998,BT,2,0,0,0,0.0,0.0,0.0
1999,BT,1,0,0,0,0.0,0.0,0.0
2000,BT,3,0,0,0,0.0,0.0,0.0
2001,BT,1,0,1,-1,0.0,1.0,-1.0
2002,BT,11,2,0,2,0.18181818181818182,0.0,0.18181818181818182
2003,BT,14,1,0,1,0.07142857142857142,0.0,0.07142857142857142
2004,BT,5,0,1,-1,0.0,0.2,-0.2
2005,BT,14,1,1,0,0.07142857142857142,0.07142857142857142,0.0
2006,BT,27,1,0,1,0.037037037037037035,0.0,0.037037037037037035
2007,BT,21,4,3,1,0.19047619047619047,0.14285714285714285,0.047619047619047616
2008,BT,15,1,2,-1,0.06666666666666667,0.13333333333333333,-0.06666666666666667
2009,BT,30,9,6,3,0.3,0.2,0.1
2010,BT,33,6,5,1,0.18181818181818182,0.15151515151515152,0.030303030303030304
2011,BT,39,4,4,0,0.10256410256410256,0.10256410256410256,0.0
2012,BT,24,4,8,-4,0.16666666666666666,0.3333333333333333,-0.16666666666666666
2013,BT,95,15,2,13,0.15789473684210525,0.021052631578947368,0.1368421052631579
2014,BT,71,16,8,8,0.22535211267605634,0.11267605633802817,0.11267605633802817
2015,BT,161,16,14,2,0.09937888198757763,0.08695652173913043,0.012422360248447204
2016,BT,139,25,21,4,0.17985611510791366,0.1510791366906475,0.02877697841726619
2017,BT,195,21,26,-5,0.1076923076923077,0.13333333333333333,-0.02564102564102564
2018,BT,206,39,31,8,0.18932038834951456,0.15048543689320387,0.038834951456310676
2019,BT,271,41,24,17,0.15129151291512916,0.08856088560885608,0.06273062730627306
2020,BT,349,51,51,0,0.14613180515759314,0.14613180515759314,0.0
2021,BT,605,70,46,24,0.11570247933884298,0.07603305785123966,0.03966942148760331
2022,BT,527,46,59,-13,0.0872865275142315,0.11195445920303605,-0.024667931688804556
2023,BT,448,65,76,-11,0.14508928571428573,0.16964285714285715,-0.024553571428571428
2024,BT,394,59,61,-2,0.14974619289340102,0.1548223350253807,-0.005076142131979695
2025,BT,479,60,79,-19,0.12526096033402923,0.1649269311064718,-0.03966597077244259
1998,BW,121,0,0,0,0.0,0.0,0.0
1999,BW,116,8,7,1,0.06896551724137931,0.0603448275862069,0.008620689655172414
2000,BW,196,14,13,1,0.07142857142857142,0.0663265306122449,0.00510204081632653
2001,BW,171,21,12,9,0.12280701754385964,0.07017543859649122,0.05263157894736842
2002,BW,226,29,13,16,0.12831858407079647,0.05752212389380531,0.07079646017699115
2003,BW,226,23,32,-9,0.10176991150442478,0.1415929203539823,-0.03982300884955752
2004,BW,262,23,23,0,0.08778625954198473,0.08778625954198473,0.0
2005,BW,293,32,41,-9,0.10921501706484642,0.13993174061433447,-0.030716723549488054
2006,BW,330,33,33,0,0.1,0.1,0.0
2007,BW,369,58,39,19,0.15718157181571815,0.10569105691056911,0.051490514905149054
2008,BW,321,42,56,-14,0.1308411214953271,0.17445482866043613,-0.04361370716510903
2009,BW,376,69,56,13,0.18351063829787234,0.14893617021276595,0.034574468085106384
2010,BW,364,52,56,-4,0.14285714285714285,0.15384615384615385,-0.01098901098901099
2011,BW,455,56,60,-4,0.12307692307692308,0.13186813186813187,-0.008791208791208791
2012,BW,480,62,52,10,0.12916666666666668,0.10833333333333334,0.020833333333333332
2013,BW,600,74,74,0,0.12333333333333334,0.12333333333333334,0.0
2014,BW,656,73,74,-1,0.11128048780487805,0.11280487804878049,-0.001524390243902439
2015,BW,633,70,76,-6,0.11058451816745656,0.12006319115323855,-0.009478672985781991
2016,BW,811,105,68,37,0.12946979038224415,0.08384710234278668,0.04562268803945746
2017,BW,895,120,67,53,0.1340782122905028,0.07486033519553073,0.05921787709497207
2018,BW,939,112,87,25,0.11927582534611289,0.0926517571884984,0.026624068157614485
2019,BW,984,91,102,-11,0.09247967479674797,0.10365853658536585,-0.011178861788617886
2020,BW,1067,125,112,13,0.11715089034676664,0.1049671977507029,0.01218369259606373
2021,BW,1164,118,111,7,0.1013745704467354,0.09536082474226804,0.006013745704467354
2022,BW,1206,117,103,14,0.09701492537313433,0.08540630182421227,0.011608623548922056
2023,BW,1325,113,126,-13,0.08528301886792453,0.09509433962264151,-0.009811320754716982
2024,BW,1390,122,132,-10,0.08776978417266187,0.09496402877697842,-0.007194244604316547
2025,BW,1477,173,150,23,0.11712931618144888,0.1015572105619499,0.015572105619498984
1998,BY,1234,0,0,0,0.0,0.0,0.0
1999,BY,1312,54,54,0,0.041158536585365856,0.041158536585365856,0.0
2000,BY,1689,74,98,-24,0.04381290704558911,0.05802249851983422,-0.014209591474245116
2001,BY,1760,94,129,-35,0.053409090909090906,0.07329545454545454,-0.019886363636363636
2002,BY,2022,122,142,-20,0.06033630069238378,0.0702274975272008,-0.009891196834817012
2003,BY,2042,101,158,-57,0.0494613124387855,0.07737512242899118,-0.02791380999020568
2004,BY,1955,106,156,-50,0.05421994884910486,0.07979539641943734,-0.02557544757033248
2005,BY,2229,150,157,-7,0.06729475100942127,0.07043517272319426,-0.0031404217137729925
2006,BY,2400,145,184,-39,0.06041666666666667,0.07666666666666666,-0.01625
2007,BY,2587,164,204,-40,0.06339389253962119,0.07885581754928489,-0.015461925009663703
2008,BY,2392,152,222,-70,0.06354515050167224,0.09280936454849498,-0.029264214046822744
2009,BY,2558,206,212,-6,0.08053166536356529,0.08287724784988272,-0.0023455824863174357
2010,BY,2477,169,204,-35,0.0682276947920872,0.08235769075494549,-0.014129995962858296
2011,BY,2723,196,220,-24,0.07197943444730077,0.08079324274697025,-0.008813808299669483
2012,BY,2841,210,239,-29,0.07391763463569166,0.08412530799014431,-0.010207673354452657
2013,BY,3100,221,238,-17,0.07129032258064516,0.07677419354838709,-0.005483870967741935
2014,BY,3635,258,319,-61,0.07097661623108666,0.08775790921595598,-0.016781292984869325
2015,BY,3757,259,315,-56,0.06893798243279212,0.08384349214799042,-0.014905509715198297
2016,BY,3760,260,319,-59,0.06914893617021277,0.0848404255319149,-0.015691489361702126
2017,BY,4391,332,318,14,0.07560920063766796,0.0724208608517422,0.0031883397859257573
2018,BY,4753,283,416,-133,0.05954134231011993,0.08752366926151904,-0.027982326951399118
2019,BY,5958,415,425,-10,0.06965424639140651,0.07133266196710306,-0.0016784155756965425
2020,BY,6171,373,511,-138,0.06044401231567007,0.08280667638956409,-0.02236266407389402
2021,BY,7285,444,486,-42,0.06094715168153741,0.0667124227865477,-0.005765271105010295
2022,BY,6967,431,417,14,0.06186306875269126,0.05985359552174537,0.0020094732309458877
2023,BY,5732,454,586,-132,0.07920446615491974,0.1022330774598744,-0.023028611304954642
2024,BY,5292,512,556,-44,0.09674981103552532,0.10506424792139078,-0.008314436885865457
2025,BY,5904,595,520,75,0.10077913279132791,0.08807588075880758,0.012703252032520325
1998,BZ,24,0,0,0,0.0,0.0,0.0
1999,BZ,20,6,5,1,0.3,0.25,0.05
2000,BZ,23,4,10,-6,0.17391304347826086,0.43478260869565216,-0.2608695652173913
2001,BZ,28,16,8,8,0.5714285714285714,0.2857142857142857,0.2857142857142857
2002,BZ,23,11,16,-5,0.4782608695652174,0.6956521739130435,-0.21739130434782608
2003,BZ,22,9,15,-6,0.4090909090909091,0.6818181818181818,-0.2727272727272727
2004,BZ,28,12,14,-2,0.42857142857142855,0.5,-0.07142857142857142
2005,BZ,32,15,10,5,0.46875,0.3125,0.15625
2006,BZ,24,10,18,-8,0.4166666666666667,0.75,-0.3333333333333333
2007,BZ,30,12,14,-2,0.4,0.4666666666666667,-0.06666666666666667
2008,BZ,23,7,17,-10,0.30434782608695654,0.7391304347826086,-0.43478260869565216
2009,BZ,24,8,20,-12,0.3333333333333333,0.8333333333333334,-0.5
2010,BZ,34,13,9,4,0.38235294117647056,0.2647058823529412,0.11764705882352941
2011,BZ,20,5,12,-7,0.25,0.6,-0.35
2012,BZ,22,5,12,-7,0.22727272727272727,0.5454545454545454,-0.3181818181818182
2013,BZ,35,11,14,-3,0.3142857142857143,0.4,-0.08571428571428572
2014,BZ,15,6,14,-8,0.4,0.9333333333333333,-0.5333333333333333
2015,BZ,31,10,10,0,0.3225806451612903,0.3225806451612903,0.0
2016,BZ,23,6,7,-1,0.2608695652173913,0.30434782608695654,-0.043478260869565216
2017,BZ,46,18,4,14,0.391304347826087,0.08695652173913043,0.30434782608695654
2018,BZ,44,11,9,2,0.25,0.20454545454545456,0.045454545454545456
2019,BZ,84,21,7,14,0.25,0.08333333333333333,0.16666666666666666
2020,BZ,102,16,17,-1,0.1568627450980392,0.16666666666666666,-0.00980392156862745
2021,BZ,74,17,19,-2,0.22972972972972974,0.25675675675675674,-0.02702702702702703
2022,BZ,75,9,10,-1,0.12,0.13333333333333333,-0.013333333333333334
2023,BZ,96,25,19,6,0.2604166666666667,0.19791666666666666,0.0625
2024,BZ,82,18,20,-2,0.21951219512195122,0.24390243902439024,-0.024390243902439025
2025,BZ,128,30,19,11,0.234375,0.1484375,0.0859375
1998,CA,48367,0,0,0,0.0,0.0,0.0
1999,CA,48567,3240,3472,-232,0.06671196491444809,0.07148887104412462,-0.004776906129676529
2000,CA,50638,4684,5054,-370,0.09249970377977014,0.09980646944982029,-0.00730676567005016
2001,CA,51430,5633,5844,-211,0.10952751312463542,0.11363017693952945,-0.004102663814894031
2002,CA,63809,7206,7268,-62,0.11293077778996694,0.11390242755724114,-0.000971649767274209
2003,CA,64841,8138,7881,257,0.12550700945389492,0.12154346786755293,0.003963541586341975
2004,CA,68833,8947,8631,316,0.12998125898914764,0.12539043772609068,0.004590821263056964
2005,CA,76365,10040,9897,143,0.1314738427289989,0.12960125712040857,0.0018725856085903228
2006,CA,82172,11036,10931,105,0.13430365574648298,0.13302584822080515,0.0012778075256778465
2007,CA,85588,11172,11582,-410,0.13053231761461886,0.135322708790952,-0.004790391176333131
2008,CA,91539,12151,12458,-307,0.13274123597592283,0.13609499776051737,-0.0033537617845945445
2009,CA,97043,12998,13035,-37,0.13394062425934894,0.13432189853982254,-0.0003812742804736045
2010,CA,100296,13157,13788,-631,0.13118170216160166,0.13747307968413497,-0.006291377522533301
2011,CA,107041,13804,14311,-507,0.12895993124130006,0.1336964340766622,-0.004736502835362151
2012,CA,112164,14455,15006,-551,0.12887379194750545,0.13378624157483684,-0.0049124496273314075
2013,CA,115728,15105,15872,-767,0.13052156781418497,0.13714917738144616,-0.006627609567261164
2014,CA,120325,15881,16483,-602,0.13198420943278621,0.13698732599210472,-0.005003116559318513
2015,CA,124130,16011,17043,-1032,0.12898574075565938,0.1372996052525578,-0.008313864496898414
2016,CA,127186,16415,17024,-609,0.12906294717972103,0.13385121003884076,-0.004788262859119714
2017,CA,131125,17030,17756,-726,0.12987607244995233,0.13541277407054336,-0.005536701620591039
2018,CA,138299,17862,18027,-165,0.12915494689043305,0.13034801408542362,-0.001193067194990564
2019,CA,143003,18559,18976,-417,0.12978049411550807,0.13269651685628972,-0.002916022740781662
2020,CA,150274,19458,19762,-304,0.12948347684895592,0.13150644822124918,-0.0020229713722932775
2021,CA,162524,19716,19639,77,0.12131131402131377,0.12083753784056508,0.0004737761807486894
2022,CA,162906,18371,18129,242,0.11277055479847274,0.11128503554196899,0.0014855192565037506
2023,CA,162556,21196,22180,-984,0.13039198799183052,0.1364452865474052,-0.006053298555574694
2024,CA,167418,22244,23778,-1534,0.13286504437993527,0.14202773895280077,-0.009162694572865521
2025,CA,172077,23418,25365,-1947,0.1360902386722223,0.14740494081138095,-0.011314702139158632
1998,CD,49,0,0,0,0.0,0.0,0.0
1999,CD,45,0,0,0,0.0,0.0,0.0
2000,CD,83,7,5,2,0.08433734939759036,0.060240963855421686,0.024096385542168676
2001,CD,74,4,6,-2,0.05405405405405406,0.08108108108108109,-0.02702702702702703
2002,CD,48,3,6,-3,0.0625,0.125,-0.0625
2003,CD,100,8,7,1,0.08,0.07,0.01
2004,CD,99,12,17,-5,0.12121212121212122,0.1717171717171717,-0.050505050505050504
2005,CD,104,3,13,-10,0.028846153846153848,0.125,-0.09615384615384616
2006,CD,154,9,8,1,0.05844155844155844,0.05194805194805195,0.006493506493506494
2007,CD,194,21,10,11,0.10824742268041238,0.05154639175257732,0.05670103092783505
2008,CD,202,14,13,1,0.06930693069306931,0.06435643564356436,0.0049504950495049506
2009,CD,217,31,23,8,0.14285714285714285,0.10599078341013825,0.03686635944700461
2010,CD,298,26,31,-5,0.087248322147651,0.1040268456375839,-0.016778523489932886
2011,CD,300,29,26,3,0.09666666666666666,0.08666666666666667,0.01
2012,CD,480,47,28,19,0.09791666666666667,0.058333333333333334,0.03958333333333333
2013,CD,646,48,36,12,0.07430340557275542,0.05572755417956656,0.018575851393188854
2014,CD,929,68,35,33,0.07319698600645856,0.03767491926803014,0.03552206673842842
2015,CD,1045,71,53,18,0.06794258373205742,0.05071770334928229,0.01722488038277512
2016,CD,1271,72,59,13,0.05664830841856806,0.046420141620771044,0.010228166797797011
2017,CD,1446,84,58,26,0.058091286307053944,0.040110650069156296,0.017980636237897647
2018,CD,1674,77,94,-17,0.045997610513739545,0.056152927120669056,-0.01015531660692951
2019,CD,1946,124,83,41,0.06372045220966084,0.04265159301130524,0.0210688591983556
2020,CD,2339,142,114,28,0.06070970500213767,0.04873877725523728,0.011970927746900385
2021,CD,2949,178,128,50,0.06035944387928111,0.043404543913190916,0.0169548999660902
2022,CD,3658,179,136,43,0.048933843630399126,0.037178786221979225,0.011755057408419901
2023,CD,3543,191,189,2,0.053909116567880326,0.05334462320067739,0.0005644933672029354
2024,CD,3696,235,194,41,0.06358225108225109,0.05248917748917749,0.011093073593073594
2025,CD,4169,283,230,53,0.06788198608779084,0.055169105301031425,0.012712880786759414
1998,CF,10,0,0,0,0.0,0.0,0.0
1999,CF,11,0,4,-4,0.0,0.36363636363636365,-0.36363636363636365
2000,CF,22,4,0,4,0.18181818181818182,0.0,0.18181818181818182
2001,CF,40,2,2,0,0.05,0.05,0.0
2002,CF,48,1,2,-1,0.020833333333333332,0.041666666666666664,-0.020833333333333332
2003,CF,48,5,1,4,0.10416666666666667,0.020833333333333332,0.08333333333333333
2004,CF,41,4,6,-2,0.0975609756097561,0.14634146341463414,-0.04878048780487805
2005,CF,60,3,4,-1,0.05,0.06666666666666667,-0.016666666666666666
2006,CF,64,8,3,5,0.125,0.046875,0.078125
2007,CF,47,2,10,-8,0.0425531914893617,0.2127659574468085,-0.1702127659574468
2008,CF,52,5,7,-2,0.09615384615384616,0.1346153846153846,-0.038461538461538464
2009,CF,40,6,8,-2,0.15,0.2,-0.05
2010,CF,43,6,7,-1,0.13953488372093023,0.16279069767441862,-0.023255813953488372
2011,CF,74,8,3,5,0.10810810810810811,0.04054054054054054,0.06756756756756757
2012,CF,69,7,7,0,0.10144927536231885,0.10144927536231885,0.0
2013,CF,76,7,6,1,0.09210526315789473,0.07894736842105263,0.013157894736842105
2014,CF,94,11,4,7,0.11702127659574468,0.0425531914893617,0.07446808510638298
2015,CF,81,10,10,0,0.12345679012345678,0.12345679012345678,0.0
2016,CF,80,9,5,4,0.1125,0.0625,0.05
2017,CF,121,15,12,3,0.12396694214876033,0.09917355371900827,0.024793388429752067
2018,CF,138,21,16,5,0.15217391304347827,0.11594202898550725,0.036231884057971016
2019,CF,126,18,14,4,0.14285714285714285,0.1111111111111111,0.031746031746031744
2020,CF,136,16,10,6,0.11764705882352941,0.07352941176470588,0.04411764705882353
2021,CF,175,16,16,0,0.09142857142857143,0.09142857142857143,0.0
2022,CF,236,17,24,-7,0.07203389830508475,0.1016949152542373,-0.029661016949152543
2023,CF,330,44,12,32,0.13333333333333333,0.03636363636363636,0.09696969696969697
2024,CF,251,28,15,13,0.11155378486055777,0.05976095617529881,0.05179282868525897
2025,CF,223,21,22,-1,0.09417040358744394,0.09865470852017937,-0.004484304932735426
1998,CG,22,0,0,0,0.0,0.0,0.0
1999,CG,43,4,3,1,0.09302325581395349,0.06976744186046512,0.023255813953488372
2000,CG,47,6,10,-4,0.1276595744680851,0.2127659574468085,-0.0851063829787234
2001,CG,49,10,13,-3,0.20408163265306123,0.2653061224489796,-0.061224489795918366
2002,CG,92,12,14,-2,0.13043478260869565,0.15217391304347827,-0.021739130434782608
2003,CG,91,17,10,7,0.18681318681318682,0.10989010989010989,0.07692307692307693
2004,CG,111,19,17,2,0.17117117117117117,0.15315315315315314,0.018018018018018018
2005,CG,141,29,20,9,0.20567375886524822,0.14184397163120568,0.06382978723404255
2006,CG,115,23,24,-1,0.2,0.20869565217391303,-0.008695652173913044
2007,CG,152,26,21,5,0.17105263157894737,0.13815789473684212,0.03289473684210526
2008,CG,128,37,26,11,0.2890625,0.203125,0.0859375
2009,CG,171,33,31,2,0.19298245614035087,0.18128654970760233,0.011695906432748537
2010,CG,159,30,39,-9,0.18867924528301888,0.24528301886792453,-0.05660377358490566
2011,CG,189,34,29,5,0.17989417989417988,0.15343915343915343,0.026455026455026454
2012,CG,234,41,31,10,0.1752136752136752,0.13247863247863248,0.042735042735042736
2013,CG,245,39,51,-12,0.15918367346938775,0.20816326530612245,-0.04897959183673469
2014,CG,301,45,37,8,0.14950166112956811,0.12292358803986711,0.026578073089700997
2015,CG,312,38,45,-7,0.12179487179487179,0.14423076923076922,-0.022435897435897436
2016,CG,412,36,26,10,0.08737864077669903,0.06310679611650485,0.024271844660194174
2017,CG,516,64,45,19,0.12403100775193798,0.0872093023255814,0.03682170542635659
2018,CG,606,63,46,17,0.10396039603960396,0.07590759075907591,0.028052805280528052
2019,CG,827,95,50,45,0.11487303506650544,0.060459492140266025,0.05441354292623942
2020,CG,909,77,66,11,0.0847084708470847,0.07260726072607261,0.0121012101210121
2021,CG,1078,96,69,27,0.08905380333951762,0.0640074211502783,0.02504638218923933
2022,CG,1041,110,62,48,0.10566762728146013,0.059558117195004805,0.04610951008645533
2023,CG,1233,122,86,36,0.0989456609894566,0.06974858069748581,0.029197080291970802
2024,CG,1170,99,99,0,0.08461538461538462,0.08461538461538462,0.0
2025,CG,982,129,115,14,0.13136456211812628,0.11710794297352342,0.014256619144602852
1998,CH,17330,0,0,0,0.0,0.0,0.0
1999,CH,18145,1795,1717,78,0.09892532378065583,0.09462661890327914,0.004298704877376688
2000,CH,19093,2528,2429,99,0.13240454616875294,0.12721939978002408,0.005185146388728854
2001,CH,18983,2790,2726,64,0.14697360796502135,0.14360217036295633,0.0033714376020650056
2002,CH,21903,3229,3174,55,0.14742272748025384,0.1449116559375428,0.002511071542711044
2003,CH,23091,3794,3311,483,0.16430643973842624,0.14338919925512103,0.020917240483305184
2004,CH,24251,4057,3728,329,0.16729207043008537,0.15372561956207992,0.013566450868005443
2005,CH,25981,4264,4125,139,0.16411993379777529,0.15876987028982717,0.005350063507948116
2006,CH,29404,4817,4323,494,0.16382124880968577,0.14702081349476262,0.01680043531492314
2007,CH,29390,5045,4606,439,0.17165702619938755,0.15671997277985708,0.014937053419530453
2008,CH,33094,5717,5082,635,0.1727503474950142,0.15356257931951411,0.01918776817550009
2009,CH,34382,6106,5509,597,0.17759292653132452,0.16022918969228084,0.017363736839043686
2010,CH,37000,6634,5577,1057,0.1792972972972973,0.15072972972972973,0.028567567567567568
2011,CH,40030,6618,6322,296,0.1653260054958781,0.15793155133649764,0.0073944541593804645
2012,CH,44512,7482,6484,998,0.16808950395398994,0.1456685837526959,0.022420920201294034
2013,CH,45623,7906,7076,830,0.17328978804550335,0.15509720974070096,0.018192578304802403
2014,CH,47892,8370,7246,1124,0.17476822851415685,0.15129875553328323,0.023469472980873634
2015,CH,50482,8698,7544,1154,0.17229903728061488,0.14943940414405135,0.02285963313656353
2016,CH,50880,8517,7639,878,0.1673938679245283,0.1501375786163522,0.0172562893081761
2017,CH,54997,9112,7864,1248,0.16568176445987964,0.1429896176155063,0.022692146844373328
2018,CH,57112,8889,8290,599,0.15564154643507494,0.14515338282672643,0.010488163608348509
2019,CH,59091,9319,8161,1158,0.15770591122167504,0.138109018293818,0.019596892927857035
2020,CH,62942,9903,8776,1127,0.15733532458453814,0.13942995138381367,0.017905373200724477
2021,CH,66269,10029,8504,1525,0.15133772955680636,0.12832546137711448,0.02301226817969186
2022,CH,69808,9585,8308,1277,0.13730517992207197,0.11901214760485904,0.018293032317212927
2023,CH,69377,11389,9669,1720,0.1641610331954394,0.1393689551292215,0.024792078066217912
2024,CH,70792,11107,10141,966,0.15689625946434627,0.14325064979093682,0.013645609673409425
2025,CH,73492,11464,10913,551,0.1559897675937517,0.14849235290916019,0.00749741468459152
1998,CI,200,0,0,0,0.0,0.0,0.0
1999,CI,189,17,22,-5,0.08994708994708994,0.1164021164021164,-0.026455026455026454
2000,CI,214,25,25,0,0.11682242990654206,0.11682242990654206,0.0
2001,CI,249,40,23,17,0.1606425702811245,0.09236947791164658,0.06827309236947791
2002,CI,261,31,30,1,0.11877394636015326,0.11494252873563218,0.0038314176245210726
2003,CI,283,43,55,-12,0.1519434628975265,0.19434628975265017,-0.04240282685512368
2004,CI,378,28,66,-38,0.07407407407407407,0.1746031746031746,-0.10052910052910052
2005,CI,493,79,50,29,0.16024340770791076,0.10141987829614604,0.058823529411764705
2006,CI,424,69,66,3,0.16273584905660377,0.15566037735849056,0.007075471698113208
2007,CI,546,68,77,-9,0.12454212454212454,0.14102564102564102,-0.016483516483516484
2008,CI,739,87,72,15,0.11772665764546685,0.09742895805142084,0.02029769959404601
2009,CI,944,95,88,7,0.10063559322033898,0.09322033898305085,0.007415254237288136
2010,CI,1057,128,92,36,0.12109744560075686,0.08703878902554399,0.03405865657521287
2011,CI,1015,113,121,-8,0.11133004926108374,0.11921182266009853,-0.007881773399014778
2012,CI,1186,133,125,8,0.112141652613828,0.10539629005059022,0.006745362563237774
2013,CI,1327,136,119,17,0.10248681235870384,0.08967596081386586,0.01281085154483798
2014,CI,1624,148,123,25,0.09113300492610837,0.07573891625615764,0.01539408866995074
2015,CI,1886,184,138,46,0.0975609756097561,0.07317073170731707,0.024390243902439025
2016,CI,2348,200,147,53,0.08517887563884156,0.06260647359454855,0.022572402044293016
2017,CI,2790,246,207,39,0.08817204301075268,0.07419354838709677,0.013978494623655914
2018,CI,3131,251,195,56,0.08016608112424145,0.06228042159054615,0.017885659533695305
2019,CI,3252,233,249,-16,0.07164821648216482,0.07656826568265683,-0.004920049200492005
2020,CI,3391,252,234,18,0.07431436154526688,0.0690061928634621,0.005308168681804777
2021,CI,3906,302,243,59,0.07731694828469023,0.06221198156682028,0.015104966717869943
2022,CI,4220,287,276,11,0.06800947867298578,0.06540284360189573,0.0026066350710900474
2023,CI,4618,327,301,26,0.07080987440450412,0.06517973148549155,0.00563014291901256
2024,CI,3921,304,297,7,0.07753124203009436,0.0757459831675593,0.0017852588625350675
2025,CI,4584,353,293,60,0.07700698080279232,0.06391797556719023,0.013089005235602094
2009,CK,1,1,0,1,1.0,0.0,1.0
2018,CK,1,0,0,0,0.0,0.0,0.0
2019,CK,1,0,0,0,0.0,0.0,0.0
2020,CK,1,0,0,0,0.0,0.0,0.0
2022,CK,1,0,0,0,0.0,0.0,0.0
2023,CK,4,2,0,2,0.5,0.0,0.5
2025,CK,2,1,0,1,0.5,0.0,0.5
1998,CL,3379,0,0,0,0.0,0.0,0.0
1999,CL,3778,192,166,26,0.05082053996823716,0.04393859184753838,0.006881948120698782
2000,CL,4360,288,268,20,0.06605504587155964,0.061467889908256884,0.0045871559633027525
2001,CL,4672,376,379,-3,0.08047945205479452,0.08112157534246575,-0.0006421232876712328
2002,CL,6080,514,446,68,0.08453947368421053,0.07335526315789474,0.01118421052631579
2003,CL,6758,599,567,32,0.08863569103284996,0.08390056229653743,0.004735128736312519
2004,CL,7059,681,650,31,0.09647258818529537,0.09208103130755065,0.004391556877744723
2005,CL,7910,702,726,-24,0.08874841972187104,0.09178255372945639,-0.003034134007585335
2006,CL,8953,875,909,-34,0.09773260359655982,0.10153021333631185,-0.0037976097397520382
2007,CL,9749,1002,950,52,0.10277977228433685,0.09744589188634732,0.005333880397989537
2008,CL,10622,1100,1062,38,0.1035586518546413,0.09998117115420825,0.0035774807004330636
2009,CL,11676,1237,1244,-7,0.10594381637547105,0.1065433367591641,-0.0005995203836930455
2010,CL,13647,1486,1400,86,0.10888840038103613,0.10258664908038397,0.006301751300652158
2011,CL,14751,1618,1577,41,0.10968747881499559,0.10690800623686529,0.002779472578130296
2012,CL,15133,1728,1721,7,0.11418753717042225,0.11372497191568096,0.0004625652547412939
2013,CL,16014,1799,1800,-1,0.11233920319720245,0.11240164855751218,-6.244536030972898e-05
2014,CL,17532,2118,1997,121,0.12080766598220397,0.11390600045630847,0.0069016655258955055
2015,CL,19857,2427,2188,239,0.12222390089137332,0.11018784307800776,0.012036057813365563
2016,CL,21619,2686,2492,194,0.12424256441093483,0.11526897636338405,0.008973588047550765
2017,CL,22723,2893,2646,247,0.12731593539585442,0.1164458918276636,0.01087004356819082
2018,CL,24322,2960,2817,143,0.1217005180495025,0.11582106734643532,0.005879450703067182
2019,CL,25959,3188,3021,167,0.12280904503255133,0.1163758234138449,0.006433221618706421
2020,CL,29136,3380,3213,167,0.11600768808347062,0.11027594728171335,0.005731740801757276
2021,CL,30198,3359,3425,-66,0.11123253195575866,0.11341810715941453,-0.002185575203655871
2022,CL,29599,2981,3172,-191,0.10071286192101085,0.10716578262779147,-0.006452920706780635
2023,CL,30737,3670,4043,-373,0.11940007157497479,0.1315352832091616,-0.01213521163418681
2024,CL,33885,3900,3956,-56,0.11509517485613104,0.11674782352073189,-0.0016526486646008557
2025,CL,35867,4155,4383,-228,0.11584464828393788,0.12220146652912148,-0.006356818245183595
1998,CM,240,0,0,0,0.0,0.0,0.0
1999,CM,276,39,21,18,0.14130434782608695,0.07608695652173914,0.06521739130434782
2000,CM,351,33,47,-14,0.09401709401709402,0.1339031339031339,-0.039886039886039885
2001,CM,383,54,51,3,0.1409921671018277,0.13315926892950392,0.007832898172323759
2002,CM,510,71,60,11,0.1392156862745098,0.11764705882352941,0.021568627450980392
2003,CM,585,62,74,-12,0.10598290598290598,0.1264957264957265,-0.020512820512820513
2004,CM,666,80,78,2,0.12012012012012012,0.11711711711711711,0.003003003003003003
2005,CM,805,92,93,-1,0.11428571428571428,0.115527950310559,-0.0012422360248447205
2006,CM,843,81,96,-15,0.09608540925266904,0.11387900355871886,-0.017793594306049824
2007,CM,929,90,91,-1,0.0968783638320775,0.09795479009687837,-0.001076426264800861
2008,CM,1036,100,102,-2,0.09652509652509653,0.09845559845559845,-0.0019305019305019305
2009,CM,1158,102,129,-27,0.08808290155440414,0.11139896373056994,-0.023316062176165803
2010,CM,1257,107,142,-35,0.08512330946698489,0.11296738265712013,-0.02784407319013524
2011,CM,1595,137,114,23,0.08589341692789969,0.07147335423197493,0.014420062695924765
2012,CM,1743,142,165,-23,0.0814687320711417,0.09466437177280551,-0.013195639701663799
2013,CM,2292,176,152,24,0.07678883071553229,0.06631762652705062,0.010471204188481676
2014,CM,2900,207,157,50,0.07137931034482758,0.05413793103448276,0.017241379310344827
2015,CM,3175,234,193,41,0.0737007874015748,0.06078740157480315,0.012913385826771654
2016,CM,3679,242,237,5,0.06577874422397391,0.06441967926066866,0.001359064963305246
2017,CM,4282,247,225,22,0.05768332554880897,0.05254553946753853,0.005137786081270434
2018,CM,4850,259,265,-6,0.053402061855670105,0.05463917525773196,-0.0012371134020618556
2019,CM,5736,291,265,26,0.05073221757322176,0.046199442119944215,0.004532775453277545
2020,CM,7660,364,359,5,0.04751958224543081,0.046866840731070496,0.0006527415143603133
2021,CM,8483,378,369,9,0.04455970765059531,0.04349876223034304,0.0010609454202522692
2022,CM,9307,358,378,-20,0.03846567100032234,0.04061459116793811,-0.002148920167615773
2023,CM,10009,476,472,4,0.0475571985213308,0.04715755819762214,0.0003996403237086622
2024,CM,10122,504,531,-27,0.04979253112033195,0.05245998814463545,-0.0026674570243034974
2025,CM,9917,570,654,-84,0.05747705959463548,0.06594736311384491,-0.008470303519209438
1998,CN,40023,0,0,0,0.0,0.0,0.0
1999,CN,45992,1932,2159,-227,0.042007305618368414,0.04694294659940859,-0.004935640981040181
2000,CN,63492,3696,3798,-102,0.058212058212058215,0.05981855981855982,-0.0016065016065016065
2001,CN,78147,5882,5892,-10,0.07526840441731608,0.07539636838266345,-0.00012796396534735818
2002,CN,109031,8916,8457,459,0.08177490805367281,0.07756509616531078,0.004209811888362025
2003,CN,136089,12321,10616,1705,0.09053634018914093,0.07800777432415551,0.012528565864985413
2004,CN,198627,17454,12074,5380,0.0878732498602909,0.06078730484778001,0.02708594501251089
2005,CN,259871,22393,14945,7448,0.08616967649333708,0.05750930269248974,0.028660373800847343
2006,CN,331148,27240,17950,9290,0.08225929191781318,0.05420537040839745,0.02805392150941573
2007,CN,394065,30631,19558,11073,0.07773083120804944,0.049631405986322055,0.02809942522172738
2008,CN,457891,33173,23152,10021,0.0724473728463761,0.050562251714927786,0.021885121131448314
2009,CN,522377,35609,26018,9591,0.06816724319792028,0.04980694019836249,0.01836030299955779
2010,CN,589957,37842,30114,7728,0.06414365792761167,0.05104439815105169,0.013099259776559987
2011,CN,660893,41483,32945,8538,0.06276810315739462,0.04984921916255733,0.012918883994837288
2012,CN,658833,40521,36266,4255,0.06150420516276507,0.055045815859254166,0.006458389303510905
2013,CN,725423,44708,38762,5946,0.0616302488341285,0.0534336518141829,0.008196597019945604
2014,CN,739244,46119,42387,3732,0.062386708583363544,0.05733830778470978,0.00504840079865376
2015,CN,714856,46797,44142,2655,0.06546353391452264,0.061749499199838846,0.0037140347146837963
2016,CN,689367,47068,42056,5012,0.06827712959860277,0.061006691646104325,0.007270437952498452
2017,CN,759110,50389,42221,8168,0.0663790491496621,0.05561908023870058,0.010759968910961521
2018,CN,853839,53055,44330,8725,0.06213700709384322,0.05191845301046216,0.010218554083381058
2019,CN,963025,57078,47505,9573,0.05926948936943485,0.049328937462682694,0.009940551906752162
2020,CN,1075217,59534,52086,7448,0.05536928824600058,0.04844231443513263,0.006926973810867946
2021,CN,1208762,64617,50325,14292,0.05345717353788421,0.041633506016899934,0.01182366752098428
2022,CN,1444807,63062,45972,17090,0.04364735220690376,0.03181878271630744,0.011828569490596321
2023,CN,1547570,70786,58669,12117,0.04574009576303495,0.03791040146810807,0.007829694294926885
2024,CN,1736574,91693,64764,26929,0.05280108996218992,0.03729412049241783,0.015506969469772092
2025,CN,1820498,95170,82977,12193,0.05227690445141934,0.04557928654686794,0.006697617904551392
1998,CO,2273,0,0,0,0.0,0.0,0.0
1999,CO,2574,121,93,28,0.04700854700854701,0.03613053613053613,0.010878010878010878
2000,CO,3159,173,209,-36,0.054764165875276986,0.06616017727128838,-0.011396011396011397
2001,CO,3910,287,236,51,0.07340153452685422,0.06035805626598466,0.013043478260869565
2002,CO,3986,334,365,-31,0.08379327646763673,0.09157049673858504,-0.007777220270948319
2003,CO,4457,422,437,-15,0.09468252187570114,0.0980480143594346,-0.003365492483733453
2004,CO,5505,508,489,19,0.09227974568574024,0.0888283378746594,0.0034514078110808354
2005,CO,7015,669,620,49,0.09536707056307911,0.08838203848895225,0.006985032074126871
2006,CO,8980,822,710,112,0.09153674832962139,0.07906458797327394,0.012472160356347439
2007,CO,10192,928,899,29,0.09105180533751962,0.08820643642072214,0.002845368916797488
2008,CO,12033,1162,987,175,0.09656777196044211,0.08202443280977312,0.014543339150668994
2009,CO,14396,1369,1212,157,0.0950958599611003,0.08419005279244235,0.01090580716865796
2010,CO,16801,1521,1404,117,0.09053032557585858,0.08356645437771561,0.006963871198142967
2011,CO,18610,1632,1657,-25,0.0876947877485223,0.08903815153143471,-0.0013433637829124126
2012,CO,21769,1968,1821,147,0.09040378519913639,0.08365106343883504,0.006752721760301346
2013,CO,24815,2135,2154,-19,0.08603667136812412,0.08680233729599032,-0.00076566592786621
2014,CO,26362,2335,2319,16,0.08857446324254609,0.08796752901904256,0.0006069342235035278
2015,CO,29743,2677,2588,89,0.09000437077631712,0.0870120700669065,0.0029923007094106177
2016,CO,31853,2967,2945,22,0.09314664238847205,0.09245596961039776,0.0006906727780742788
2017,CO,35675,3299,3197,102,0.09247372109320252,0.089614576033637,0.0028591450595655222
2018,CO,36964,3306,3475,-169,0.08943837247051185,0.09401038848609458,-0.0045720160155827295
2019,CO,39108,3587,3694,-107,0.09172036411987317,0.09445637721182366,-0.002736013091950496
2020,CO,44487,3983,4254,-271,0.08953177332703936,0.09562344055566795,-0.0060916672286285885
2021,CO,45747,4076,4434,-358,0.089098738715107,0.09692438848449078,-0.007825649769383785
2022,CO,43835,3413,3970,-557,0.07786015740846355,0.09056689859701152,-0.012706741188547964
2023,CO,45287,4859,5008,-149,0.10729348378121757,0.11058361119084947,-0.0032901274096319034
2024,CO,44922,4829,4946,-117,0.10749744000712345,0.11010195449890922,-0.002604514491785762
2025,CO,43878,4864,5511,-647,0.11085281918045489,0.12559824969232872,-0.014745430511873832
1998,CR,506,0,0,0,0.0,0.0,0.0
1999,CR,563,31,32,-1,0.055062166962699825,0.056838365896980464,-0.0017761989342806395
2000,CR,645,56,47,9,0.08682170542635659,0.07286821705426356,0.013953488372093023
2001,CR,759,68,83,-15,0.08959156785243742,0.10935441370223979,-0.019762845849802372
2002,CR,914,101,79,22,0.11050328227571116,0.08643326039387308,0.024070021881838075
2003,CR,864,110,99,11,0.12731481481481483,0.11458333333333333,0.01273148148148148
2004,CR,1012,103,131,-28,0.10177865612648221,0.12944664031620554,-0.02766798418972332
2005,CR,1070,145,126,19,0.13551401869158877,0.11775700934579439,0.017757009345794394
2006,CR,1215,165,158,7,0.13580246913580246,0.13004115226337448,0.005761316872427984
2007,CR,1380,205,188,17,0.14855072463768115,0.13623188405797101,0.012318840579710146
2008,CR,1302,187,230,-43,0.1436251920122888,0.17665130568356374,-0.03302611367127496
2009,CR,2013,278,233,45,0.1381023348236463,0.11574764033780427,0.022354694485842028
2010,CR,1755,268,286,-18,0.1527065527065527,0.16296296296296298,-0.010256410256410256
2011,CR,2599,342,322,20,0.13158907272027703,0.12389380530973451,0.007695267410542516
2012,CR,2239,295,328,-33,0.1317552478785172,0.14649397052255472,-0.014738722644037517
2013,CR,2679,390,403,-13,0.1455767077267637,0.1504292646509892,-0.0048525569242254575
2014,CR,3113,488,420,68,0.1567619659492451,0.13491808544812078,0.02184388050112432
2015,CR,3626,584,538,46,0.16105901820187535,0.14837286265857694,0.0126861555432984
2016,CR,3774,563,620,-57,0.14917859035506095,0.16428192898781135,-0.015103338632750398
2017,CR,3767,607,603,4,0.16113618263870455,0.1600743297053358,0.0010618529333687285
2018,CR,4061,621,650,-29,0.15291800049248955,0.1600590987441517,-0.007141098251662152
2019,CR,4806,761,618,143,0.1583437369954224,0.1285892634207241,0.029754473574698292
2020,CR,5427,784,762,22,0.14446287083103004,0.1404090657822001,0.004053805048829924
2021,CR,5194,734,827,-93,0.14131690412013861,0.15922217943781286,-0.01790527531767424
2022,CR,4737,579,623,-44,0.12222925902469918,0.13151783829427907,-0.009288579269579903
2023,CR,4403,609,721,-112,0.1383147853736089,0.16375198728139906,-0.025437201907790145
2024,CR,4499,656,664,-8,0.1458101800400089,0.1475883529673261,-0.0017781729273171815
2025,CR,5051,794,741,53,0.15719659473371608,0.14670362304494158,0.0104929716887745
1998,CU,1857,0,0,0,0.0,0.0,0.0
1999,CU,2150,77,92,-15,0.035813953488372095,0.04279069767441861,-0.0069767441860465115
2000,CU,2405,151,139,12,0.06278586278586279,0.0577962577962578,0.00498960498960499
2001,CU,2530,159,203,-44,0.06284584980237154,0.08023715415019762,-0.017391304347826087
2002,CU,2671,210,228,-18,0.07862223886184949,0.08536128790715088,-0.0067390490453013855
2003,CU,3113,277,323,-46,0.08898168968840348,0.1037584323803405,-0.014776742691937038
2004,CU,3190,294,355,-61,0.09216300940438872,0.11128526645768025,-0.019122257053291535
2005,CU,3798,369,406,-37,0.0971563981042654,0.10689836756187467,-0.009741969457609268
2006,CU,3860,354,444,-90,0.09170984455958549,0.11502590673575129,-0.023316062176165803
2007,CU,4547,454,550,-96,0.09984605234220365,0.12095887398284583,-0.021112821640642182
2008,CU,5225,577,517,60,0.11043062200956938,0.09894736842105263,0.011483253588516746
2009,CU,5922,582,692,-110,0.09827760891590678,0.11685241472475515,-0.018574805808848363
2010,CU,6842,690,717,-27,0.10084770534931306,0.1047939199064601,-0.003946214557147033
2011,CU,7571,728,734,-6,0.09615638621054022,0.09694888389908862,-0.0007924976885484084
2012,CU,8324,785,774,11,0.0943056222969726,0.09298414223930802,0.0013214800576645844
2013,CU,9388,899,929,-30,0.09576054537707712,0.09895611418832552,-0.0031955688112484024
2014,CU,9804,893,1161,-268,0.09108527131782945,0.11842105263157894,-0.02733578131374949
2015,CU,10751,967,1198,-231,0.0899451213840573,0.11143149474467491,-0.02148637336061762
2016,CU,10923,1123,1340,-217,0.10281058317312093,0.12267692026000183,-0.019866337086880893
2017,CU,11007,983,1409,-426,0.08930680476060689,0.1280094485327519,-0.038702643772144996
2018,CU,12214,1062,1476,-414,0.08694940232520058,0.12084493204519405,-0.03389552971999345
2019,CU,11392,1045,1539,-494,0.0917310393258427,0.13509480337078653,-0.04336376404494382
2020,CU,12574,1179,1467,-288,0.09376491172260219,0.11666931763957372,-0.02290440591697153
2021,CU,13973,1178,1483,-305,0.08430544621770558,0.10613325699563443,-0.021827810777928863
2022,CU,7410,813,1077,-264,0.1097165991902834,0.14534412955465587,-0.03562753036437247
2023,CU,6101,911,1212,-301,0.1493197836420259,0.19865595803966563,-0.04933617439763973
2024,CU,4517,682,1255,-573,0.15098516714633606,0.2778392738543281,-0.12685410670799202
2025,CU,4531,672,1241,-569,0.14831163098653719,0.27389097329507833,-0.12557934230854115
1998,CV,1,0,0,0,0.0,0.0,0.0
1999,CV,6,0,0,0,0.0,0.0,0.0
2000,CV,17,1,1,0,0.058823529411764705,0.058823529411764705,0.0
2001,CV,15,5,1,4,0.3333333333333333,0.06666666666666667,0.26666666666666666
2002,CV,10,1,6,-5,0.1,0.6,-0.5
2003,CV,19,1,1,0,0.05263157894736842,0.05263157894736842,0.0
2004,CV,15,0,2,-2,0.0,0.13333333333333333,-0.13333333333333333
2005,CV,14,1,5,-4,0.07142857142857142,0.35714285714285715,-0.2857142857142857
2006,CV,22,1,2,-1,0.045454545454545456,0.09090909090909091,-0.045454545454545456
2007,CV,20,2,1,1,0.1,0.05,0.05
2008,CV,38,6,2,4,0.15789473684210525,0.05263157894736842,0.10526315789473684
2009,CV,27,8,7,1,0.2962962962962963,0.25925925925925924,0.037037037037037035
2010,CV,28,10,7,3,0.35714285714285715,0.25,0.10714285714285714
2011,CV,24,2,11,-9,0.08333333333333333,0.4583333333333333,-0.375
2012,CV,41,3,8,-5,0.07317073170731707,0.1951219512195122,-0.12195121951219512
2013,CV,43,13,8,5,0.3023255813953488,0.18604651162790697,0.11627906976744186
2014,CV,55,11,10,1,0.2,0.18181818181818182,0.01818181818181818
2015,CV,52,11,16,-5,0.21153846153846154,0.3076923076923077,-0.09615384615384616
2016,CV,61,15,10,5,0.2459016393442623,0.16393442622950818,0.08196721311475409
2017,CV,57,16,10,6,0.2807017543859649,0.17543859649122806,0.10526315789473684
2018,CV,72,12,15,-3,0.16666666666666666,0.20833333333333334,-0.041666666666666664
2019,CV,79,12,12,0,0.1518987341772152,0.1518987341772152,0.0
2020,CV,90,19,17,2,0.2111111111111111,0.18888888888888888,0.022222222222222223
2021,CV,106,23,12,11,0.2169811320754717,0.11320754716981132,0.10377358490566038
2022,CV,104,25,30,-5,0.2403846153846154,0.28846153846153844,-0.04807692307692308
2023,CV,95,22,20,2,0.23157894736842105,0.21052631578947367,0.021052631578947368
2024,CV,121,29,19,10,0.2396694214876033,0.15702479338842976,0.08264462809917356
2025,CV,128,45,32,13,0.3515625,0.25,0.1015625
1998,CW,29,0,0,0,0.0,0.0,0.0
1999,CW,38,3,5,-2,0.07894736842105263,0.13157894736842105,-0.05263157894736842
2000,CW,29,8,7,1,0.27586206896551724,0.2413793103448276,0.034482758620689655
2001,CW,41,8,15,-7,0.1951219512195122,0.36585365853658536,-0.17073170731707318
2002,CW,20,4,9,-5,0.2,0.45,-0.25
2003,CW,27,9,6,3,0.3333333333333333,0.2222222222222222,0.1111111111111111
2004,CW,45,13,12,1,0.28888888888888886,0.26666666666666666,0.022222222222222223
2005,CW,20,8,13,-5,0.4,0.65,-0.25
2006,CW,31,13,18,-5,0.41935483870967744,0.5806451612903226,-0.16129032258064516
2007,CW,38,8,14,-6,0.21052631578947367,0.3684210526315789,-0.15789473684210525
2008,CW,44,21,11,10,0.4772727272727273,0.25,0.22727272727272727
2009,CW,49,14,10,4,0.2857142857142857,0.20408163265306123,0.08163265306122448
2010,CW,46,18,18,0,0.391304347826087,0.391304347826087,0.0
2011,CW,43,16,14,2,0.37209302325581395,0.32558139534883723,0.046511627906976744
2012,CW,47,17,17,0,0.3617021276595745,0.3617021276595745,0.0
2013,CW,63,17,17,0,0.2698412698412698,0.2698412698412698,0.0
2014,CW,50,23,23,0,0.46,0.46,0.0
2015,CW,76,35,24,11,0.4605263157894737,0.3157894736842105,0.14473684210526316
2016,CW,60,12,32,-20,0.2,0.5333333333333333,-0.3333333333333333
2017,CW,106,41,27,14,0.3867924528301887,0.25471698113207547,0.1320754716981132
2018,CW,96,16,31,-15,0.16666666666666666,0.3229166666666667,-0.15625
2019,CW,83,26,32,-6,0.3132530120481928,0.3855421686746988,-0.07228915662650602
2020,CW,85,20,27,-7,0.23529411764705882,0.3176470588235294,-0.08235294117647059
2021,CW,88,31,25,6,0.3522727272727273,0.2840909090909091,0.06818181818181818
2022,CW,123,27,23,4,0.21951219512195122,0.18699186991869918,0.032520325203252036
2023,CW,214,51,32,19,0.2383177570093458,0.14953271028037382,0.08878504672897196
2024,CW,166,43,34,9,0.25903614457831325,0.20481927710843373,0.05421686746987952
2025,CW,150,40,45,-5,0.26666666666666666,0.3,-0.03333333333333333
1998,CY,223,0,0,0,0.0,0.0,0.0
1999,CY,239,21,25,-4,0.08786610878661087,0.10460251046025104,-0.016736401673640166
2000,CY,283,36,24,12,0.127208480565371,0.08480565371024736,0.04240282685512368
2001,CY,305,36,24,12,0.1180327868852459,0.07868852459016394,0.03934426229508197
2002,CY,362,49,46,3,0.13535911602209943,0.1270718232044199,0.008287292817679558
2003,CY,386,64,49,15,0.16580310880829016,0.12694300518134716,0.038860103626943004
2004,CY,446,83,62,21,0.1860986547085202,0.13901345291479822,0.04708520179372197
2005,CY,617,113,59,54,0.18314424635332252,0.09562398703403566,0.08752025931928688
2006,CY,720,136,82,54,0.18888888888888888,0.11388888888888889,0.075
2007,CY,780,123,105,18,0.1576923076923077,0.1346153846153846,0.023076923076923078
2008,CY,949,171,109,62,0.18018967334035826,0.1148577449947313,0.06533192834562697
2009,CY,1104,180,138,42,0.16304347826086957,0.125,0.03804347826086957
2010,CY,1276,218,135,83,0.17084639498432602,0.10579937304075235,0.06504702194357367
2011,CY,1406,222,138,84,0.15789473684210525,0.09815078236130868,0.059743954480796585
2012,CY,1745,296,164,132,0.16962750716332378,0.09398280802292264,0.07564469914040114
2013,CY,2003,321,227,94,0.1602596105841238,0.11333000499251124,0.046929605591612585
2014,CY,2059,274,247,27,0.1330743079164643,0.11996114618746964,0.013113161728994658
2015,CY,2238,314,281,33,0.14030384271671134,0.1255585344057194,0.014745308310991957
2016,CY,2711,409,288,121,0.15086683880486906,0.10623386204352638,0.04463297676134268
2017,CY,3076,435,359,76,0.14141742522756828,0.11671001300390117,0.0247074122236671
2018,CY,3347,479,361,118,0.1431132357334927,0.10785778308933373,0.03525545264415895
2019,CY,3650,444,419,25,0.12164383561643835,0.1147945205479452,0.00684931506849315
2020,CY,4284,581,464,117,0.13562091503267973,0.10830999066293184,0.0273109243697479
2021,CY,4822,627,492,135,0.13002903359601825,0.10203235172127748,0.027996681874740772
2022,CY,5016,579,524,55,0.11543062200956938,0.10446570972886762,0.010964912280701754
2023,CY,5250,717,642,75,0.13657142857142857,0.12228571428571429,0.014285714285714285
2024,CY,5590,760,647,113,0.13595706618962433,0.11574239713774598,0.020214669051878353
2025,CY,6356,829,703,126,0.1304279421019509,0.1106041535556954,0.019823788546255508
1998,CZ,5969,0,0,0,0.0,0.0,0.0
1999,CZ,6352,460,416,44,0.07241813602015114,0.0654911838790932,0.0069269521410579345
2000,CZ,7306,632,703,-71,0.08650424308787298,0.09622228305502327,-0.009718039967150288
2001,CZ,7956,843,827,16,0.1059577677224736,0.10394670688788336,0.002011060834590246
2002,CZ,8844,837,1023,-186,0.094640434192673,0.11567164179104478,-0.02103120759837178
2003,CZ,9585,894,1043,-149,0.09327073552425665,0.10881585811163276,-0.01554512258737611
2004,CZ,10949,1069,1205,-136,0.09763448716777788,0.11005571285048862,-0.01242122568271075
2005,CZ,11637,1175,1361,-186,0.10097104064621466,0.11695454154850907,-0.015983500902294407
2006,CZ,13538,1501,1458,43,0.11087309794652091,0.10769685330181711,0.003176244644703797
2007,CZ,18143,1545,1615,-70,0.0851568097888993,0.08901504712561319,-0.0038582373367138842
2008,CZ,16088,1751,1684,67,0.10883888612630532,0.10467429139731477,0.004164594728990552
2009,CZ,17188,1799,1915,-116,0.10466604607865954,0.11141494065627182,-0.006748894577612288
2010,CZ,18542,1871,1873,-2,0.10090605112717074,0.10101391435659583,-0.00010786322942508899
2011,CZ,20327,1789,2021,-232,0.0880110198258474,0.09942441088207803,-0.01141339105623063
2012,CZ,22224,1985,2059,-74,0.08931785457163427,0.09264758819294457,-0.003329733621310295
2013,CZ,24281,2290,2242,48,0.09431242535315679,0.09233557102261027,0.001976854330546518
2014,CZ,27473,2778,2470,308,0.1011174607796746,0.08990645360899792,0.011211007170676664
2015,CZ,28841,2936,2485,451,0.10179952151451059,0.08616206095489061,0.015637460559619985
2016,CZ,29772,2695,2804,-109,0.09052129517667608,0.09418245331183663,-0.0036611581351605536
2017,CZ,30156,2812,2807,5,0.09324844143785647,0.09308263695450325,0.00016580448335322986
2018,CZ,30605,2820,2937,-117,0.09214180689429832,0.09596471164842346,-0.0038229047541251428
2019,CZ,32127,3149,3178,-29,0.09801724406262645,0.09891991160083419,-0.000902667538207738
2020,CZ,33154,3504,3370,134,0.10568860469324969,0.1016468601073777,0.0040417445858719914
2021,CZ,35284,3414,3442,-28,0.09675773721800249,0.09755129803877112,-0.0007935608207686203
2022,CZ,35869,3174,3228,-54,0.08848866709414815,0.08999414536229056,-0.0015054782681424071
2023,CZ,36266,3732,3701,31,0.10290630342469531,0.10205150829978492,0.0008547951249103844
2024,CZ,36882,3977,3919,58,0.10783037796214956,0.10625779513041592,0.001572582831733637
2025,CZ,39402,4911,4295,616,0.12463834323130805,0.10900461905487031,0.015633724176437745
1998,DE,99598,0,0,0,0.0,0.0,0.0
1999,DE,102531,4970,5397,-427,0.048473144707454334,0.05263773883020745,-0.004164594122753118
2000,DE,107267,7108,7549,-441,0.06626455480250217,0.07037579124987181,-0.004111236447369647
2001,DE,107225,8300,8766,-466,0.07740732105385871,0.0817533224527862,-0.004346001398927489
2002,DE,123635,9903,10332,-429,0.08009867755894366,0.0835685687709791,-0.0034698912120354267
2003,DE,126662,10489,10653,-164,0.08281094566641929,0.08410573021111305,-0.001294784544693752
2004,DE,139716,11639,11498,141,0.08330470382776489,0.08229551375647742,0.0010091900712874689
2005,DE,146115,12387,12947,-560,0.08477569038086438,0.0886082879923348,-0.003832597611470417
2006,DE,157078,13191,13972,-781,0.0839773870306472,0.0889494391321509,-0.004972052101503712
2007,DE,159850,13668,14738,-1070,0.08550516108852049,0.09219893650297153,-0.006693775414451048
2008,DE,178647,15691,16376,-685,0.08783242931591351,0.09166680660744372,-0.0038343772915302244
2009,DE,186316,16596,17320,-724,0.08907447562206144,0.0929603469374611,-0.0038858713153996434
2010,DE,190154,17369,17550,-181,0.09134175457786846,0.09229361464917908,-0.0009518600713106219
2011,DE,198241,17564,18205,-641,0.08859923022987172,0.09183266831785554,-0.0032334380879838177
2012,DE,211270,18777,18714,63,0.0888767927296824,0.0885785961092441,0.0002981966204383017
2013,DE,217399,19149,20068,-919,0.0880822818872212,0.09230953224255861,-0.004227250355337421
2014,DE,229254,20252,20636,-384,0.08833869856142096,0.09001369659853263,-0.0016749980371116753
2015,DE,236788,21186,21257,-71,0.08947243948173049,0.08977228575772421,-0.0002998462759937159
2016,DE,242054,21671,21678,-7,0.08952960909549108,0.08955852826228858,-2.891916679749147e-05
2017,DE,247611,22086,22275,-189,0.08919636042017519,0.08995965445800065,-0.0007632940378254601
2018,DE,258417,23373,22547,826,0.09044683592797688,0.08725045178916248,0.003196384138814397
2019,DE,266331,23863,23407,456,0.08959903278251499,0.08788687760718805,0.0017121551753269428
2020,DE,276964,24832,25450,-618,0.08965786167155299,0.09188919859620745,-0.0022313369246544676
2021,DE,290477,24962,24415,547,0.08593451460872978,0.08405140510264152,0.0018831095060882618
2022,DE,302584,23689,22724,965,0.0782890040451577,0.07509980699574333,0.0031891970494143775
2023,DE,300495,26925,27043,-118,0.08960215644187092,0.08999484184429025,-0.00039268540241934143
2024,DE,305489,27629,27839,-210,0.09044188170441489,0.09112930416479807,-0.000687422460383189
2025,DE,321467,29154,29591,-437,0.09069049078132436,0.09204988381389069,-0.0013593930325663287
1998,DJ,5,0,0,0,0.0,0.0,0.0
1999,DJ,1,0,1,-1,0.0,1.0,-1.0
2000,DJ,14,0,0,0,0.0,0.0,0.0
2001,DJ,22,0,0,0,0.0,0.0,0.0
2002,DJ,11,0,0,0,0.0,0.0,0.0
2003,DJ,19,3,1,2,0.15789473684210525,0.05263157894736842,0.10526315789473684
2004,DJ,13,1,2,-1,0.07692307692307693,0.15384615384615385,-0.07692307692307693
2005,DJ,10,0,4,-4,0.0,0.4,-0.4
2006,DJ,11,0,0,0,0.0,0.0,0.0
2007,DJ,15,4,0,4,0.26666666666666666,0.0,0.26666666666666666
2008,DJ,23,3,2,1,0.13043478260869565,0.08695652173913043,0.043478260869565216
2009,DJ,32,2,2,0,0.0625,0.0625,0.0
2010,DJ,24,3,2,1,0.125,0.08333333333333333,0.041666666666666664
2011,DJ,24,5,2,3,0.20833333333333334,0.08333333333333333,0.125
2012,DJ,51,12,2,10,0.23529411764705882,0.0392156862745098,0.19607843137254902
2013,DJ,35,3,11,-8,0.08571428571428572,0.3142857142857143,-0.22857142857142856
2014,DJ,44,7,10,-3,0.1590909090909091,0.22727272727272727,-0.06818181818181818
2015,DJ,22,7,6,1,0.3181818181818182,0.2727272727272727,0.045454545454545456
2016,DJ,48,13,8,5,0.2708333333333333,0.16666666666666666,0.10416666666666667
2017,DJ,30,9,2,7,0.3,0.06666666666666667,0.23333333333333334
2018,DJ,31,7,6,1,0.22580645161290322,0.1935483870967742,0.03225806451612903
2019,DJ,38,5,7,-2,0.13157894736842105,0.18421052631578946,-0.05263157894736842
2020,DJ,61,12,10,2,0.19672131147540983,0.16393442622950818,0.03278688524590164
2021,DJ,62,14,5,9,0.22580645161290322,0.08064516129032258,0.14516129032258066
2022,DJ,47,7,7,0,0.14893617021276595,0.14893617021276595,0.0
2023,DJ,70,12,9,3,0.17142857142857143,0.12857142857142856,0.04285714285714286
2024,DJ,84,5,14,-9,0.05952380952380952,0.16666666666666666,-0.10714285714285714
2025,DJ,76,15,16,-1,0.19736842105263158,0.21052631578947367,-0.013157894736842105
1998,DK,9087,0,0,0,0.0,0.0,0.0
1999,DK,9228,651,569,82,0.07054616384915474,0.06166016471608149,0.008885999133073256
2000,DK,9730,839,859,-20,0.08622816032887975,0.08828365878725591,-0.0020554984583761563
2001,DK,9863,1013,1063,-50,0.10270708709317652,0.1077765385785258,-0.005069451485349285
2002,DK,11026,1173,1117,56,0.10638490839833122,0.10130600399056774,0.005078904407763468
2003,DK,11410,1252,1250,2,0.10972830850131464,0.10955302366345311,0.00017528483786152498
2004,DK,11959,1274,1313,-39,0.10653064637511497,0.10979178861108789,-0.0032611422359729073
2005,DK,12783,1444,1429,15,0.11296252835797543,0.11178909489165298,0.0011734334663224596
2006,DK,14084,1571,1593,-22,0.11154501562056233,0.11310707185458677,-0.0015620562340244249
2007,DK,15596,2137,1477,660,0.1370223134136958,0.09470377019748653,0.04231854321620929
2008,DK,17515,2210,1777,433,0.12617756208963746,0.10145589494718812,0.02472166714244933
2009,DK,19233,2221,1849,372,0.1154786044818801,0.09613684812561743,0.019341756356262674
2010,DK,20262,2334,2121,213,0.11519099792715427,0.1046787089132366,0.010512289013917679
2011,DK,23085,2837,3218,-381,0.12289365388780593,0.13939787740957332,-0.01650422352176738
2012,DK,24789,3108,2954,154,0.12537819193997338,0.11916575900601073,0.006212432933962645
2013,DK,27161,3474,2982,492,0.12790397997128236,0.10978977209970178,0.018114207871580575
2014,DK,28556,3618,3199,419,0.12669841714525845,0.11202549376663398,0.014672923378624457
2015,DK,30219,3822,3370,452,0.12647671994440585,0.11151924286045203,0.014957477083953804
2016,DK,30937,3947,3667,280,0.12758185990884702,0.11853120858518926,0.009050651323657757
2017,DK,32614,4252,3700,552,0.13037345925062857,0.11344821242411235,0.01692524682651622
2018,DK,33071,4184,3791,393,0.1265156783889208,0.11463215506032476,0.011883523328596051
2019,DK,33901,4110,4010,100,0.1212353617887378,0.11828559629509454,0.002949765493643255
2020,DK,34787,4512,3750,762,0.12970362491735418,0.10779889039008825,0.021904734527265934
2021,DK,36702,4380,3768,612,0.11933954552885401,0.10266470492071277,0.016674840608141245
2022,DK,39410,4350,3692,658,0.11037807663029688,0.09368180664805886,0.01669626998223801
2023,DK,39594,4718,4175,543,0.1191594686063545,0.10544526948527555,0.01371419912107895
2024,DK,40023,4495,4445,50,0.11231042150763311,0.11106113984458936,0.0012492816630437498
2025,DK,40999,4937,3993,944,0.1204175711602722,0.09739261933217884,0.023024951828093367
1998,DM,5,0,0,0,0.0,0.0,0.0
1999,DM,4,2,0,2,0.5,0.0,0.5
2000,DM,1,0,1,-1,0.0,1.0,-1.0
2001,DM,3,0,1,-1,0.0,0.3333333333333333,-0.3333333333333333
2002,DM,1,0,2,-2,0.0,2.0,-2.0
2003,DM,8,2,0,2,0.25,0.0,0.25
2004,DM,3,1,3,-2,0.3333333333333333,1.0,-0.6666666666666666
2005,DM,3,0,1,-1,0.0,0.3333333333333333,-0.3333333333333333
2006,DM,4,2,1,1,0.5,0.25,0.25
2007,DM,8,0,1,-1,0.0,0.125,-0.125
2008,DM,10,3,2,1,0.3,0.2,0.1
2009,DM,5,3,2,1,0.6,0.4,0.2
2010,DM,11,5,4,1,0.45454545454545453,0.36363636363636365,0.09090909090909091
2011,DM,9,2,3,-1,0.2222222222222222,0.3333333333333333,-0.1111111111111111
2012,DM,17,9,4,5,0.5294117647058824,0.23529411764705882,0.29411764705882354
2013,DM,17,5,11,-6,0.29411764705882354,0.6470588235294118,-0.35294117647058826
2014,DM,15,4,2,2,0.26666666666666666,0.13333333333333333,0.13333333333333333
2015,DM,33,10,6,4,0.30303030303030304,0.18181818181818182,0.12121212121212122
2016,DM,46,7,6,1,0.15217391304347827,0.13043478260869565,0.021739130434782608
2017,DM,39,10,11,-1,0.2564102564102564,0.28205128205128205,-0.02564102564102564
2018,DM,52,10,15,-5,0.19230769230769232,0.28846153846153844,-0.09615384615384616
2019,DM,34,5,17,-12,0.14705882352941177,0.5,-0.35294117647058826
2020,DM,25,3,8,-5,0.12,0.32,-0.2
2021,DM,50,10,10,0,0.2,0.2,0.0
2022,DM,44,6,15,-9,0.13636363636363635,0.3409090909090909,-0.20454545454545456
2023,DM,56,7,17,-10,0.125,0.30357142857142855,-0.17857142857142858
2024,DM,24,7,14,-7,0.2916666666666667,0.5833333333333334,-0.2916666666666667
2025,DM,43,4,10,-6,0.09302325581395349,0.23255813953488372,-0.13953488372093023
1998,DO,95,0,0,0,0.0,0.0,0.0
1999,DO,90,8,15,-7,0.08888888888888889,0.16666666666666666,-0.07777777777777778
2000,DO,67,20,16,4,0.29850746268656714,0.23880597014925373,0.05970149253731343
2001,DO,81,19,17,2,0.2345679012345679,0.20987654320987653,0.024691358024691357
2002,DO,63,16,27,-11,0.25396825396825395,0.42857142857142855,-0.1746031746031746
2003,DO,109,17,19,-2,0.1559633027522936,0.1743119266055046,-0.01834862385321101
2004,DO,93,16,19,-3,0.17204301075268819,0.20430107526881722,-0.03225806451612903
2005,DO,120,23,15,8,0.19166666666666668,0.125,0.06666666666666667
2006,DO,236,39,29,10,0.1652542372881356,0.1228813559322034,0.0423728813559322
2007,DO,130,31,41,-10,0.23846153846153847,0.3153846153846154,-0.07692307692307693
2008,DO,118,26,46,-20,0.22033898305084745,0.3898305084745763,-0.1694915254237288
2009,DO,99,22,30,-8,0.2222222222222222,0.30303030303030304,-0.08080808080808081
2010,DO,139,35,42,-7,0.2517985611510791,0.302158273381295,-0.050359712230215826
2011,DO,132,31,32,-1,0.23484848484848486,0.24242424242424243,-0.007575757575757576
2012,DO,191,59,52,7,0.3089005235602094,0.27225130890052357,0.03664921465968586
2013,DO,252,51,54,-3,0.20238095238095238,0.21428571428571427,-0.011904761904761904
2014,DO,386,95,67,28,0.24611398963730569,0.17357512953367876,0.07253886010362694
2015,DO,274,64,84,-20,0.23357664233576642,0.30656934306569344,-0.072992700729927
2016,DO,344,112,76,36,0.32558139534883723,0.22093023255813954,0.10465116279069768
2017,DO,415,86,95,-9,0.20722891566265061,0.2289156626506024,-0.021686746987951807
2018,DO,493,114,99,15,0.23123732251521298,0.20081135902636918,0.030425963488843813
2019,DO,770,158,104,54,0.2051948051948052,0.13506493506493505,0.07012987012987013
2020,DO,882,181,152,29,0.20521541950113378,0.17233560090702948,0.032879818594104306
2021,DO,1023,210,152,58,0.20527859237536658,0.14858260019550343,0.056695992179863146
2022,DO,932,167,174,-7,0.1791845493562232,0.18669527896995708,-0.0075107296137339056
2023,DO,1017,197,215,-18,0.19370698131760078,0.21140609636184857,-0.017699115044247787
2024,DO,999,197,184,13,0.1971971971971972,0.1841841841841842,0.013013013013013013
2025,DO,1365,323,194,129,0.23663003663003662,0.14212454212454212,0.0945054945054945
1998,DZ,667,0,0,0,0.0,0.0,0.0
1999,DZ,775,47,34,13,0.06064516129032258,0.04387096774193548,0.016774193548387096
2000,DZ,886,57,60,-3,0.06433408577878104,0.06772009029345373,-0.003386004514672686
2001,DZ,1214,135,67,68,0.11120263591433278,0.05518945634266886,0.05601317957166392
2002,DZ,1495,121,155,-34,0.08093645484949832,0.10367892976588629,-0.02274247491638796
2003,DZ,1700,150,153,-3,0.08823529411764706,0.09,-0.0017647058823529412
2004,DZ,2287,189,198,-9,0.08264101442938347,0.08657630083078269,-0.003935286401399213
2005,DZ,2476,186,205,-19,0.07512116316639741,0.08279483037156704,-0.007673667205169628
2006,DZ,3060,258,237,21,0.08431372549019608,0.07745098039215687,0.006862745098039216
2007,DZ,3458,276,350,-74,0.07981492192018508,0.10121457489878542,-0.021399652978600348
2008,DZ,4206,390,374,16,0.09272467902995721,0.08892058963385639,0.0038040893961008085
2009,DZ,4735,427,413,14,0.09017951425554382,0.08722280887011616,0.0029567053854276664
2010,DZ,4914,464,386,78,0.09442409442409443,0.07855107855107855,0.015873015873015872
2011,DZ,6231,502,472,30,0.08056491734874018,0.07575028085379554,0.004814636494944632
2012,DZ,7758,609,498,111,0.07849961330239752,0.06419180201082754,0.014307811291569992
2013,DZ,9499,701,538,163,0.07379724181492789,0.05663754079376777,0.01715970102116012
2014,DZ,10962,812,647,165,0.07407407407407407,0.059022076263455577,0.0150519978106185
2015,DZ,12796,899,756,143,0.07025633010315724,0.05908096280087528,0.011175367302281964
2016,DZ,13596,930,824,106,0.06840247131509268,0.06060606060606061,0.0077964107090320684
2017,DZ,15482,955,817,138,0.06168453688153985,0.052770959824312104,0.008913577057227747
2018,DZ,18101,1115,843,272,0.06159880669576266,0.04657201259598917,0.015026794099773493
2019,DZ,17380,1014,935,79,0.05834292289988492,0.05379746835443038,0.004545454545454545
2020,DZ,19298,1099,990,109,0.05694890662244792,0.05130065291740077,0.005648253705047155
2021,DZ,21334,1111,1073,38,0.052076497609449705,0.05029530327177276,0.0017811943376769477
2022,DZ,20455,1080,970,110,0.052798826692740164,0.04742116841847959,0.005377658274260572
2023,DZ,21680,1158,1077,81,0.05341328413284133,0.04967712177121771,0.0037361623616236164
2024,DZ,23660,1264,1292,-28,0.05342349957734573,0.05460693153000845,-0.001183431952662722
2025,DZ,25767,1369,1398,-29,0.053129972445375866,0.05425544300849924,-0.001125470563123375
1998,EC,183,0,0,0,0.0,0.0,0.0
1999,EC,148,12,16,-4,0.08108108108108109,0.10810810810810811,-0.02702702702702703
2000,EC,216,30,19,11,0.1388888888888889,0.08796296296296297,0.05092592592592592
2001,EC,222,40,34,6,0.18018018018018017,0.15315315315315314,0.02702702702702703
2002,EC,305,30,60,-30,0.09836065573770492,0.19672131147540983,-0.09836065573770492
2003,EC,349,55,61,-6,0.15759312320916904,0.17478510028653296,-0.017191977077363897
2004,EC,341,67,62,5,0.19648093841642228,0.18181818181818182,0.01466275659824047
2005,EC,421,73,82,-9,0.17339667458432304,0.19477434679334918,-0.021377672209026127
2006,EC,633,113,84,29,0.17851500789889416,0.13270142180094788,0.045813586097946286
2007,EC,641,122,111,11,0.19032761310452417,0.1731669266770671,0.0171606864274571
2008,EC,705,106,121,-15,0.150354609929078,0.17163120567375886,-0.02127659574468085
2009,EC,1154,169,139,30,0.1464471403812825,0.12045060658578856,0.025996533795493933
2010,EC,1222,175,178,-3,0.1432078559738134,0.14566284779050737,-0.0024549918166939444
2011,EC,1287,190,180,10,0.14763014763014762,0.13986013986013987,0.00777000777000777
2012,EC,1644,233,173,60,0.14172749391727493,0.10523114355231143,0.0364963503649635
2013,EC,2205,372,239,133,0.16870748299319727,0.10839002267573696,0.06031746031746032
2014,EC,3144,520,339,181,0.16539440203562342,0.10782442748091603,0.05756997455470738
2015,EC,5217,863,420,443,0.165420739888825,0.08050603795284646,0.08491470193597853
2016,EC,8155,1049,583,466,0.12863274064990804,0.07148988350705089,0.05714285714285714
2017,EC,14090,1463,725,738,0.10383250532292405,0.05145493257629524,0.05237757274662881
2018,EC,16532,1476,966,510,0.0892813936607791,0.05843213162351803,0.030849262037261068
2019,EC,17597,1562,1205,357,0.08876513041995794,0.06847758140592146,0.020287549014036482
2020,EC,21055,1679,1408,271,0.07974352885300404,0.06687247684635479,0.012871052006649251
2021,EC,23191,1728,1505,223,0.07451166400758916,0.06489586477512828,0.009615799232460868
2022,EC,23694,1568,1513,55,0.06617709124672913,0.06385582847978391,0.002321262766945218
2023,EC,28147,2574,1977,597,0.09144846697694248,0.07023839130280314,0.02121007567413934
2024,EC,37079,3204,2054,1150,0.08641009735969148,0.05539523719625664,0.03101486016343483
2025,EC,43018,3924,2595,1329,0.09121762982937374,0.06032358547584732,0.03089404435352643
1998,EE,834,0,0,0,0.0,0.0,0.0
1999,EE,931,43,40,3,0.04618689581095596,0.04296455424274973,0.00322234156820623
2000,EE,1078,65,54,11,0.06029684601113173,0.05009276437847866,0.01020408163265306
2001,EE,1025,79,79,0,0.07707317073170732,0.07707317073170732,0.0
2002,EE,1178,112,77,35,0.09507640067911714,0.06536502546689305,0.029711375212224108
2003,EE,1279,112,108,4,0.0875684128225176,0.08444096950742767,0.003127443315089914
2004,EE,1502,149,112,37,0.09920106524633822,0.07456724367509987,0.02463382157123835
2005,EE,1745,185,125,60,0.10601719197707736,0.07163323782234957,0.034383954154727794
2006,EE,2033,210,146,64,0.10329562223315297,0.07181505164781112,0.03148057058534186
2007,EE,2333,230,168,62,0.09858551221603086,0.07201028718388341,0.02657522503214745
2008,EE,2372,226,218,8,0.09527824620573355,0.09190556492411467,0.003372681281618887
2009,EE,2607,246,214,32,0.09436133486766399,0.08208668968162638,0.01227464518603759
2010,EE,2834,255,239,16,0.08997882851093861,0.08433309809456599,0.0056457304163726185
2011,EE,3074,295,216,79,0.09596616785946649,0.07026675341574495,0.025699414443721535
2012,EE,3468,315,243,72,0.09083044982698962,0.07006920415224914,0.020761245674740483
2013,EE,3743,370,311,59,0.09885118888592039,0.0830884317392466,0.01576275714667379
2014,EE,4016,357,359,-2,0.08889442231075698,0.08939243027888447,-0.00049800796812749
2015,EE,3993,367,340,27,0.09191084397695969,0.08514901076884548,0.0067618332081141996
2016,EE,4003,391,377,14,0.09767674244316762,0.09417936547589308,0.0034973769672745443
2017,EE,3962,390,366,24,0.09843513377082282,0.09237758707723372,0.006057546693589096
2018,EE,3895,396,382,14,0.10166880616174583,0.09807445442875481,0.003594351732991014
2019,EE,4359,466,444,22,0.10690525349850884,0.1018582243633861,0.005047029135122735
2020,EE,4540,497,455,42,0.10947136563876651,0.10022026431718062,0.009251101321585903
2021,EE,4827,533,483,50,0.11042055106691527,0.10006215040397763,0.010358400662937643
2022,EE,4886,558,460,98,0.11420384772820302,0.09414654113794516,0.02005730659025788
2023,EE,5034,622,520,102,0.12355979340484705,0.10329757647993643,0.02026221692491061
2024,EE,5086,590,479,111,0.11600471883602045,0.09418010224144711,0.02182461659457334
2025,EE,5563,784,602,182,0.140931152255977,0.10821499191083947,0.03271616034513752
1998,EG,3665,0,0,0,0.0,0.0,0.0
1999,EG,4310,157,143,14,0.03642691415313225,0.03317865429234339,0.0032482598607888632
2000,EG,5238,224,202,22,0.042764413898434515,0.038564337533409696,0.004200076365024819
2001,EG,4944,268,254,14,0.054207119741100325,0.05137540453074434,0.0028317152103559872
2002,EG,6986,371,339,32,0.0531062124248497,0.048525622673919265,0.004580589750930432
2003,EG,7141,453,424,29,0.06343649348830696,0.059375437613779586,0.004061055874527377
2004,EG,6688,486,486,0,0.07266746411483253,0.07266746411483253,0.0
2005,EG,7820,542,594,-52,0.06930946291560103,0.07595907928388747,-0.006649616368286445
2006,EG,9436,780,633,147,0.08266214497668503,0.06708350996184824,0.015578635014836795
2007,EG,9843,772,730,42,0.0784313725490196,0.07416438077821802,0.004266991770801585
2008,EG,11107,958,868,90,0.08625191320788692,0.07814891509858647,0.00810299810930044
2009,EG,13182,1096,1067,29,0.08314368077681687,0.08094371112122592,0.0021999696555909574
2010,EG,15244,1278,1294,-16,0.08383626344791394,0.08488585673051692,-0.0010495932826029913
2011,EG,17591,1496,1478,18,0.08504348814734808,0.084020237621511,0.0010232505258370758
2012,EG,20339,1724,1663,61,0.08476326269728109,0.0817640985299179,0.002999164167363194
2013,EG,24378,2089,1879,210,0.08569201739273115,0.07707769300188695,0.008614324390844204
2014,EG,28261,2256,2209,47,0.07982732387388981,0.0781642546265171,0.0016630692473727044
2015,EG,31827,2547,2382,165,0.08002639268545575,0.07484211518522009,0.005184277500235649
2016,EG,37664,2976,2736,240,0.0790144435004248,0.07264231096006797,0.006372132540356839
2017,EG,41807,3056,2859,197,0.07309780658741359,0.06838567703973018,0.004712129547683402
2018,EG,48980,3523,3183,340,0.07192731727235606,0.06498570845242957,0.006941608819926501
2019,EG,55995,3818,3760,58,0.06818465934458434,0.06714885257612287,0.0010358067684614698
2020,EG,63929,4351,4113,238,0.06805987892818596,0.06433699885810822,0.0037228800700777427
2021,EG,70466,4535,4433,102,0.06435727868759401,0.06290977208866687,0.0014475065989271421
2022,EG,78000,4296,4167,129,0.05507692307692308,0.05342307692307692,0.0016538461538461537
2023,EG,78905,5106,5340,-234,0.06471072809074203,0.06767631962486534,-0.002965591534123313
2024,EG,80861,5426,6373,-947,0.06710280604988808,0.07881426151049331,-0.011711455460605235
2025,EG,72436,5879,7688,-1809,0.08116130101054723,0.10613507095919156,-0.02497376994864432
2021,EH,1,0,0,0,0.0,0.0,0.0
1998,ER,20,0,0,0,0.0,0.0,0.0
1999,ER,13,3,2,1,0.23076923076923078,0.15384615384615385,0.07692307692307693
2000,ER,22,2,0,2,0.09090909090909091,0.0,0.09090909090909091
2001,ER,26,2,1,1,0.07692307692307693,0.038461538461538464,0.038461538461538464
2002,ER,31,2,2,0,0.06451612903225806,0.06451612903225806,0.0
2003,ER,34,4,2,2,0.11764705882352941,0.058823529411764705,0.058823529411764705
2004,ER,38,1,3,-2,0.02631578947368421,0.07894736842105263,-0.05263157894736842
2005,ER,53,5,3,2,0.09433962264150944,0.05660377358490566,0.03773584905660377
2006,ER,56,5,7,-2,0.08928571428571429,0.125,-0.03571428571428571
2007,ER,44,10,11,-1,0.22727272727272727,0.25,-0.022727272727272728
2008,ER,29,4,8,-4,0.13793103448275862,0.27586206896551724,-0.13793103448275862
2009,ER,41,7,6,1,0.17073170731707318,0.14634146341463414,0.024390243902439025
2010,ER,83,8,6,2,0.0963855421686747,0.07228915662650602,0.024096385542168676
2011,ER,44,6,10,-4,0.13636363636363635,0.22727272727272727,-0.09090909090909091
2012,ER,33,4,12,-8,0.12121212121212122,0.36363636363636365,-0.24242424242424243
2013,ER,64,8,10,-2,0.125,0.15625,-0.03125
2014,ER,33,6,8,-2,0.18181818181818182,0.24242424242424243,-0.06060606060606061
2015,ER,50,6,9,-3,0.12,0.18,-0.06
2016,ER,84,6,7,-1,0.07142857142857142,0.08333333333333333,-0.011904761904761904
2017,ER,141,11,8,3,0.07801418439716312,0.05673758865248227,0.02127659574468085
2018,ER,140,10,12,-2,0.07142857142857142,0.08571428571428572,-0.014285714285714285
2019,ER,186,19,15,4,0.10215053763440861,0.08064516129032258,0.021505376344086023
2020,ER,187,19,27,-8,0.10160427807486631,0.1443850267379679,-0.0427807486631016
2021,ER,188,30,30,0,0.1595744680851064,0.1595744680851064,0.0
2022,ER,189,29,21,8,0.15343915343915343,0.1111111111111111,0.042328042328042326
2023,ER,165,19,28,-9,0.11515151515151516,0.1696969696969697,-0.05454545454545454
2024,ER,115,15,16,-1,0.13043478260869565,0.1391304347826087,-0.008695652173913044
2025,ER,116,35,27,8,0.3017241379310345,0.23275862068965517,0.06896551724137931
1998,ES,40229,0,0,0,0.0,0.0,0.0
1999,ES,42463,1549,1663,-114,0.03647881685231849,0.03916350705319926,-0.002684690200880767
2000,ES,50435,2345,2343,2,0.046495489243580844,0.046455834242093784,3.9655001487062554e-05
2001,ES,54992,3010,2827,183,0.05473523421588595,0.051407477451265636,0.0033277567646203083
2002,ES,60196,3433,3559,-126,0.05703036746627683,0.059123529802644695,-0.002093162336367865
2003,ES,63859,4010,3841,169,0.06279459434065676,0.06014813886844454,0.0026464554722122175
2004,ES,69903,4425,4282,143,0.06330200420582807,0.06125631231849849,0.0020456918873295853
2005,ES,75473,4936,4817,119,0.06540087183496085,0.06382414903342917,0.0015767228015316735
2006,ES,83285,5597,5535,62,0.06720297772708171,0.06645854595665486,0.0007444317704268476
2007,ES,86836,6015,6148,-133,0.06926850614952323,0.07080012897876457,-0.0015316228292413284
2008,ES,95073,6875,6837,38,0.07231285433298623,0.07191316146540028,0.00039969286758596026
2009,ES,104596,7867,7643,224,0.07521320126964702,0.07307162797812536,0.0021415732915216644
2010,ES,110693,8356,8094,262,0.07548806157570939,0.07312115490591094,0.0023669066697984517
2011,ES,123363,9147,8963,184,0.07414702949830987,0.07265549638060034,0.001491533117709524
2012,ES,130560,9262,9975,-713,0.0709405637254902,0.0764016544117647,-0.0054610906862745095
2013,ES,136551,9703,10820,-1117,0.07105770005345988,0.07923779393779613,-0.008180093884336255
2014,ES,142986,10005,11976,-1971,0.06997188535940582,0.08375645168058411,-0.013784566321178297
2015,ES,147678,10798,12893,-2095,0.07311854169205975,0.08730481182031176,-0.014186270128252007
2016,ES,152392,11490,13853,-2363,0.07539765866974645,0.09090372198015644,-0.015506063310409995
2017,ES,160875,12620,13958,-1338,0.07844599844599845,0.08676301476301476,-0.008317016317016318
2018,ES,165542,12558,14330,-1772,0.07585990262289932,0.0865641347815056,-0.010704232158606275
2019,ES,174935,13655,14260,-605,0.0780575642381456,0.08151599165404293,-0.003458427415897333
2020,ES,191347,14562,15272,-710,0.07610257803885088,0.07981311439426801,-0.003710536355417122
2021,ES,199157,14510,15236,-726,0.07285709264550079,0.07650245785987939,-0.003645365214378606
2022,ES,204780,13221,13764,-543,0.06456196894227952,0.0672135950776443,-0.0026516261353647817
2023,ES,207577,16349,17511,-1162,0.0787611344224071,0.08435905712097197,-0.00559792269856487
2024,ES,213914,17301,18778,-1477,0.08087829688566434,0.08778294080798826,-0.006904643922323925
2025,ES,222996,19200,21122,-1922,0.08610019910671043,0.09471918778812176,-0.008618988681411326
1998,ET,280,0,0,0,0.0,0.0,0.0
1999,ET,317,43,42,1,0.13564668769716087,0.13249211356466878,0.0031545741324921135
2000,ET,601,57,68,-11,0.09484193011647254,0.11314475873544093,-0.018302828618968387
2001,ET,675,52,83,-31,0.07703703703703704,0.12296296296296297,-0.045925925925925926
2002,ET,723,80,74,6,0.11065006915629322,0.10235131396957123,0.008298755186721992
2003,ET,690,78,106,-28,0.11304347826086956,0.1536231884057971,-0.04057971014492753
2004,ET,799,88,100,-12,0.11013767209011265,0.1251564455569462,-0.015018773466833541
2005,ET,854,83,84,-1,0.09718969555035128,0.09836065573770492,-0.00117096018735363
2006,ET,884,107,116,-9,0.12104072398190045,0.13122171945701358,-0.010180995475113122
2007,ET,1000,119,114,5,0.119,0.114,0.005
2008,ET,1076,119,114,5,0.11059479553903345,0.10594795539033457,0.004646840148698885
2009,ET,1231,172,155,17,0.1397238017871649,0.12591389114541024,0.01380991064175467
2010,ET,1396,161,155,6,0.11532951289398281,0.11103151862464183,0.004297994269340974
2011,ET,1816,234,202,32,0.1288546255506608,0.11123348017621146,0.01762114537444934
2012,ET,2025,201,215,-14,0.09925925925925926,0.10617283950617284,-0.006913580246913581
2013,ET,2859,309,220,89,0.1080797481636936,0.07694998251136762,0.03112976565232599
2014,ET,4136,383,286,97,0.09260154738878143,0.06914893617021277,0.023452611218568665
2015,ET,4737,398,389,9,0.0840194215748364,0.08211948490605869,0.0018999366687777073
2016,ET,5378,496,437,59,0.09222759390107847,0.08125697285236147,0.010970621048716996
2017,ET,7048,557,514,43,0.07902951191827469,0.07292849035187288,0.006101021566401816
2018,ET,8434,648,551,97,0.07683187099834005,0.06533080388902063,0.011501067109319422
2019,ET,11839,797,651,146,0.06731987498944167,0.05498775234394797,0.012332122645493708
2020,ET,15876,957,839,118,0.060279667422524566,0.052847064751826656,0.007432602670697909
2021,ET,17394,1000,879,121,0.05749108888122341,0.05053466712659538,0.006956421754628033
2022,ET,20305,957,830,127,0.04713124846097021,0.04087663137158335,0.006254617089386851
2023,ET,20762,1093,1166,-73,0.05264425392544071,0.05616029284269338,-0.003516038917252673
2024,ET,24029,1295,1330,-35,0.0538932123683882,0.05534978567564193,-0.0014565733072537351
2025,ET,23792,1478,1668,-190,0.0621217215870881,0.07010759919300605,-0.007985877605917955
1998,FI,9552,0,0,0,0.0,0.0,0.0
1999,FI,10272,455,428,27,0.044295171339563864,0.041666666666666664,0.002628504672897196
2000,FI,10834,616,624,-8,0.056858039505261214,0.05759645560273214,-0.0007384160974709249
2001,FI,11122,717,752,-35,0.06446682251393634,0.0676137385362345,-0.0031469160222981477
2002,FI,12777,860,820,40,0.06730844486186116,0.06417781951944901,0.003130625342412147
2003,FI,12990,930,825,105,0.07159353348729793,0.06351039260969978,0.008083140877598153
2004,FI,13684,945,960,-15,0.06905875475007307,0.0701549254603917,-0.0010961707103186204
2005,FI,14515,1035,1053,-18,0.0713055459869101,0.07254564243885636,-0.0012400964519462625
2006,FI,15719,1202,1120,82,0.076467968700299,0.07125135186716712,0.005216616833131879
2007,FI,15820,1163,1124,39,0.07351453855878634,0.07104930467762326,0.0024652338811630846
2008,FI,17292,1247,1308,-61,0.07211427249595188,0.07564191533657183,-0.0035276428406199396
2009,FI,18294,1436,1366,70,0.07849568164425495,0.07466929047775227,0.0038263911665026786
2010,FI,18883,1485,1397,88,0.07864216491023672,0.07398188847111158,0.004660276439125139
2011,FI,20081,1466,1429,37,0.07300433245356307,0.07116179473133807,0.0018425377222249888
2012,FI,21171,1562,1506,56,0.0737801709886165,0.07113504321949837,0.0026451277691181335
2013,FI,22006,1658,1553,105,0.07534308824865946,0.07057166227392529,0.004771425974734163
2014,FI,22971,1743,1674,69,0.07587828131121849,0.0728744939271255,0.003003787384092987
2015,FI,23970,1797,1719,78,0.07496871088861076,0.07171464330413016,0.003254067584480601
2016,FI,24806,1850,1862,-12,0.07457873095218899,0.07506248488268967,-0.0004837539305006853
2017,FI,25237,1940,1905,35,0.07687126045092522,0.075484407813924,0.0013868526370012283
2018,FI,25729,1892,2105,-213,0.0735356990166738,0.08181429515332893,-0.008278596136655136
2019,FI,26374,2112,1989,123,0.08007886554940472,0.07541518161826041,0.004663683931144308
2020,FI,27726,2268,2105,163,0.08180047608742697,0.0759215177090096,0.00587895837841737
2021,FI,28670,2357,2067,290,0.0822113707708406,0.07209626787582839,0.010115102895012208
2022,FI,30289,2441,1785,656,0.08059031331506487,0.058932285648255145,0.021658027666809732
2023,FI,30462,2446,2147,299,0.08029676318035585,0.07048125533451513,0.00981550784584072
2024,FI,31625,2554,2254,300,0.0807588932806324,0.07127272727272728,0.009486166007905139
2025,FI,35002,3031,2480,551,0.08659505171133078,0.07085309410890807,0.01574195760242272
1998,FJ,30,0,0,0,0.0,0.0,0.0
1999,FJ,40,8,4,4,0.2,0.1,0.1
2000,FJ,54,7,7,0,0.12962962962962962,0.12962962962962962,0.0
2001,FJ,57,13,11,2,0.22807017543859648,0.19298245614035087,0.03508771929824561
2002,FJ,54,10,8,2,0.18518518518518517,0.14814814814814814,0.037037037037037035
2003,FJ,84,23,20,3,0.27380952380952384,0.23809523809523808,0.03571428571428571
2004,FJ,109,24,15,9,0.22018348623853212,0.13761467889908258,0.08256880733944955
2005,FJ,91,16,17,-1,0.17582417582417584,0.18681318681318682,-0.01098901098901099
2006,FJ,128,27,23,4,0.2109375,0.1796875,0.03125
2007,FJ,146,30,33,-3,0.2054794520547945,0.22602739726027396,-0.02054794520547945
2008,FJ,143,28,26,2,0.1958041958041958,0.18181818181818182,0.013986013986013986
2009,FJ,161,32,37,-5,0.19875776397515527,0.22981366459627328,-0.031055900621118012
2010,FJ,140,29,43,-14,0.20714285714285716,0.30714285714285716,-0.1
2011,FJ,171,39,54,-15,0.22807017543859648,0.3157894736842105,-0.08771929824561403
2012,FJ,197,51,42,9,0.25888324873096447,0.2131979695431472,0.04568527918781726
2013,FJ,254,66,53,13,0.25984251968503935,0.20866141732283464,0.051181102362204724
2014,FJ,317,79,68,11,0.24921135646687698,0.21451104100946372,0.03470031545741325
2015,FJ,333,89,75,14,0.2672672672672673,0.22522522522522523,0.042042042042042045
2016,FJ,381,71,80,-9,0.18635170603674542,0.2099737532808399,-0.023622047244094488
2017,FJ,464,92,66,26,0.19827586206896552,0.14224137931034483,0.05603448275862069
2018,FJ,425,93,82,11,0.2188235294117647,0.19294117647058823,0.02588235294117647
2019,FJ,500,100,107,-7,0.2,0.214,-0.014
2020,FJ,565,89,129,-40,0.15752212389380532,0.22831858407079647,-0.07079646017699115
2021,FJ,640,99,97,2,0.1546875,0.1515625,0.003125
2022,FJ,647,82,110,-28,0.1267387944358578,0.17001545595054096,-0.04327666151468315
2023,FJ,654,99,132,-33,0.15137614678899083,0.2018348623853211,-0.05045871559633028
2024,FJ,759,140,129,11,0.1844532279314888,0.16996047430830039,0.014492753623188406
2025,FJ,792,169,134,35,0.21338383838383837,0.1691919191919192,0.04419191919191919
1998,FK,5,0,0,0,0.0,0.0,0.0
1999,FK,1,1,1,0,1.0,1.0,0.0
2000,FK,11,4,0,4,0.36363636363636365,0.0,0.36363636363636365
2001,FK,12,3,3,0,0.25,0.25,0.0
2002,FK,14,2,3,-1,0.14285714285714285,0.21428571428571427,-0.07142857142857142
2003,FK,17,2,0,2,0.11764705882352941,0.0,0.11764705882352941
2004,FK,16,3,1,2,0.1875,0.0625,0.125
2005,FK,15,2,3,-1,0.13333333333333333,0.2,-0.06666666666666667
2006,FK,13,4,2,2,0.3076923076923077,0.15384615384615385,0.15384615384615385
2007,FK,16,4,6,-2,0.25,0.375,-0.125
2008,FK,12,2,5,-3,0.16666666666666666,0.4166666666666667,-0.25
2009,FK,11,4,1,3,0.36363636363636365,0.09090909090909091,0.2727272727272727
2010,FK,16,6,4,2,0.375,0.25,0.125
2011,FK,9,2,2,0,0.2222222222222222,0.2222222222222222,0.0
2012,FK,17,4,8,-4,0.23529411764705882,0.47058823529411764,-0.23529411764705882
2013,FK,13,4,5,-1,0.3076923076923077,0.38461538461538464,-0.07692307692307693
2014,FK,10,2,6,-4,0.2,0.6,-0.4
2015,FK,20,10,5,5,0.5,0.25,0.25
2016,FK,10,2,2,0,0.2,0.2,0.0
2017,FK,18,8,7,1,0.4444444444444444,0.3888888888888889,0.05555555555555555
2018,FK,20,7,4,3,0.35,0.2,0.15
2019,FK,17,4,7,-3,0.23529411764705882,0.4117647058823529,-0.17647058823529413
2020,FK,20,9,6,3,0.45,0.3,0.15
2021,FK,31,10,7,3,0.3225806451612903,0.22580645161290322,0.0967741935483871
2022,FK,26,8,8,0,0.3076923076923077,0.3076923076923077,0.0
2023,FK,22,5,11,-6,0.22727272727272727,0.5,-0.2727272727272727
2024,FK,18,7,6,1,0.3888888888888889,0.3333333333333333,0.05555555555555555
2025,FK,11,4,9,-5,0.36363636363636365,0.8181818181818182,-0.45454545454545453
1998,FM,1,0,0,0,0.0,0.0,0.0
1999,FM,2,0,0,0,0.0,0.0,0.0
2000,FM,5,0,0,0,0.0,0.0,0.0
2001,FM,7,1,1,0,0.14285714285714285,0.14285714285714285,0.0
2002,FM,3,0,1,-1,0.0,0.3333333333333333,-0.3333333333333333
2003,FM,9,1,1,0,0.1111111111111111,0.1111111111111111,0.0
2004,FM,11,3,1,2,0.2727272727272727,0.09090909090909091,0.18181818181818182
2005,FM,11,3,2,1,0.2727272727272727,0.18181818181818182,0.09090909090909091
2006,FM,8,2,3,-1,0.25,0.375,-0.125
2007,FM,29,9,2,7,0.3103448275862069,0.06896551724137931,0.2413793103448276
2008,FM,7,0,4,-4,0.0,0.5714285714285714,-0.5714285714285714
2009,FM,17,4,7,-3,0.23529411764705882,0.4117647058823529,-0.17647058823529413
2010,FM,11,2,1,1,0.18181818181818182,0.09090909090909091,0.09090909090909091
2011,FM,5,2,3,-1,0.4,0.6,-0.2
2012,FM,8,2,0,2,0.25,0.0,0.25
2013,FM,15,1,2,-1,0.06666666666666667,0.13333333333333333,-0.06666666666666667
2014,FM,27,2,1,1,0.07407407407407407,0.037037037037037035,0.037037037037037035
2015,FM,23,3,2,1,0.13043478260869565,0.08695652173913043,0.043478260869565216
2016,FM,36,6,3,3,0.16666666666666666,0.08333333333333333,0.08333333333333333
2017,FM,36,1,3,-2,0.027777777777777776,0.08333333333333333,-0.05555555555555555
2018,FM,36,7,5,2,0.19444444444444445,0.1388888888888889,0.05555555555555555
2019,FM,23,1,3,-2,0.043478260869565216,0.13043478260869565,-0.08695652173913043
2020,FM,23,4,2,2,0.17391304347826086,0.08695652173913043,0.08695652173913043
2021,FM,25,1,4,-3,0.04,0.16,-0.12
2022,FM,41,10,3,7,0.24390243902439024,0.07317073170731707,0.17073170731707318
2023,FM,24,3,12,-9,0.125,0.5,-0.375
2024,FM,30,6,5,1,0.2,0.16666666666666666,0.03333333333333333
2025,FM,21,10,1,9,0.47619047619047616,0.047619047619047616,0.42857142857142855
1998,FO,5,0,0,0,0.0,0.0,0.0
1999,FO,9,0,0,0,0.0,0.0,0.0
2000,FO,11,2,2,0,0.18181818181818182,0.18181818181818182,0.0
2001,FO,12,0,1,-1,0.0,0.08333333333333333,-0.08333333333333333
2002,FO,17,3,0,3,0.17647058823529413,0.0,0.17647058823529413
2003,FO,22,2,3,-1,0.09090909090909091,0.13636363636363635,-0.045454545454545456
2004,FO,14,6,1,5,0.42857142857142855,0.07142857142857142,0.35714285714285715
2005,FO,23,3,2,1,0.13043478260869565,0.08695652173913043,0.043478260869565216
2006,FO,15,1,3,-2,0.06666666666666667,0.2,-0.13333333333333333
2007,FO,22,6,5,1,0.2727272727272727,0.22727272727272727,0.045454545454545456
2008,FO,22,4,3,1,0.18181818181818182,0.13636363636363635,0.045454545454545456
2009,FO,40,9,3,6,0.225,0.075,0.15
2010,FO,47,9,6,3,0.19148936170212766,0.1276595744680851,0.06382978723404255
2011,FO,38,5,6,-1,0.13157894736842105,0.15789473684210525,-0.02631578947368421
2012,FO,36,8,3,5,0.2222222222222222,0.08333333333333333,0.1388888888888889
2013,FO,41,7,5,2,0.17073170731707318,0.12195121951219512,0.04878048780487805
2014,FO,60,9,4,5,0.15,0.06666666666666667,0.08333333333333333
2015,FO,73,15,7,8,0.2054794520547945,0.0958904109589041,0.1095890410958904
2016,FO,73,11,6,5,0.1506849315068493,0.0821917808219178,0.0684931506849315
2017,FO,93,16,7,9,0.17204301075268819,0.07526881720430108,0.0967741935483871
2018,FO,78,11,8,3,0.14102564102564102,0.10256410256410256,0.038461538461538464
2019,FO,99,13,14,-1,0.13131313131313133,0.1414141414141414,-0.010101010101010102
2020,FO,85,14,16,-2,0.16470588235294117,0.18823529411764706,-0.023529411764705882
2021,FO,106,16,10,6,0.1509433962264151,0.09433962264150944,0.05660377358490566
2022,FO,134,19,9,10,0.1417910447761194,0.06716417910447761,0.07462686567164178
2023,FO,108,12,8,4,0.1111111111111111,0.07407407407407407,0.037037037037037035
2024,FO,127,15,13,2,0.11811023622047244,0.10236220472440945,0.015748031496062992
2025,FO,148,16,8,8,0.10810810810810811,0.05405405405405406,0.05405405405405406
1998,FR,89294,0,0,0,0.0,0.0,0.0
1999,FR,89938,3908,4289,-381,0.04345215592964042,0.0476884075696591,-0.0042362516400186795
2000,FR,93119,5552,6100,-548,0.059622633404568345,0.06550757632706537,-0.0058849429224970195
2001,FR,95230,6305,7098,-793,0.06620812769085373,0.0745353355035178,-0.008327207812664076
2002,FR,108788,7514,8251,-737,0.06907011802772364,0.07584476228995846,-0.006774644262234806
2003,FR,110601,8366,8987,-621,0.07564126906628331,0.08125604650952523,-0.005614777443241924
2004,FR,123357,9343,9752,-409,0.07573952025422148,0.07905510023752199,-0.0033155799833005017
2005,FR,133566,10412,10776,-364,0.07795397032178848,0.08067921477022595,-0.0027252444484374768
2006,FR,144978,11349,12345,-996,0.07828084261060299,0.085150850473865,-0.006870007863262012
2007,FR,151688,12312,13010,-698,0.08116660513685987,0.08576815568799113,-0.004601550551131269
2008,FR,162519,13853,13755,98,0.0852392643321704,0.08463625791445924,0.0006030064177111599
2009,FR,169004,14517,14985,-468,0.0858973752100542,0.08866654043691273,-0.002769165226858536
2010,FR,172415,14625,15236,-611,0.0848244062291564,0.08836818142273004,-0.003543775193573645
2011,FR,185526,15679,15978,-299,0.0845110658344383,0.08612269978331878,-0.0016116339488804804
2012,FR,198147,16499,17229,-730,0.08326646378698643,0.08695059728383472,-0.0036841334968482995
2013,FR,206732,17227,17964,-737,0.08333010854633051,0.08689511057794633,-0.003565002031615812
2014,FR,214781,17683,18946,-1263,0.08233037372951983,0.0882107821455343,-0.005880408416014452
2015,FR,219202,18432,19782,-1350,0.08408682402532823,0.09024552695687083,-0.006158702931542595
2016,FR,222984,18491,20212,-1721,0.08292523230366304,0.09064327485380116,-0.0077180425501381265
2017,FR,228485,18841,20374,-1533,0.08246055539750968,0.08916996739392083,-0.006709411996411143
2018,FR,234806,18896,21054,-2158,0.08047494527397085,0.08966551110278272,-0.009190565828811871
2019,FR,236896,19025,21071,-2046,0.08030950290422802,0.0889462042415237,-0.008636701337295691
2020,FR,235208,19664,22094,-2430,0.08360259855106969,0.09393387980000681,-0.010331281248937112
2021,FR,240876,20220,21737,-1517,0.08394360583868879,0.09024145203341138,-0.006297846194722596
2022,FR,258315,18966,20453,-1487,0.07342198478601707,0.07917852234674719,-0.005756537560730116
2023,FR,250013,20528,23079,-2551,0.0821077303980193,0.09231119981760949,-0.010203469419590182
2024,FR,253875,20291,23243,-2952,0.07992516001969473,0.09155292959133432,-0.011627769571639586
2025,FR,249966,21179,25122,-3943,0.08472752294312026,0.10050166822687885,-0.015774145283758593
1998,GA,79,0,0,0,0.0,0.0,0.0
1999,GA,89,7,11,-4,0.07865168539325842,0.12359550561797752,-0.0449438202247191
2000,GA,99,18,6,12,0.18181818181818182,0.06060606060606061,0.12121212121212122
2001,GA,99,14,17,-3,0.1414141414141414,0.1717171717171717,-0.030303030303030304
2002,GA,89,22,15,7,0.24719101123595505,0.16853932584269662,0.07865168539325842
2003,GA,116,16,20,-4,0.13793103448275862,0.1724137931034483,-0.034482758620689655
2004,GA,118,18,27,-9,0.15254237288135594,0.2288135593220339,-0.07627118644067797
2005,GA,140,29,19,10,0.20714285714285716,0.1357142857142857,0.07142857142857142
2006,GA,101,19,25,-6,0.18811881188118812,0.24752475247524752,-0.0594059405940594
2007,GA,144,21,19,2,0.14583333333333334,0.13194444444444445,0.013888888888888888
2008,GA,151,21,28,-7,0.1390728476821192,0.18543046357615894,-0.046357615894039736
2009,GA,183,29,27,2,0.15846994535519127,0.14754098360655737,0.01092896174863388
2010,GA,182,33,27,6,0.1813186813186813,0.14835164835164835,0.03296703296703297
2011,GA,222,37,32,5,0.16666666666666666,0.14414414414414414,0.02252252252252252
2012,GA,238,29,53,-24,0.12184873949579832,0.22268907563025211,-0.10084033613445378
2013,GA,244,40,35,5,0.16393442622950818,0.14344262295081966,0.020491803278688523
2014,GA,320,47,29,18,0.146875,0.090625,0.05625
2015,GA,380,67,51,16,0.1763157894736842,0.13421052631578947,0.042105263157894736
2016,GA,324,40,50,-10,0.12345679012345678,0.15432098765432098,-0.030864197530864196
2017,GA,415,57,36,21,0.13734939759036144,0.08674698795180723,0.05060240963855422
2018,GA,436,45,54,-9,0.10321100917431193,0.12385321100917432,-0.020642201834862386
2019,GA,474,52,58,-6,0.10970464135021098,0.12236286919831224,-0.012658227848101266
2020,GA,560,66,59,7,0.11785714285714285,0.10535714285714286,0.0125
2021,GA,673,71,64,7,0.10549777117384844,0.0950965824665676,0.010401188707280832
2022,GA,750,76,62,14,0.10133333333333333,0.08266666666666667,0.018666666666666668
2023,GA,755,70,60,10,0.09271523178807947,0.07947019867549669,0.013245033112582781
2024,GA,947,75,60,15,0.0791974656810982,0.06335797254487856,0.01583949313621964
2025,GA,869,72,86,-14,0.08285385500575373,0.09896432681242807,-0.01611047180667434
1998,GB,111872,0,0,0,0.0,0.0,0.0
1999,GB,114433,7691,7771,-80,0.0672096335847177,0.0679087326208349,-0.000699099036117204
2000,GB,120012,11141,10891,250,0.09283238342832384,0.09074925840749258,0.0020831250208312503
2001,GB,119130,12608,12837,-229,0.10583396289767481,0.1077562326869806,-0.0019222697893058003
2002,GB,130032,14400,15259,-859,0.11074197120708748,0.11734803740617694,-0.006606066199089455
2003,GB,133854,15946,16511,-565,0.11912979813827006,0.12335081506716274,-0.004221016928892674
2004,GB,136847,16383,18034,-1651,0.11971764086899969,0.13178220932866633,-0.012064568459666636
2005,GB,146247,18597,19688,-1091,0.1271615828016985,0.1346215648868011,-0.007459982085102601
2006,GB,158532,21075,20940,135,0.1329384603739308,0.13208689728256756,0.0008515630913632578
2007,GB,163973,22461,22486,-25,0.13697986863690972,0.13713233276210107,-0.00015246412519134248
2008,GB,172354,24097,24249,-152,0.13981108648479293,0.14069299232973995,-0.0008819058449470276
2009,GB,179635,25291,26190,-899,0.1407910485150444,0.14579564116124363,-0.005004592646199238
2010,GB,188766,26533,27449,-916,0.14056027038767574,0.14541283917654663,-0.004852568788870877
2011,GB,200302,27711,29453,-1742,0.13834609739293666,0.14704296512266476,-0.00869686772972811
2012,GB,213789,29346,31628,-2282,0.13726618301222232,0.1479402588533554,-0.01067407584113308
2013,GB,216736,30366,33023,-2657,0.14010593533146315,0.15236508932526208,-0.012259153993798908
2014,GB,225115,32540,34109,-1569,0.1445483419585545,0.1515181129644848,-0.006969771005930302
2015,GB,233879,34231,34893,-662,0.14636200770483881,0.14919253118065323,-0.0028305234758144167
2016,GB,244518,35683,35560,123,0.1459319968264095,0.14542896637466363,0.0005030304517458838
2017,GB,252035,36375,37724,-1349,0.14432519292955343,0.14967762413950444,-0.005352431209950999
2018,GB,262825,37597,38983,-1386,0.14304955769047845,0.1483230286312185,-0.005273470940740036
2019,GB,269443,38221,40693,-2472,0.14185189446376414,0.15102637663624588,-0.009174482172481749
2020,GB,288634,41788,42406,-618,0.14477850842243117,0.14691962831821614,-0.0021411198957849735
2021,GB,301312,42159,44150,-1991,0.13991809154630416,0.14652586023789294,-0.006607768691588785
2022,GB,303717,37834,40940,-3106,0.12456991212214003,0.13479653756622118,-0.010226625444081167
2023,GB,303029,45415,47265,-1850,0.1498701444416211,0.155975170693234,-0.006105026251612882
2024,GB,314039,48291,51961,-3670,0.15377389432522712,0.1654603409130713,-0.011686446587844184
2025,GB,320866,51218,56253,-5035,0.15962426682789702,0.17531617559978308,-0.015691908771886084
1998,GD,7,0,0,0,0.0,0.0,0.0
1999,GD,3,0,1,-1,0.0,0.3333333333333333,-0.3333333333333333
2000,GD,6,4,0,4,0.6666666666666666,0.0,0.6666666666666666
2001,GD,11,2,0,2,0.18181818181818182,0.0,0.18181818181818182
2002,GD,7,2,3,-1,0.2857142857142857,0.42857142857142855,-0.14285714285714285
2003,GD,13,2,2,0,0.15384615384615385,0.15384615384615385,0.0
2004,GD,8,1,0,1,0.125,0.0,0.125
2005,GD,13,4,3,1,0.3076923076923077,0.23076923076923078,0.07692307692307693
2006,GD,36,13,1,12,0.3611111111111111,0.027777777777777776,0.3333333333333333
2007,GD,43,5,5,0,0.11627906976744186,0.11627906976744186,0.0
2008,GD,50,9,11,-2,0.18,0.22,-0.04
2009,GD,70,22,8,14,0.3142857142857143,0.11428571428571428,0.2
2010,GD,73,22,12,10,0.3013698630136986,0.1643835616438356,0.136986301369863
2011,GD,106,32,27,5,0.3018867924528302,0.25471698113207547,0.04716981132075472
2012,GD,129,33,22,11,0.2558139534883721,0.17054263565891473,0.08527131782945736
2013,GD,156,34,31,3,0.21794871794871795,0.1987179487179487,0.019230769230769232
2014,GD,206,47,37,10,0.22815533980582525,0.1796116504854369,0.04854368932038835
2015,GD,176,49,46,3,0.2784090909090909,0.26136363636363635,0.017045454545454544
2016,GD,170,52,49,3,0.3058823529411765,0.28823529411764703,0.01764705882352941
2017,GD,252,69,66,3,0.27380952380952384,0.2619047619047619,0.011904761904761904
2018,GD,206,50,70,-20,0.24271844660194175,0.33980582524271846,-0.0970873786407767
2019,GD,232,61,76,-15,0.2629310344827586,0.3275862068965517,-0.06465517241379311
2020,GD,271,72,80,-8,0.2656826568265683,0.2952029520295203,-0.02952029520295203
2021,GD,292,67,92,-25,0.22945205479452055,0.3150684931506849,-0.08561643835616438
2022,GD,333,68,71,-3,0.2042042042042042,0.2132132132132132,-0.009009009009009009
2023,GD,328,77,92,-15,0.2347560975609756,0.2804878048780488,-0.04573170731707317
2024,GD,402,92,95,-3,0.22885572139303484,0.236318407960199,-0.007462686567164179
2025,GD,406,104,108,-4,0.2561576354679803,0.2660098522167488,-0.009852216748768473
1998,GE,317,0,0,0,0.0,0.0,0.0
1999,GE,300,10,23,-13,0.03333333333333333,0.07666666666666666,-0.043333333333333335
2000,GE,374,21,28,-7,0.05614973262032086,0.0748663101604278,-0.01871657754010695
2001,GE,342,32,25,7,0.0935672514619883,0.07309941520467836,0.02046783625730994
2002,GE,393,26,33,-7,0.06615776081424936,0.08396946564885496,-0.017811704834605598
2003,GE,402,32,45,-13,0.07960199004975124,0.11194029850746269,-0.03233830845771144
2004,GE,473,48,27,21,0.1014799154334038,0.05708245243128964,0.04439746300211417
2005,GE,597,37,34,3,0.06197654941373534,0.05695142378559464,0.005025125628140704
2006,GE,647,35,49,-14,0.05409582689335394,0.07573415765069552,-0.021638330757341576
2007,GE,568,43,62,-19,0.07570422535211267,0.10915492957746478,-0.03345070422535211
2008,GE,563,57,74,-17,0.10124333925399645,0.13143872113676733,-0.03019538188277087
2009,GE,721,66,98,-32,0.09153952843273232,0.13592233009708737,-0.044382801664355064
2010,GE,656,77,61,16,0.1173780487804878,0.09298780487804878,0.024390243902439025
2011,GE,797,88,81,7,0.11041405269761606,0.10163111668757842,0.00878293601003764
2012,GE,971,106,92,14,0.10916580844490216,0.09474768280123584,0.014418125643666324
2013,GE,1060,119,74,45,0.11226415094339623,0.06981132075471698,0.04245283018867924
2014,GE,1310,100,84,16,0.07633587786259542,0.06412213740458016,0.012213740458015267
2015,GE,1472,126,99,27,0.08559782608695653,0.06725543478260869,0.018342391304347828
2016,GE,1721,123,101,22,0.07147007553747821,0.058686809994189425,0.012783265543288786
2017,GE,1905,116,124,-8,0.06089238845144357,0.06509186351706037,-0.004199475065616798
2018,GE,2028,149,112,37,0.07347140039447732,0.055226824457593686,0.01824457593688363
2019,GE,2175,138,142,-4,0.06344827586206897,0.06528735632183907,-0.0018390804597701149
2020,GE,2353,164,191,-27,0.06969825754356142,0.0811729706757331,-0.011474713132171696
2021,GE,2889,180,170,10,0.06230529595015576,0.058843890619591555,0.003461405330564209
2022,GE,3395,194,170,24,0.05714285714285714,0.050073637702503684,0.007069219440353461
2023,GE,4130,282,267,15,0.06828087167070218,0.06464891041162228,0.0036319612590799033
2024,GE,4468,337,285,52,0.07542524619516562,0.06378692927484333,0.011638316920322292
2025,GE,4982,406,320,86,0.08149337615415496,0.06423123243677238,0.017262143717382578
1998,GF,58,0,0,0,0.0,0.0,0.0
1999,GF,48,11,8,3,0.22916666666666666,0.16666666666666666,0.0625
2000,GF,68,18,11,7,0.2647058823529412,0.16176470588235295,0.10294117647058823
2001,GF,91,27,16,11,0.2967032967032967,0.17582417582417584,0.12087912087912088
2002,GF,77,21,30,-9,0.2727272727272727,0.38961038961038963,-0.11688311688311688
2003,GF,102,25,31,-6,0.24509803921568626,0.30392156862745096,-0.058823529411764705
2004,GF,165,64,25,39,0.3878787878787879,0.15151515151515152,0.23636363636363636
2005,GF,178,41,38,3,0.2303370786516854,0.21348314606741572,0.016853932584269662
2006,GF,156,23,42,-19,0.14743589743589744,0.2692307692307692,-0.12179487179487179
2007,GF,147,30,43,-13,0.20408163265306123,0.2925170068027211,-0.08843537414965986
2008,GF,122,41,65,-24,0.3360655737704918,0.5327868852459017,-0.19672131147540983
2009,GF,162,52,50,2,0.32098765432098764,0.30864197530864196,0.012345679012345678
2010,GF,117,27,54,-27,0.23076923076923078,0.46153846153846156,-0.23076923076923078
2011,GF,157,46,46,0,0.2929936305732484,0.2929936305732484,0.0
2012,GF,169,44,38,6,0.2603550295857988,0.22485207100591717,0.03550295857988166
2013,GF,189,45,43,2,0.23809523809523808,0.2275132275132275,0.010582010582010581
2014,GF,179,46,55,-9,0.2569832402234637,0.30726256983240224,-0.05027932960893855
2015,GF,249,79,47,32,0.3172690763052209,0.18875502008032127,0.1285140562248996
2016,GF,279,60,56,4,0.21505376344086022,0.2007168458781362,0.014336917562724014
2017,GF,277,67,55,12,0.24187725631768953,0.19855595667870035,0.04332129963898917
2018,GF,313,71,59,12,0.2268370607028754,0.18849840255591055,0.038338658146964855
2019,GF,308,77,67,10,0.25,0.21753246753246752,0.032467532467532464
2020,GF,348,86,74,12,0.2471264367816092,0.21264367816091953,0.034482758620689655
2021,GF,377,84,70,14,0.22281167108753316,0.1856763925729443,0.03713527851458886
2022,GF,402,70,61,9,0.17412935323383086,0.1517412935323383,0.022388059701492536
2023,GF,443,95,53,42,0.2144469525959368,0.11963882618510158,0.09480812641083522
2024,GF,535,101,90,11,0.18878504672897195,0.16822429906542055,0.020560747663551402
2025,GF,559,103,102,1,0.18425760286225404,0.18246869409660108,0.0017889087656529517
1998,GH,338,0,0,0,0.0,0.0,0.0
1999,GH,341,17,24,-7,0.04985337243401759,0.07038123167155426,-0.020527859237536656
2000,GH,632,38,33,5,0.060126582278481014,0.05221518987341772,0.007911392405063292
2001,GH,573,49,31,18,0.08551483420593368,0.05410122164048865,0.031413612565445025
2002,GH,545,44,64,-20,0.08073394495412844,0.11743119266055047,-0.03669724770642202
2003,GH,608,62,65,-3,0.10197368421052631,0.1069078947368421,-0.004934210526315789
2004,GH,803,74,69,5,0.0921544209215442,0.0859277708592777,0.0062266500622665
2005,GH,837,83,81,2,0.0991636798088411,0.0967741935483871,0.0023894862604540022
2006,GH,986,87,78,9,0.08823529411764706,0.07910750507099391,0.009127789046653144
2007,GH,985,115,97,18,0.116751269035533,0.09847715736040609,0.018274111675126905
2008,GH,1088,94,124,-30,0.08639705882352941,0.11397058823529412,-0.027573529411764705
2009,GH,1398,139,127,12,0.0994277539341917,0.09084406294706723,0.008583690987124463
2010,GH,1554,160,135,25,0.10296010296010295,0.08687258687258688,0.016087516087516088
2011,GH,1870,175,159,16,0.09358288770053476,0.08502673796791443,0.008556149732620321
2012,GH,2258,245,166,79,0.10850310008857396,0.07351638618246235,0.034986713906111605
2013,GH,2888,255,200,55,0.08829639889196676,0.06925207756232687,0.019044321329639888
2014,GH,3794,327,224,103,0.08618871903004745,0.05904059040590406,0.027148128624143383
2015,GH,4134,340,286,54,0.0822447992259313,0.06918238993710692,0.013062409288824383
2016,GH,4872,412,322,90,0.08456486042692939,0.06609195402298851,0.01847290640394089
2017,GH,5120,408,417,-9,0.0796875,0.0814453125,-0.0017578125
2018,GH,6030,431,462,-31,0.0714759535655058,0.07661691542288557,-0.005140961857379768
2019,GH,7193,513,555,-42,0.07131933824551648,0.07715834839427221,-0.005839010148755735
2020,GH,9043,654,570,84,0.07232113236757713,0.06303217958642043,0.009288952781156696
2021,GH,10027,723,633,90,0.07210531564775108,0.06312955021442106,0.00897576543333001
2022,GH,12428,776,653,123,0.06243965239781139,0.05254264563887995,0.009897006758931445
2023,GH,13296,967,898,69,0.0727286401925391,0.06753910950661854,0.005189530685920578
2024,GH,14697,875,1168,-293,0.059535959719670684,0.07947200108865755,-0.019936041368986867
2025,GH,15803,1158,1391,-233,0.07327722584319434,0.08802126178573688,-0.014744035942542555
1998,GI,22,0,0,0,0.0,0.0,0.0
1999,GI,24,8,6,2,0.3333333333333333,0.25,0.08333333333333333
2000,GI,23,7,2,5,0.30434782608695654,0.08695652173913043,0.21739130434782608
2001,GI,17,6,10,-4,0.35294117647058826,0.5882352941176471,-0.23529411764705882
2002,GI,13,4,6,-2,0.3076923076923077,0.46153846153846156,-0.15384615384615385
2003,GI,13,2,8,-6,0.15384615384615385,0.6153846153846154,-0.46153846153846156
2004,GI,19,4,3,1,0.21052631578947367,0.15789473684210525,0.05263157894736842
2005,GI,10,6,6,0,0.6,0.6,0.0
2006,GI,19,4,5,-1,0.21052631578947367,0.2631578947368421,-0.05263157894736842
2007,GI,23,2,7,-5,0.08695652173913043,0.30434782608695654,-0.21739130434782608
2008,GI,24,8,4,4,0.3333333333333333,0.16666666666666666,0.16666666666666666
2009,GI,15,5,5,0,0.3333333333333333,0.3333333333333333,0.0
2010,GI,15,5,7,-2,0.3333333333333333,0.4666666666666667,-0.13333333333333333
2011,GI,19,8,14,-6,0.42105263157894735,0.7368421052631579,-0.3157894736842105
2012,GI,20,10,4,6,0.5,0.2,0.3
2013,GI,28,7,15,-8,0.25,0.5357142857142857,-0.2857142857142857
2014,GI,34,7,6,1,0.20588235294117646,0.17647058823529413,0.029411764705882353
2015,GI,38,10,16,-6,0.2631578947368421,0.42105263157894735,-0.15789473684210525
2016,GI,35,8,15,-7,0.22857142857142856,0.42857142857142855,-0.2
2017,GI,27,12,6,6,0.4444444444444444,0.2222222222222222,0.2222222222222222
2018,GI,34,13,12,1,0.38235294117647056,0.35294117647058826,0.029411764705882353
2019,GI,32,11,7,4,0.34375,0.21875,0.125
2020,GI,45,16,19,-3,0.35555555555555557,0.4222222222222222,-0.06666666666666667
2021,GI,58,16,13,3,0.27586206896551724,0.22413793103448276,0.05172413793103448
2022,GI,46,14,8,6,0.30434782608695654,0.17391304347826086,0.13043478260869565
2023,GI,36,12,14,-2,0.3333333333333333,0.3888888888888889,-0.05555555555555555
2024,GI,57,15,14,1,0.2631578947368421,0.24561403508771928,0.017543859649122806
2025,GI,75,25,18,7,0.3333333333333333,0.24,0.09333333333333334
1998,GL,16,0,0,0,0.0,0.0,0.0
1999,GL,17,5,2,3,0.29411764705882354,0.11764705882352941,0.17647058823529413
2000,GL,24,7,2,5,0.2916666666666667,0.08333333333333333,0.20833333333333334
2001,GL,18,1,9,-8,0.05555555555555555,0.5,-0.4444444444444444
2002,GL,28,5,1,4,0.17857142857142858,0.03571428571428571,0.14285714285714285
2003,GL,19,5,9,-4,0.2631578947368421,0.47368421052631576,-0.21052631578947367
2004,GL,49,13,6,7,0.2653061224489796,0.12244897959183673,0.14285714285714285
2005,GL,33,9,9,0,0.2727272727272727,0.2727272727272727,0.0
2006,GL,40,15,6,9,0.375,0.15,0.225
2007,GL,38,4,14,-10,0.10526315789473684,0.3684210526315789,-0.2631578947368421
2008,GL,27,3,8,-5,0.1111111111111111,0.2962962962962963,-0.18518518518518517
2009,GL,40,10,4,6,0.25,0.1,0.15
2010,GL,53,13,7,6,0.24528301886792453,0.1320754716981132,0.11320754716981132
2011,GL,60,14,13,1,0.23333333333333334,0.21666666666666667,0.016666666666666666
2012,GL,77,15,10,5,0.19480519480519481,0.12987012987012986,0.06493506493506493
2013,GL,76,11,14,-3,0.14473684210526316,0.18421052631578946,-0.039473684210526314
2014,GL,84,13,14,-1,0.15476190476190477,0.16666666666666666,-0.011904761904761904
2015,GL,103,14,13,1,0.13592233009708737,0.1262135922330097,0.009708737864077669
2016,GL,138,33,10,23,0.2391304347826087,0.07246376811594203,0.16666666666666666
2017,GL,94,17,17,0,0.18085106382978725,0.18085106382978725,0.0
2018,GL,123,29,17,12,0.23577235772357724,0.13821138211382114,0.0975609756097561
2019,GL,87,17,21,-4,0.19540229885057472,0.2413793103448276,-0.04597701149425287
2020,GL,123,24,21,3,0.1951219512195122,0.17073170731707318,0.024390243902439025
2021,GL,128,29,10,19,0.2265625,0.078125,0.1484375
2022,GL,114,25,18,7,0.21929824561403508,0.15789473684210525,0.06140350877192982
2023,GL,144,25,35,-10,0.1736111111111111,0.24305555555555555,-0.06944444444444445
2024,GL,164,43,17,26,0.2621951219512195,0.10365853658536585,0.15853658536585366
2025,GL,116,24,31,-7,0.20689655172413793,0.2672413793103448,-0.0603448275862069
1998,GM,89,0,0,0,0.0,0.0,0.0
1999,GM,111,15,7,8,0.13513513513513514,0.06306306306306306,0.07207207207207207
2000,GM,99,10,15,-5,0.10101010101010101,0.15151515151515152,-0.050505050505050504
2001,GM,89,18,20,-2,0.20224719101123595,0.2247191011235955,-0.02247191011235955
2002,GM,91,19,19,0,0.2087912087912088,0.2087912087912088,0.0
2003,GM,120,25,19,6,0.20833333333333334,0.15833333333333333,0.05
2004,GM,124,22,32,-10,0.1774193548387097,0.25806451612903225,-0.08064516129032258
2005,GM,121,13,31,-18,0.10743801652892562,0.256198347107438,-0.1487603305785124
2006,GM,149,40,18,22,0.2684563758389262,0.12080536912751678,0.1476510067114094
2007,GM,152,31,41,-10,0.20394736842105263,0.26973684210526316,-0.06578947368421052
2008,GM,155,28,26,2,0.18064516129032257,0.16774193548387098,0.012903225806451613
2009,GM,158,29,31,-2,0.18354430379746836,0.1962025316455696,-0.012658227848101266
2010,GM,160,19,37,-18,0.11875,0.23125,-0.1125
2011,GM,146,32,32,0,0.2191780821917808,0.2191780821917808,0.0
2012,GM,177,29,42,-13,0.1638418079096045,0.23728813559322035,-0.07344632768361582
2013,GM,188,38,40,-2,0.20212765957446807,0.2127659574468085,-0.010638297872340425
2014,GM,226,37,46,-9,0.16371681415929204,0.20353982300884957,-0.03982300884955752
2015,GM,201,39,36,3,0.19402985074626866,0.1791044776119403,0.014925373134328358
2016,GM,277,38,44,-6,0.1371841155234657,0.1588447653429603,-0.021660649819494584
2017,GM,246,27,42,-15,0.10975609756097561,0.17073170731707318,-0.06097560975609756
2018,GM,245,46,38,8,0.18775510204081633,0.15510204081632653,0.0326530612244898
2019,GM,327,63,74,-11,0.1926605504587156,0.22629969418960244,-0.03363914373088685
2020,GM,374,62,66,-4,0.1657754010695187,0.17647058823529413,-0.0106951871657754
2021,GM,523,89,62,27,0.1701720841300191,0.11854684512428298,0.05162523900573614
2022,GM,533,74,49,25,0.13883677298311445,0.09193245778611632,0.04690431519699812
2023,GM,563,74,102,-28,0.13143872113676733,0.1811722912966252,-0.0497335701598579
2024,GM,696,114,84,30,0.16379310344827586,0.1206896551724138,0.04310344827586207
2025,GM,710,103,111,-8,0.14507042253521127,0.1563380281690141,-0.011267605633802818
1998,GN,31,0,0,0,0.0,0.0,0.0
1999,GN,17,0,0,0,0.0,0.0,0.0
2000,GN,22,1,2,-1,0.045454545454545456,0.09090909090909091,-0.045454545454545456
2001,GN,43,4,2,2,0.09302325581395349,0.046511627906976744,0.046511627906976744
2002,GN,27,2,3,-1,0.07407407407407407,0.1111111111111111,-0.037037037037037035
2003,GN,28,1,5,-4,0.03571428571428571,0.17857142857142858,-0.14285714285714285
2004,GN,53,8,4,4,0.1509433962264151,0.07547169811320754,0.07547169811320754
2005,GN,55,3,5,-2,0.05454545454545454,0.09090909090909091,-0.03636363636363636
2006,GN,74,10,15,-5,0.13513513513513514,0.20270270270270271,-0.06756756756756757
2007,GN,119,22,9,13,0.18487394957983194,0.07563025210084033,0.1092436974789916
2008,GN,79,10,14,-4,0.12658227848101267,0.17721518987341772,-0.05063291139240506
2009,GN,72,10,7,3,0.1388888888888889,0.09722222222222222,0.041666666666666664
2010,GN,81,10,18,-8,0.12345679012345678,0.2222222222222222,-0.09876543209876543
2011,GN,66,10,19,-9,0.15151515151515152,0.2878787878787879,-0.13636363636363635
2012,GN,110,24,18,6,0.21818181818181817,0.16363636363636364,0.05454545454545454
2013,GN,154,30,15,15,0.19480519480519481,0.09740259740259741,0.09740259740259741
2014,GN,174,34,33,1,0.19540229885057472,0.1896551724137931,0.005747126436781609
2015,GN,215,38,25,13,0.17674418604651163,0.11627906976744186,0.06046511627906977
2016,GN,234,44,47,-3,0.18803418803418803,0.20085470085470086,-0.01282051282051282
2017,GN,235,46,37,9,0.19574468085106383,0.1574468085106383,0.03829787234042553
2018,GN,275,44,52,-8,0.16,0.1890909090909091,-0.02909090909090909
2019,GN,479,85,56,29,0.17745302713987474,0.11691022964509394,0.060542797494780795
2020,GN,532,75,75,0,0.14097744360902256,0.14097744360902256,0.0
2021,GN,696,95,76,19,0.13649425287356323,0.10919540229885058,0.027298850574712645
2022,GN,624,67,76,-9,0.10737179487179487,0.12179487179487179,-0.014423076923076924
2023,GN,986,113,88,25,0.11460446247464504,0.08924949290060852,0.02535496957403651
2024,GN,867,127,90,37,0.14648212226066898,0.10380622837370242,0.04267589388696655
2025,GN,816,145,133,12,0.17769607843137256,0.16299019607843138,0.014705882352941176
1998,GP,99,0,0,0,0.0,0.0,0.0
1999,GP,150,23,10,13,0.15333333333333332,0.06666666666666667,0.08666666666666667
2000,GP,118,10,27,-17,0.0847457627118644,0.2288135593220339,-0.1440677966101695
2001,GP,149,36,19,17,0.24161073825503357,0.12751677852348994,0.11409395973154363
2002,GP,152,36,35,1,0.23684210526315788,0.23026315789473684,0.006578947368421052
2003,GP,139,32,40,-8,0.2302158273381295,0.28776978417266186,-0.05755395683453238
2004,GP,211,55,36,19,0.26066350710900477,0.17061611374407584,0.09004739336492891
2005,GP,235,43,49,-6,0.1829787234042553,0.20851063829787234,-0.02553191489361702
2006,GP,270,68,57,11,0.2518518518518518,0.2111111111111111,0.040740740740740744
2007,GP,241,50,60,-10,0.2074688796680498,0.24896265560165975,-0.04149377593360996
2008,GP,231,67,71,-4,0.29004329004329005,0.30735930735930733,-0.017316017316017316
2009,GP,272,69,67,2,0.2536764705882353,0.24632352941176472,0.007352941176470588
2010,GP,312,82,86,-4,0.26282051282051283,0.27564102564102566,-0.01282051282051282
2011,GP,324,76,70,6,0.2345679012345679,0.21604938271604937,0.018518518518518517
2012,GP,352,89,69,20,0.2528409090909091,0.19602272727272727,0.056818181818181816
2013,GP,425,87,113,-26,0.20470588235294118,0.26588235294117646,-0.0611764705882353
2014,GP,473,134,96,38,0.2832980972515856,0.2029598308668076,0.080338266384778
2015,GP,451,81,106,-25,0.17960088691796008,0.23503325942350334,-0.05543237250554324
2016,GP,496,115,96,19,0.2318548387096774,0.1935483870967742,0.038306451612903226
2017,GP,423,84,121,-37,0.19858156028368795,0.2860520094562648,-0.08747044917257683
2018,GP,444,105,109,-4,0.23648648648648649,0.24549549549549549,-0.009009009009009009
2019,GP,439,107,121,-14,0.2437357630979499,0.275626423690205,-0.03189066059225513
2020,GP,411,139,125,14,0.3381995133819951,0.30413625304136255,0.0340632603406326
2021,GP,373,90,126,-36,0.24128686327077747,0.3378016085790885,-0.09651474530831099
2022,GP,423,96,106,-10,0.22695035460992907,0.25059101654846333,-0.02364066193853428
2023,GP,433,121,125,-4,0.279445727482679,0.28868360277136257,-0.009237875288683603
2024,GP,371,110,108,2,0.29649595687331537,0.29110512129380056,0.005390835579514825
2025,GP,423,115,114,1,0.2718676122931442,0.2695035460992908,0.002364066193853428
1998,GQ,4,0,0,0,0.0,0.0,0.0
1999,GQ,1,0,1,-1,0.0,1.0,-1.0
2000,GQ,11,0,0,0,0.0,0.0,0.0
2001,GQ,16,0,0,0,0.0,0.0,0.0
2002,GQ,20,0,0,0,0.0,0.0,0.0
2003,GQ,8,1,0,1,0.125,0.0,0.125
2004,GQ,26,2,1,1,0.07692307692307693,0.038461538461538464,0.038461538461538464
2005,GQ,15,0,1,-1,0.0,0.06666666666666667,-0.06666666666666667
2006,GQ,26,3,1,2,0.11538461538461539,0.038461538461538464,0.07692307692307693
2007,GQ,23,0,0,0,0.0,0.0,0.0
2008,GQ,24,3,6,-3,0.125,0.25,-0.125
2009,GQ,18,3,3,0,0.16666666666666666,0.16666666666666666,0.0
2010,GQ,23,1,0,1,0.043478260869565216,0.0,0.043478260869565216
2011,GQ,18,1,0,1,0.05555555555555555,0.0,0.05555555555555555
2012,GQ,17,0,1,-1,0.0,0.058823529411764705,-0.058823529411764705
2013,GQ,23,0,0,0,0.0,0.0,0.0
2014,GQ,36,3,0,3,0.08333333333333333,0.0,0.08333333333333333
2015,GQ,14,1,2,-1,0.07142857142857142,0.14285714285714285,-0.07142857142857142
2016,GQ,28,3,1,2,0.10714285714285714,0.03571428571428571,0.07142857142857142
2017,GQ,19,0,1,-1,0.0,0.05263157894736842,-0.05263157894736842
2018,GQ,14,0,2,-2,0.0,0.14285714285714285,-0.14285714285714285
2019,GQ,15,1,1,0,0.06666666666666667,0.06666666666666667,0.0
2020,GQ,21,3,2,1,0.14285714285714285,0.09523809523809523,0.047619047619047616
2021,GQ,26,3,7,-4,0.11538461538461539,0.2692307692307692,-0.15384615384615385
2022,GQ,42,15,5,10,0.35714285714285715,0.11904761904761904,0.23809523809523808
2023,GQ,36,4,4,0,0.1111111111111111,0.1111111111111111,0.0
2024,GQ,29,5,6,-1,0.1724137931034483,0.20689655172413793,-0.034482758620689655
2025,GQ,27,3,17,-14,0.1111111111111111,0.6296296296296297,-0.5185185185185185
1998,GR,7751,0,0,0,0.0,0.0,0.0
1999,GR,8183,362,328,34,0.04423805450323842,0.04008309910790664,0.004154955395331786
2000,GR,8994,536,498,38,0.059595285746052926,0.05537024683122081,0.004225038914832111
2001,GR,10201,669,542,127,0.065581805705323,0.05313204587785511,0.012449759827467896
2002,GR,12181,800,718,82,0.06567605286922255,0.05894425745012725,0.006731795419095313
2003,GR,14066,935,766,169,0.0664723446608844,0.05445755723020048,0.012014787430683918
2004,GR,15714,978,838,140,0.06223749522718595,0.05332824233167876,0.00890925289550719
2005,GR,17690,1121,935,186,0.06336913510457885,0.05285472018089316,0.010514414923685699
2006,GR,19867,1146,1093,53,0.057683595912820254,0.05501585543866714,0.0026677404741531183
2007,GR,20709,1220,1226,-6,0.05891158433531315,0.05920131343860158,-0.0002897291032884253
2008,GR,22968,1364,1291,73,0.05938697318007663,0.05620863810518983,0.003178335074886799
2009,GR,22873,1428,1411,17,0.06243168801643859,0.06168845363529052,0.0007432343811480785
2010,GR,23967,1432,1450,-18,0.05974882129594859,0.06049985396586974,-0.0007510326699211416
2011,GR,25275,1405,1526,-121,0.05558852621167161,0.06037586547972305,-0.004787339268051434
2012,GR,25210,1413,1713,-300,0.056049186830622766,0.06794922649742166,-0.01190003966679889
2013,GR,26180,1542,1954,-412,0.05889992360580596,0.07463712757830405,-0.01573720397249809
2014,GR,26735,1507,2042,-535,0.05636805685431083,0.07637927809986908,-0.020011221245558257
2015,GR,26633,1531,2080,-549,0.05748507490707017,0.07809859948184583,-0.020613524574775655
2016,GR,28573,1682,2067,-385,0.058866762328071955,0.07234102124383159,-0.013474258915759632
2017,GR,29497,1593,2202,-609,0.05400549208394074,0.07465165949079568,-0.020646167406854935
2018,GR,30575,1703,2166,-463,0.05569910057236304,0.07084219133278823,-0.015143090760425184
2019,GR,31853,1788,2028,-240,0.05613286032712774,0.06366747245157442,-0.007534612124446677
2020,GR,34201,1842,2288,-446,0.05385807432531212,0.0668986286950674,-0.013040554369755271
2021,GR,37456,2064,2138,-74,0.055104656129859035,0.05708030756087142,-0.001975651431012388
2022,GR,41166,1999,2050,-51,0.04855949084195695,0.049798377301656704,-0.0012388864596997522
2023,GR,40597,2303,2433,-130,0.05672832967953297,0.05993053673916792,-0.0032022070596349483
2024,GR,40254,2201,2601,-400,0.054677795995429025,0.06461469667610673,-0.009936900680677697
2025,GR,43126,2539,2783,-244,0.058873997124704355,0.06453183694291147,-0.005657839818207114
1998,GT,141,0,0,0,0.0,0.0,0.0
1999,GT,208,26,20,6,0.125,0.09615384615384616,0.028846153846153848
2000,GT,142,20,31,-11,0.14084507042253522,0.21830985915492956,-0.07746478873239436
2001,GT,141,32,32,0,0.22695035460992907,0.22695035460992907,0.0
2002,GT,181,34,49,-15,0.1878453038674033,0.27071823204419887,-0.08287292817679558
2003,GT,186,44,52,-8,0.23655913978494625,0.27956989247311825,-0.043010752688172046
2004,GT,207,47,54,-7,0.22705314009661837,0.2608695652173913,-0.033816425120772944
2005,GT,201,35,55,-20,0.17412935323383086,0.2736318407960199,-0.09950248756218906
2006,GT,214,48,68,-20,0.22429906542056074,0.3177570093457944,-0.09345794392523364
2007,GT,204,40,65,-25,0.19607843137254902,0.31862745098039214,-0.12254901960784313
2008,GT,256,64,69,-5,0.25,0.26953125,-0.01953125
2009,GT,334,81,86,-5,0.24251497005988024,0.25748502994011974,-0.014970059880239521
2010,GT,333,78,79,-1,0.23423423423423423,0.23723723723723725,-0.003003003003003003
2011,GT,399,103,95,8,0.2581453634085213,0.23809523809523808,0.020050125313283207
2012,GT,432,112,119,-7,0.25925925925925924,0.27546296296296297,-0.016203703703703703
2013,GT,481,114,128,-14,0.23700623700623702,0.2661122661122661,-0.029106029106029108
2014,GT,542,142,129,13,0.26199261992619927,0.23800738007380073,0.023985239852398525
2015,GT,719,174,169,5,0.24200278164116829,0.23504867872044508,0.006954102920723227
2016,GT,670,167,199,-32,0.24925373134328357,0.29701492537313434,-0.04776119402985075
2017,GT,859,167,195,-28,0.19441210710128057,0.2270081490104773,-0.03259604190919674
2018,GT,926,204,198,6,0.2203023758099352,0.21382289416846653,0.0064794816414686825
2019,GT,991,207,233,-26,0.20887991927346114,0.23511604439959638,-0.026236125126135216
2020,GT,1277,251,219,32,0.19655442443226312,0.17149569303054032,0.025058731401722788
2021,GT,1397,258,263,-5,0.18468146027201146,0.1882605583392985,-0.0035790980672870437
2022,GT,1728,281,239,42,0.16261574074074073,0.13831018518518517,0.024305555555555556
2023,GT,1681,349,317,32,0.20761451516954194,0.1885782272456871,0.01903628792385485
2024,GT,1626,344,351,-7,0.2115621156211562,0.2158671586715867,-0.004305043050430504
2025,GT,1521,362,342,20,0.23800131492439186,0.22485207100591717,0.013149243918474688
1998,GU,27,0,0,0,0.0,0.0,0.0
1999,GU,34,3,2,1,0.08823529411764706,0.058823529411764705,0.029411764705882353
2000,GU,28,4,5,-1,0.14285714285714285,0.17857142857142858,-0.03571428571428571
2001,GU,36,11,8,3,0.3055555555555556,0.2222222222222222,0.08333333333333333
2002,GU,42,5,7,-2,0.11904761904761904,0.16666666666666666,-0.047619047619047616
2003,GU,38,9,11,-2,0.23684210526315788,0.2894736842105263,-0.05263157894736842
2004,GU,28,7,9,-2,0.25,0.32142857142857145,-0.07142857142857142
2005,GU,36,3,9,-6,0.08333333333333333,0.25,-0.16666666666666666
2006,GU,45,8,10,-2,0.17777777777777778,0.2222222222222222,-0.044444444444444446
2007,GU,38,9,17,-8,0.23684210526315788,0.4473684210526316,-0.21052631578947367
2008,GU,32,13,14,-1,0.40625,0.4375,-0.03125
2009,GU,44,11,15,-4,0.25,0.3409090909090909,-0.09090909090909091
2010,GU,47,18,5,13,0.3829787234042553,0.10638297872340426,0.2765957446808511
2011,GU,67,19,10,9,0.2835820895522388,0.14925373134328357,0.13432835820895522
2012,GU,70,14,17,-3,0.2,0.24285714285714285,-0.04285714285714286
2013,GU,62,11,16,-5,0.1774193548387097,0.25806451612903225,-0.08064516129032258
2014,GU,80,20,12,8,0.25,0.15,0.1
2015,GU,57,9,16,-7,0.15789473684210525,0.2807017543859649,-0.12280701754385964
2016,GU,94,25,14,11,0.26595744680851063,0.14893617021276595,0.11702127659574468
2017,GU,76,11,19,-8,0.14473684210526316,0.25,-0.10526315789473684
2018,GU,62,11,10,1,0.1774193548387097,0.16129032258064516,0.016129032258064516
2019,GU,88,17,16,1,0.19318181818181818,0.18181818181818182,0.011363636363636364
2020,GU,129,17,14,3,0.13178294573643412,0.10852713178294573,0.023255813953488372
2021,GU,214,80,24,56,0.37383177570093457,0.11214953271028037,0.2616822429906542
2022,GU,126,27,37,-10,0.21428571428571427,0.29365079365079366,-0.07936507936507936
2023,GU,138,32,36,-4,0.2318840579710145,0.2608695652173913,-0.028985507246376812
2024,GU,146,38,36,2,0.2602739726027397,0.2465753424657534,0.0136986301369863
2025,GU,151,35,29,6,0.23178807947019867,0.19205298013245034,0.039735099337748346
1998,GW,24,0,0,0,0.0,0.0,0.0
1999,GW,37,8,8,0,0.21621621621621623,0.21621621621621623,0.0
2000,GW,25,7,12,-5,0.28,0.48,-0.2
2001,GW,26,11,7,4,0.4230769230769231,0.2692307692307692,0.15384615384615385
2002,GW,47,10,17,-7,0.2127659574468085,0.3617021276595745,-0.14893617021276595
2003,GW,40,13,11,2,0.325,0.275,0.05
2004,GW,47,8,10,-2,0.1702127659574468,0.2127659574468085,-0.0425531914893617
2005,GW,21,7,15,-8,0.3333333333333333,0.7142857142857143,-0.38095238095238093
2006,GW,35,7,10,-3,0.2,0.2857142857142857,-0.08571428571428572
2007,GW,43,11,18,-7,0.2558139534883721,0.4186046511627907,-0.16279069767441862
2008,GW,45,10,11,-1,0.2222222222222222,0.24444444444444444,-0.022222222222222223
2009,GW,37,5,11,-6,0.13513513513513514,0.2972972972972973,-0.16216216216216217
2010,GW,55,12,19,-7,0.21818181818181817,0.34545454545454546,-0.12727272727272726
2011,GW,49,11,14,-3,0.22448979591836735,0.2857142857142857,-0.061224489795918366
2012,GW,64,17,16,1,0.265625,0.25,0.015625
2013,GW,56,16,22,-6,0.2857142857142857,0.39285714285714285,-0.10714285714285714
2014,GW,82,26,15,11,0.3170731707317073,0.18292682926829268,0.13414634146341464
2015,GW,87,26,19,7,0.2988505747126437,0.21839080459770116,0.08045977011494253
2016,GW,97,29,23,6,0.29896907216494845,0.23711340206185566,0.061855670103092786
2017,GW,103,33,25,8,0.32038834951456313,0.24271844660194175,0.07766990291262135
2018,GW,111,31,42,-11,0.27927927927927926,0.3783783783783784,-0.0990990990990991
2019,GW,122,31,24,7,0.2540983606557377,0.19672131147540983,0.05737704918032787
2020,GW,88,18,35,-17,0.20454545454545456,0.3977272727272727,-0.19318181818181818
2021,GW,136,41,30,11,0.3014705882352941,0.22058823529411764,0.08088235294117647
2022,GW,149,36,23,13,0.24161073825503357,0.15436241610738255,0.087248322147651
2023,GW,185,50,46,4,0.2702702702702703,0.24864864864864866,0.021621621621621623
2024,GW,140,28,49,-21,0.2,0.35,-0.15
2025,GW,128,30,29,1,0.234375,0.2265625,0.0078125
1998,GY,5,0,0,0,0.0,0.0,0.0
1999,GY,15,2,1,1,0.13333333333333333,0.06666666666666667,0.06666666666666667
2000,GY,12,0,2,-2,0.0,0.16666666666666666,-0.16666666666666666
2001,GY,11,3,2,1,0.2727272727272727,0.18181818181818182,0.09090909090909091
2002,GY,13,4,4,0,0.3076923076923077,0.3076923076923077,0.0
2003,GY,6,3,5,-2,0.5,0.8333333333333334,-0.3333333333333333
2004,GY,9,3,2,1,0.3333333333333333,0.2222222222222222,0.1111111111111111
2005,GY,13,2,3,-1,0.15384615384615385,0.23076923076923078,-0.07692307692307693
2006,GY,14,0,5,-5,0.0,0.35714285714285715,-0.35714285714285715
2007,GY,22,4,2,2,0.18181818181818182,0.09090909090909091,0.09090909090909091
2008,GY,13,4,2,2,0.3076923076923077,0.15384615384615385,0.15384615384615385
2009,GY,36,9,3,6,0.25,0.08333333333333333,0.16666666666666666
2010,GY,27,7,7,0,0.25925925925925924,0.25925925925925924,0.0
2011,GY,40,15,9,6,0.375,0.225,0.15
2012,GY,43,8,6,2,0.18604651162790697,0.13953488372093023,0.046511627906976744
2013,GY,39,6,8,-2,0.15384615384615385,0.20512820512820512,-0.05128205128205128
2014,GY,31,8,10,-2,0.25806451612903225,0.3225806451612903,-0.06451612903225806
2015,GY,56,9,8,1,0.16071428571428573,0.14285714285714285,0.017857142857142856
2016,GY,126,22,8,14,0.1746031746031746,0.06349206349206349,0.1111111111111111
2017,GY,125,15,18,-3,0.12,0.144,-0.024
2018,GY,122,18,21,-3,0.14754098360655737,0.1721311475409836,-0.02459016393442623
2019,GY,201,37,26,11,0.18407960199004975,0.12935323383084577,0.05472636815920398
2020,GY,158,25,16,9,0.15822784810126583,0.10126582278481013,0.056962025316455694
2021,GY,172,24,33,-9,0.13953488372093023,0.19186046511627908,-0.05232558139534884
2022,GY,221,19,24,-5,0.08597285067873303,0.1085972850678733,-0.02262443438914027
2023,GY,280,56,30,26,0.2,0.10714285714285714,0.09285714285714286
2024,GY,385,66,35,31,0.17142857142857143,0.09090909090909091,0.08051948051948052
2025,GY,332,54,64,-10,0.16265060240963855,0.1927710843373494,-0.030120481927710843
1998,HK,5382,0,0,0,0.0,0.0,0.0
1999,HK,6104,581,494,87,0.09518348623853211,0.0809305373525557,0.014252948885976408
2000,HK,7204,893,754,139,0.1239589117157135,0.10466407551360356,0.01929483620210994
2001,HK,7503,1000,1034,-34,0.1332800213248034,0.13781154204984672,-0.004531520725043316
2002,HK,10148,1357,1364,-7,0.13372093023255813,0.1344107213243989,-0.0006897910918407568
2003,HK,9975,1455,1533,-78,0.14586466165413534,0.15368421052631578,-0.007819548872180452
2004,HK,10443,1633,1732,-99,0.15637268984008426,0.1658527243129369,-0.009480034472852629
2005,HK,10698,1663,2101,-438,0.15544961675079455,0.1963918489437278,-0.04094223219293326
2006,HK,11165,1863,2221,-358,0.16686072548141515,0.19892521271831617,-0.03206448723690103
2007,HK,11000,1981,2290,-309,0.18009090909090908,0.2081818181818182,-0.02809090909090909
2008,HK,11453,2239,2467,-228,0.19549463022788788,0.2154020780581507,-0.01990744783026281
2009,HK,11547,2269,2695,-426,0.19650125573742097,0.23339395513986316,-0.03689269940244219
2010,HK,12486,2617,2858,-241,0.20959474611564952,0.2288963639275989,-0.019301617811949383
2011,HK,12747,2748,3209,-461,0.21558013650270652,0.2517455087471562,-0.03616537224444968
2012,HK,12891,2882,3104,-222,0.22356682957101853,0.24078814676906368,-0.017221317198045146
2013,HK,13215,2835,3259,-424,0.21452894438138478,0.24661369655694287,-0.032084752175558076
2014,HK,13846,3267,3265,2,0.23595262169579662,0.23580817564639608,0.0001444460494005489
2015,HK,14364,3261,3486,-225,0.22702589807852966,0.24269005847953215,-0.015664160401002505
2016,HK,15115,3576,3646,-70,0.2365861726761495,0.2412173337743963,-0.004631161098246774
2017,HK,15996,3777,3819,-42,0.23612153038259565,0.23874718679669918,-0.002625656414103526
2018,HK,16459,3745,3964,-219,0.22753508718634183,0.24084087733155113,-0.013305790145209308
2019,HK,17427,3952,4241,-289,0.22677454524588284,0.2433580076892179,-0.016583462443335056
2020,HK,18945,4229,4483,-254,0.22322512536289257,0.23663235682238057,-0.013407231459487991
2021,HK,20619,4651,4452,199,0.22556865027401912,0.2159173577768078,0.00965129249721131
2022,HK,22590,4561,4623,-62,0.20190349712262062,0.20464807436918991,-0.0027445772465692782
2023,HK,24247,5898,5400,498,0.24324658720666475,0.22270796387181918,0.02053862333484555
2024,HK,26364,6762,6816,-54,0.256486117432863,0.2585343650432408,-0.002048247610377788
2025,HK,28660,7969,7782,187,0.27805303558967204,0.27152826238660155,0.006524773203070482
1998,HN,72,0,0,0,0.0,0.0,0.0
1999,HN,80,8,1,7,0.1,0.0125,0.0875
2000,HN,69,13,10,3,0.18840579710144928,0.14492753623188406,0.043478260869565216
2001,HN,65,2,12,-10,0.03076923076923077,0.18461538461538463,-0.15384615384615385
2002,HN,66,6,17,-11,0.09090909090909091,0.25757575757575757,-0.16666666666666666
2003,HN,64,7,14,-7,0.109375,0.21875,-0.109375
2004,HN,86,16,9,7,0.18604651162790697,0.10465116279069768,0.08139534883720931
2005,HN,104,20,27,-7,0.19230769230769232,0.25961538461538464,-0.0673076923076923
2006,HN,79,13,23,-10,0.16455696202531644,0.2911392405063291,-0.12658227848101267
2007,HN,64,14,19,-5,0.21875,0.296875,-0.078125
2008,HN,85,13,19,-6,0.15294117647058825,0.2235294117647059,-0.07058823529411765
2009,HN,115,32,30,2,0.2782608695652174,0.2608695652173913,0.017391304347826087
2010,HN,163,50,31,19,0.3067484662576687,0.1901840490797546,0.1165644171779141
2011,HN,137,25,38,-13,0.18248175182481752,0.2773722627737226,-0.0948905109489051
2012,HN,485,102,36,66,0.21030927835051547,0.07422680412371134,0.1360824742268041
2013,HN,225,42,67,-25,0.18666666666666668,0.29777777777777775,-0.1111111111111111
2014,HN,383,88,49,39,0.2297650130548303,0.1279373368146214,0.10182767624020887
2015,HN,662,121,82,39,0.18277945619335348,0.12386706948640483,0.05891238670694864
2016,HN,392,51,102,-51,0.13010204081632654,0.2602040816326531,-0.13010204081632654
2017,HN,433,61,97,-36,0.14087759815242495,0.22401847575057737,-0.08314087759815242
2018,HN,621,94,85,9,0.15136876006441224,0.13687600644122383,0.014492753623188406
2019,HN,830,101,91,10,0.1216867469879518,0.10963855421686747,0.012048192771084338
2020,HN,904,134,110,24,0.14823008849557523,0.12168141592920353,0.02654867256637168
2021,HN,1000,147,109,38,0.147,0.109,0.038
2022,HN,1048,130,97,33,0.12404580152671756,0.09255725190839695,0.03148854961832061
2023,HN,1231,198,130,68,0.16084484159220147,0.10560519902518278,0.05523964256701868
2024,HN,1085,185,173,12,0.17050691244239632,0.15944700460829492,0.011059907834101382
2025,HN,1130,198,194,4,0.1752212389380531,0.17168141592920355,0.0035398230088495575
1998,HR,2191,0,0,0,0.0,0.0,0.0
1999,HR,2425,78,73,5,0.03216494845360825,0.030103092783505155,0.002061855670103093
2000,HR,2748,125,107,18,0.04548762736535662,0.03893740902474527,0.006550218340611353
2001,HR,2638,131,158,-27,0.049658832448824866,0.05989385898407885,-0.01023502653525398
2002,HR,3211,191,193,-2,0.05948302709436313,0.06010588601681719,-0.0006228589224540642
2003,HR,3582,199,225,-26,0.05555555555555555,0.06281407035175879,-0.0072585147962032385
2004,HR,4182,222,229,-7,0.05308464849354376,0.0547584887613582,-0.001673840267814443
2005,HR,4320,231,266,-35,0.05347222222222222,0.06157407407407407,-0.008101851851851851
2006,HR,5156,319,328,-9,0.06186966640806827,0.06361520558572537,-0.0017455391776570986
2007,HR,6035,337,340,-3,0.05584092792046396,0.056338028169014086,-0.0004971002485501243
2008,HR,7485,421,378,43,0.056245824983299934,0.05050100200400802,0.005744822979291917
2009,HR,8393,459,480,-21,0.05468843083521983,0.05719051590611224,-0.0025020850708924102
2010,HR,8866,463,499,-36,0.052221971576810286,0.05628242725016919,-0.004060455673358899
2011,HR,9690,464,564,-100,0.0478844169246646,0.05820433436532508,-0.010319917440660475
2012,HR,10426,556,612,-56,0.05332821791674659,0.058699405332821794,-0.005371187416075196
2013,HR,10730,551,674,-123,0.051351351351351354,0.06281453867660765,-0.01146318732525629
2014,HR,11076,636,767,-131,0.05742145178764897,0.06924882629107981,-0.011827374503430842
2015,HR,11157,613,733,-120,0.054943085058707535,0.06569866451555077,-0.010755579456843238
2016,HR,11752,620,787,-167,0.052756977535738596,0.06696732471068755,-0.014210347174948944
2017,HR,12429,699,809,-110,0.05623944001930968,0.0650897095502454,-0.008850269530935715
2018,HR,13153,772,847,-75,0.05869383410628754,0.06439595529536987,-0.005702121189082338
2019,HR,13676,774,835,-61,0.056595495758993856,0.06105586428780345,-0.0044603685288095935
2020,HR,13992,784,932,-148,0.05603201829616924,0.06660949113779302,-0.010577472841623786
2021,HR,15336,755,969,-214,0.04923056859676578,0.06318466353677621,-0.013954094940010433
2022,HR,15767,764,817,-53,0.04845563518741676,0.05181708631952813,-0.003361451132111372
2023,HR,15904,846,958,-112,0.05319416498993964,0.0602364185110664,-0.007042253521126761
2024,HR,15834,882,893,-11,0.05570291777188329,0.056397625363142606,-0.0006947075912593154
2025,HR,16387,974,1042,-68,0.059437358882040645,0.06358698968694697,-0.004149630804906328
1998,HT,11,0,0,0,0.0,0.0,0.0
1999,HT,2,0,0,0,0.0,0.0,0.0
2000,HT,9,2,0,2,0.2222222222222222,0.0,0.2222222222222222
2001,HT,11,3,1,2,0.2727272727272727,0.09090909090909091,0.18181818181818182
2002,HT,14,4,3,1,0.2857142857142857,0.21428571428571427,0.07142857142857142
2003,HT,16,3,4,-1,0.1875,0.25,-0.0625
2004,HT,9,3,3,0,0.3333333333333333,0.3333333333333333,0.0
2005,HT,20,2,2,0,0.1,0.1,0.0
2006,HT,42,13,2,11,0.30952380952380953,0.047619047619047616,0.2619047619047619
2007,HT,36,5,4,1,0.1388888888888889,0.1111111111111111,0.027777777777777776
2008,HT,32,6,4,2,0.1875,0.125,0.0625
2009,HT,32,5,15,-10,0.15625,0.46875,-0.3125
2010,HT,40,5,9,-4,0.125,0.225,-0.1
2011,HT,47,9,5,4,0.19148936170212766,0.10638297872340426,0.0851063829787234
2012,HT,71,20,13,7,0.28169014084507044,0.18309859154929578,0.09859154929577464
2013,HT,66,11,17,-6,0.16666666666666666,0.25757575757575757,-0.09090909090909091
2014,HT,81,18,15,3,0.2222222222222222,0.18518518518518517,0.037037037037037035
2015,HT,110,23,24,-1,0.20909090909090908,0.21818181818181817,-0.00909090909090909
2016,HT,148,32,25,7,0.21621621621621623,0.16891891891891891,0.0472972972972973
2017,HT,147,45,15,30,0.30612244897959184,0.10204081632653061,0.20408163265306123
2018,HT,159,26,28,-2,0.16352201257861634,0.1761006289308176,-0.012578616352201259
2019,HT,164,31,26,5,0.18902439024390244,0.15853658536585366,0.03048780487804878
2020,HT,192,24,24,0,0.125,0.125,0.0
2021,HT,251,46,25,21,0.18326693227091634,0.099601593625498,0.08366533864541832
2022,HT,242,42,20,22,0.17355371900826447,0.08264462809917356,0.09090909090909091
2023,HT,211,39,40,-1,0.1848341232227488,0.1895734597156398,-0.004739336492890996
2024,HT,271,34,54,-20,0.12546125461254612,0.1992619926199262,-0.07380073800738007
2025,HT,200,27,42,-15,0.135,0.21,-0.075
1998,HU,5948,0,0,0,0.0,0.0,0.0
1999,HU,6253,382,394,-12,0.06109067647529186,0.06300975531744762,-0.0019190788421557653
2000,HU,7040,536,542,-6,0.07613636363636364,0.07698863636363637,-0.0008522727272727272
2001,HU,7549,601,568,33,0.07961319380050338,0.07524175387468539,0.0043714399258179895
2002,HU,8389,659,659,0,0.07855525092382883,0.07855525092382883,0.0
2003,HU,8928,699,829,-130,0.07829301075268817,0.09285394265232975,-0.014560931899641577
2004,HU,9465,740,810,-70,0.07818277865821448,0.08557844690966719,-0.007395668251452721
2005,HU,10229,943,896,47,0.092188874767817,0.08759409521947405,0.004594779548342947
2006,HU,10660,887,1039,-152,0.08320825515947468,0.0974671669793621,-0.01425891181988743
2007,HU,11642,993,981,12,0.08529462291702457,0.08426387218690946,0.0010307507301151005
2008,HU,12021,1001,1127,-126,0.08327094251726146,0.09375259961733633,-0.010481657100074869
2009,HU,12347,1130,1132,-2,0.09152020733781485,0.09168219000566939,-0.00016198266785453957
2010,HU,12639,1097,1210,-113,0.08679484136403197,0.09573542210617929,-0.008940580742147321
2011,HU,13464,1041,1209,-168,0.07731729055258467,0.08979500891265597,-0.012477718360071301
2012,HU,14254,1079,1318,-239,0.075698049670268,0.09246527290585099,-0.016767223235582995
2013,HU,15064,1232,1320,-88,0.08178438661710037,0.08762612851832183,-0.005841741901221455
2014,HU,16035,1300,1375,-75,0.08107265357031494,0.08574992204552541,-0.004677268475210477
2015,HU,16724,1339,1474,-135,0.08006457785218847,0.08813680937574743,-0.008072231523558957
2016,HU,17109,1427,1511,-84,0.08340639429540009,0.08831609094628558,-0.004909696650885499
2017,HU,18048,1463,1576,-113,0.0810616134751773,0.08732269503546099,-0.006261081560283688
2018,HU,19311,1541,1660,-119,0.07979907824555953,0.0859613691678318,-0.00616229092227228
2019,HU,20601,1632,1611,21,0.07921945536624436,0.0782000873743993,0.0010193679918450561
2020,HU,22569,1768,1754,14,0.07833754264699366,0.07771722273915548,0.0006203199078381851
2021,HU,24231,1779,1789,-10,0.07341834839668193,0.07383104287895671,-0.000412694482274772
2022,HU,26430,1789,1717,72,0.06768823306848279,0.06496405599697314,0.002724177071509648
2023,HU,26344,1928,2114,-186,0.07318554509565746,0.08024597631339205,-0.007060431217734589
2024,HU,27291,2116,2097,19,0.07753471840533509,0.07683851819281082,0.0006962002125242754
2025,HU,29019,2692,2364,328,0.09276680795340983,0.08146386849994831,0.011302939453461525
1998,ID,1014,0,0,0,0.0,0.0,0.0
1999,ID,1331,60,51,9,0.045078888054094664,0.03831705484598046,0.0067618332081141996
2000,ID,1725,117,97,20,0.06782608695652174,0.05623188405797101,0.011594202898550725
2001,ID,1875,160,132,28,0.08533333333333333,0.0704,0.014933333333333333
2002,ID,2307,216,199,17,0.09362808842652796,0.08625921109666233,0.007368877329865626
2003,ID,2577,246,223,23,0.09545983701979045,0.08653473030655802,0.00892510671323244
2004,ID,3203,290,249,41,0.09054011863877615,0.0777396191070871,0.012800499531689042
2005,ID,4097,400,366,34,0.0976324139614352,0.0893336587747132,0.008298755186721992
2006,ID,4971,426,377,49,0.08569704284852142,0.07583987125326896,0.009857171595252465
2007,ID,6440,521,437,84,0.08090062111801243,0.06785714285714285,0.013043478260869565
2008,ID,7539,589,490,99,0.07812707255604191,0.06499535747446611,0.013131715081575806
2009,ID,10419,767,627,140,0.07361551012573184,0.06017852001151742,0.013436990114214417
2010,ID,13554,971,722,249,0.07163936845211745,0.053268407850081155,0.018370960602036298
2011,ID,18072,1080,850,230,0.05976095617529881,0.047034085878707395,0.012726870296591412
2012,ID,28643,1369,999,370,0.04779527284153196,0.03487763153300981,0.012917641308522153
2013,ID,42046,1583,1187,396,0.0376492413071398,0.0282309851115445,0.0094182561955953
2014,ID,50936,1834,1445,389,0.03600596827391236,0.028368933563687766,0.007637034710224595
2015,ID,71964,2224,1636,588,0.030904341059418597,0.022733589016730588,0.008170752042688011
2016,ID,98918,2746,1988,758,0.027760367172809802,0.020097454457227198,0.007662912715582604
2017,ID,146825,3537,2485,1052,0.024089902945683635,0.01692491060786651,0.0071649923378171295
2018,ID,205702,4455,3035,1420,0.02165754343662191,0.014754353384993826,0.006903190051628084
2019,ID,269625,5301,4070,1231,0.019660639777468708,0.015095039406583218,0.004565600370885489
2020,ID,320410,5842,5060,782,0.018232889110826753,0.0157922661589838,0.002440622951842951
2021,ID,395440,6834,5441,1393,0.017282014970665588,0.013759356665992312,0.0035226583046732754
2022,ID,463196,6777,5602,1175,0.014630955362308828,0.012094232247256021,0.002536723115052807
2023,ID,597332,9066,7388,1678,0.015177489235467044,0.012368331179310669,0.0028091580561563755
2024,ID,715852,9581,8679,902,0.013384051451976107,0.012124014461089723,0.0012600369908863844
2025,ID,774813,10722,11326,-604,0.013838177728045348,0.014617720662921246,-0.0007795429348758991
1998,IE,5132,0,0,0,0.0,0.0,0.0
1999,IE,4284,447,513,-66,0.10434173669467788,0.11974789915966387,-0.015406162464985995
2000,IE,4768,647,680,-33,0.1356963087248322,0.14261744966442952,-0.006921140939597316
2001,IE,5046,783,748,35,0.15517241379310345,0.1482362267142291,0.006936187078874356
2002,IE,6048,948,897,51,0.15674603174603174,0.14831349206349206,0.008432539682539682
2003,IE,6434,1151,998,153,0.17889337892446378,0.15511345974510413,0.023779919179359652
2004,IE,7554,1399,1122,277,0.18519989409584325,0.14853057982525814,0.03666931427058512
2005,IE,8788,1701,1363,338,0.19355939918070095,0.15509786071916248,0.038461538461538464
2006,IE,9733,1980,1635,345,0.20343162437069762,0.16798520497277303,0.03544641939792459
2007,IE,10160,2150,1865,285,0.21161417322834647,0.18356299212598426,0.028051181102362203
2008,IE,11276,2302,2058,244,0.20415040794608016,0.18251152891096134,0.021638879035118838
2009,IE,12472,2536,2231,305,0.20333547145606157,0.17888069275176396,0.024454778704297627
2010,IE,13421,2635,2448,187,0.1963341032709932,0.18240071529692273,0.013933387974070486
2011,IE,14324,2632,2696,-64,0.18374755654845015,0.1882155822395979,-0.004468025691147724
2012,IE,14908,2818,2824,-6,0.18902602629460694,0.18942849476790985,-0.0004024684733029246
2013,IE,15806,3001,3048,-47,0.18986460837656585,0.19283816272301657,-0.002973554346450715
2014,IE,15841,3145,3324,-179,0.19853544599457104,0.20983523767438925,-0.011299791679818193
2015,IE,16478,3206,3395,-189,0.19456244689889549,0.20603228547153782,-0.011469838572642312
2016,IE,17716,3365,3339,26,0.18994129600361256,0.1884736960939264,0.0014675999096861595
2017,IE,18427,3467,3431,36,0.18814782655885384,0.18619417159602758,0.0019536549628262874
2018,IE,19813,3624,3515,109,0.18291021046787462,0.17740877201837177,0.005501438449502852
2019,IE,21048,3804,3530,274,0.1807297605473204,0.1677118966172558,0.013017863930064615
2020,IE,22137,3947,3803,144,0.178298775805213,0.17179382933550164,0.006504946469711343
2021,IE,24314,4333,3808,525,0.1782100847248499,0.15661758657563543,0.021592498149214445
2022,IE,25266,3715,3552,163,0.1470355418348769,0.14058418427926858,0.006451357555608327
2023,IE,25828,4913,4257,656,0.19021991636983118,0.16482112436115842,0.025398792008672757
2024,IE,25591,4713,4810,-97,0.18416630846782073,0.18795670352858426,-0.00379039506076355
2025,IE,27160,5456,4882,574,0.2008836524300442,0.17974963181148748,0.021134020618556702
1998,IL,13136,0,0,0,0.0,0.0,0.0
1999,IL,13811,694,720,-26,0.050249800883353846,0.05213235826515097,-0.0018825573817971182
2000,IL,14286,979,925,54,0.06852862942741145,0.06474870502589948,0.0037799244015119695
2001,IL,14627,1050,1127,-77,0.07178505503520886,0.07704929240445751,-0.00526423736924865
2002,IL,16135,1182,1272,-90,0.07325689494886892,0.07883483111248837,-0.005577936163619461
2003,IL,16701,1191,1402,-211,0.07131309502425004,0.08394706903778217,-0.012633974013532124
2004,IL,17530,1300,1544,-244,0.07415858528237307,0.08807758128921848,-0.013918996006845407
2005,IL,17872,1279,1733,-454,0.07156445837063563,0.09696732318710832,-0.025402864816472696
2006,IL,18997,1351,1659,-308,0.07111649207769648,0.08732957835447702,-0.016213086276780544
2007,IL,19223,1532,1727,-195,0.07969619726369453,0.08984029547937367,-0.010144098215679135
2008,IL,20873,1670,1867,-197,0.08000766540506875,0.08944569539596608,-0.009438029990897332
2009,IL,21266,1806,2000,-194,0.08492429229756418,0.09404683532399134,-0.009122543026427161
2010,IL,21359,1815,1994,-179,0.08497588838428766,0.09335643054450114,-0.008380542160213493
2011,IL,22052,1858,1967,-109,0.08425539633593325,0.08919825866134591,-0.004942862325412661
2012,IL,22850,1984,2025,-41,0.08682713347921225,0.0886214442013129,-0.0017943107221006565
2013,IL,24425,2097,2059,38,0.0858546571136131,0.08429887410440123,0.001555783009211873
2014,IL,25210,2255,2283,-28,0.08944863149543832,0.09055930186433955,-0.0011106703689012297
2015,IL,26382,2535,2375,160,0.09608824198317034,0.09002350087180654,0.006064741111363809
2016,IL,27872,2770,2435,335,0.09938289322617681,0.08736366245694605,0.01201923076923077
2017,IL,29154,2679,2703,-24,0.09189133566577486,0.09271455031899568,-0.0008232146532208273
2018,IL,30606,2851,2769,82,0.09315166960726655,0.09047245638110174,0.0026792132261648045
2019,IL,32347,3007,2974,33,0.09296070732989149,0.0919405199863975,0.001020187343493987
2020,IL,35268,3331,3052,279,0.09444822501984802,0.08653737098786435,0.007910854031983668
2021,IL,37017,3243,3061,182,0.08760839614231299,0.08269173622930005,0.00491665991301294
2022,IL,37132,2777,3016,-239,0.0747872455025315,0.08122374232467952,-0.006436496822148013
2023,IL,37351,3152,3394,-242,0.08438863751974512,0.09086771438515702,-0.006479076865411903
2024,IL,37184,3236,3540,-304,0.08702667814113597,0.09520223752151463,-0.008175559380378658
2025,IL,38668,3444,3833,-389,0.0890658942795076,0.09912589221061342,-0.010059997931105824
1998,IM,25,0,0,0,0.0,0.0,0.0
1999,IM,23,5,6,-1,0.21739130434782608,0.2608695652173913,-0.043478260869565216
2000,IM,11,1,8,-7,0.09090909090909091,0.7272727272727273,-0.6363636363636364
2001,IM,16,2,3,-1,0.125,0.1875,-0.0625
2002,IM,24,4,3,1,0.16666666666666666,0.125,0.041666666666666664
2003,IM,13,3,5,-2,0.23076923076923078,0.38461538461538464,-0.15384615384615385
2004,IM,11,2,4,-2,0.18181818181818182,0.36363636363636365,-0.18181818181818182
2005,IM,25,1,7,-6,0.04,0.28,-0.24
2006,IM,15,8,4,4,0.5333333333333333,0.26666666666666666,0.26666666666666666
2007,IM,25,4,8,-4,0.16,0.32,-0.16
2008,IM,25,6,9,-3,0.24,0.36,-0.12
2009,IM,24,8,10,-2,0.3333333333333333,0.4166666666666667,-0.08333333333333333
2010,IM,17,3,5,-2,0.17647058823529413,0.29411764705882354,-0.11764705882352941
2011,IM,18,7,11,-4,0.3888888888888889,0.6111111111111112,-0.2222222222222222
2012,IM,25,8,7,1,0.32,0.28,0.04
2013,IM,16,7,9,-2,0.4375,0.5625,-0.125
2014,IM,25,8,5,3,0.32,0.2,0.12
2015,IM,23,12,10,2,0.5217391304347826,0.43478260869565216,0.08695652173913043
2016,IM,37,16,7,9,0.43243243243243246,0.1891891891891892,0.24324324324324326
2017,IM,27,6,14,-8,0.2222222222222222,0.5185185185185185,-0.2962962962962963
2018,IM,44,18,7,11,0.4090909090909091,0.1590909090909091,0.25
2019,IM,41,11,10,1,0.2682926829268293,0.24390243902439024,0.024390243902439025
2020,IM,16,3,14,-11,0.1875,0.875,-0.6875
2021,IM,42,11,8,3,0.2619047619047619,0.19047619047619047,0.07142857142857142
2022,IM,20,9,8,1,0.45,0.4,0.05
2023,IM,27,12,14,-2,0.4444444444444444,0.5185185185185185,-0.07407407407407407
2024,IM,13,3,8,-5,0.23076923076923078,0.6153846153846154,-0.38461538461538464
2025,IM,27,10,6,4,0.37037037037037035,0.2222222222222222,0.14814814814814814
1998,IN,25727,0,0,0,0.0,0.0,0.0
1999,IN,27703,1096,1306,-210,0.03956250225607335,0.04714290871024799,-0.0075804064541746385
2000,IN,29800,1601,1977,-376,0.0537248322147651,0.06634228187919464,-0.01261744966442953
2001,IN,32725,2005,2460,-455,0.0612681436210848,0.07517188693659282,-0.013903743315508022
2002,IN,37024,2404,3332,-928,0.06493085566119274,0.08999567847882455,-0.025064822817631807
2003,IN,40408,2823,3665,-842,0.06986240348445852,0.09069986141358147,-0.020837457929122945
2004,IN,44223,3199,3989,-790,0.07233792370485946,0.09020193112181445,-0.01786400741695498
2005,IN,52403,3800,4479,-679,0.07251493235120127,0.08547220578974486,-0.012957273438543596
2006,IN,60566,4289,5044,-755,0.07081530891919559,0.08328104877323911,-0.012465739854043523
2007,IN,66541,4784,5560,-776,0.07189552306096993,0.08355750589861889,-0.011661982837648969
2008,IN,74692,5652,6252,-600,0.0756707545654153,0.08370374337278423,-0.008032988807368928
2009,IN,84923,6314,7157,-843,0.07434970502690673,0.08427634445321056,-0.009926639426303828
2010,IN,103096,7370,7798,-428,0.07148676961278808,0.0756382400869093,-0.0041514704741212076
2011,IN,125097,8762,8551,211,0.07004164768139924,0.06835495655371432,0.0016866911276849166
2012,IN,151177,10000,9562,438,0.06614762827678813,0.06325036215826482,0.0028972661185233204
2013,IN,177103,11405,10418,987,0.06439755396577133,0.05882452584089485,0.005573028124876484
2014,IN,206917,12859,11758,1101,0.06214569126751306,0.05682471715712097,0.00532097411039209
2015,IN,221597,13194,13296,-102,0.05954051724526956,0.06000081228536487,-0.00046029504009530815
2016,IN,251037,14952,14421,531,0.05956094121583671,0.05744571517346048,0.0021152260423762236
2017,IN,281138,15705,16160,-455,0.05586224558757621,0.05748066785706664,-0.0016184222694904282
2018,IN,301425,16398,17681,-1283,0.05440159243592933,0.05865804097204943,-0.004256448536120097
2019,IN,316252,16991,19898,-2907,0.053726142443367944,0.06291817917357044,-0.009192036730202496
2020,IN,378936,20757,22286,-1529,0.05477705997846602,0.058812042139041946,-0.004034982160575929
2021,IN,428073,22432,22782,-350,0.05240227718169565,0.053219894737579806,-0.00081761755588416
2022,IN,491731,21301,23169,-1868,0.04331839969414172,0.04711722466145108,-0.003798824967309362
2023,IN,528110,27725,32353,-4628,0.0524985325026983,0.06126185832497018,-0.008763325822271874
2024,IN,584291,34305,33953,352,0.05871218279932431,0.05810974326149128,0.0006024395378330319
2025,IN,643549,37361,41666,-4305,0.05805463142666681,0.06474409873995608,-0.006689467313289276
1998,IQ,86,0,0,0,0.0,0.0,0.0
1999,IQ,203,2,4,-2,0.009852216748768473,0.019704433497536946,-0.009852216748768473
2000,IQ,206,10,8,2,0.04854368932038835,0.038834951456310676,0.009708737864077669
2001,IQ,170,5,12,-7,0.029411764705882353,0.07058823529411765,-0.041176470588235294
2002,IQ,254,19,10,9,0.07480314960629922,0.03937007874015748,0.03543307086614173
2003,IQ,220,8,18,-10,0.03636363636363636,0.08181818181818182,-0.045454545454545456
2004,IQ,280,9,21,-12,0.03214285714285714,0.075,-0.04285714285714286
2005,IQ,859,22,22,0,0.025611175785797437,0.025611175785797437,0.0
2006,IQ,1082,41,28,13,0.03789279112754159,0.025878003696857672,0.012014787430683918
2007,IQ,1277,39,41,-2,0.030540328895849646,0.03210649960845732,-0.0015661707126076742
2008,IQ,1689,67,68,-1,0.03966844286560095,0.04026050917702783,-0.0005920663114268798
2009,IQ,2448,112,86,26,0.0457516339869281,0.035130718954248366,0.010620915032679739
2010,IQ,2874,145,108,37,0.05045233124565066,0.037578288100208766,0.012874043145441893
2011,IQ,3214,162,133,29,0.05040448039825762,0.041381456129433725,0.009023024268823895
2012,IQ,4344,227,176,51,0.05225598526703499,0.040515653775322284,0.011740331491712707
2013,IQ,5494,353,213,140,0.06425191117582818,0.038769566800145615,0.025482344375682562
2014,IQ,5450,369,288,81,0.06770642201834863,0.05284403669724771,0.014862385321100917
2015,IQ,5975,412,315,97,0.0689539748953975,0.052719665271966525,0.016234309623430962
2016,IQ,7751,514,417,97,0.06631402399690363,0.053799509740678625,0.012514514256225004
2017,IQ,10670,781,497,284,0.0731958762886598,0.046579194001874415,0.02661668228678538
2018,IQ,14658,1108,598,510,0.07559012143539365,0.040796834493109564,0.03479328694228408
2019,IQ,20494,1454,705,749,0.0709475944178784,0.034400312286522884,0.03654728213135552
2020,IQ,23947,1543,899,644,0.06443395832463357,0.03754123689815008,0.026892721426483485
2021,IQ,29936,1670,1045,625,0.0557856761090326,0.03490780331373597,0.020877872795296633
2022,IQ,38057,1756,1122,634,0.046141314344273064,0.029482092650497938,0.016659221693775126
2023,IQ,43701,2502,1510,992,0.057252694446351345,0.03455298505755017,0.02269970938880117
2024,IQ,43291,2701,1858,843,0.06239172114296274,0.042918851493381996,0.019472869649580744
2025,IQ,44211,3259,2377,882,0.07371468639026486,0.05376490013797471,0.019949786252290155
1998,IR,1520,0,0,0,0.0,0.0,0.0
1999,IR,1974,78,55,23,0.03951367781155015,0.027862208713272545,0.01165146909827761
2000,IR,2708,110,104,6,0.04062038404726736,0.03840472673559823,0.0022156573116691287
2001,IR,3066,159,105,54,0.05185909980430528,0.03424657534246575,0.01761252446183953
2002,IR,4595,211,204,7,0.04591947769314472,0.04439608269858542,0.0015233949945593036
2003,IR,6348,368,246,122,0.057971014492753624,0.038752362948960305,0.01921865154379332
2004,IR,8867,418,269,149,0.04714108492161949,0.03033720536821924,0.016803879553400246
2005,IR,12320,528,434,94,0.04285714285714286,0.035227272727272725,0.00762987012987013
2006,IR,17220,657,585,72,0.03815331010452962,0.03397212543554007,0.004181184668989547
2007,IR,22236,846,737,109,0.038046411225040475,0.03314445044072675,0.004901960784313725
2008,IR,28923,999,1016,-17,0.03453998547868478,0.035127752999343086,-0.0005877675206582997
2009,IR,34639,1110,1349,-239,0.032044804988596666,0.03894454227893415,-0.006899737290337481
2010,IR,42828,1287,1724,-437,0.030050434295320817,0.04025403941346783,-0.010203605118147007
2011,IR,58493,1603,1972,-369,0.027404988631118253,0.03371343579573624,-0.0063084471646179885
2012,IR,66622,1794,2440,-646,0.02692804178799796,0.036624538440755305,-0.009696496652757347
2013,IR,75818,1986,2994,-1008,0.026194307420401488,0.039489303331662666,-0.013294995911261178
2014,IR,89798,2380,3280,-900,0.02650393104523486,0.03652642597830687,-0.010022494933072007
2015,IR,99059,2486,3631,-1145,0.025096154816826335,0.03665492282377169,-0.011558768006945356
2016,IR,108767,2868,3896,-1028,0.026368291853227543,0.03581968795682514,-0.009451396103597598
2017,IR,113083,2927,4074,-1147,0.02588364298789385,0.03602663530327282,-0.01014299231537897
2018,IR,120727,3092,4453,-1361,0.025611503640444972,0.03688487248088663,-0.011273368840441658
2019,IR,129081,3094,4844,-1750,0.02396944554194653,0.03752682424214253,-0.013557378700196
2020,IR,140753,3273,5624,-2351,0.02325350081348177,0.039956519576847385,-0.016703018763365614
2021,IR,143091,3452,5593,-2141,0.02412450818010916,0.03908701455716991,-0.014962506377060751
2022,IR,132209,2987,5607,-2620,0.022593015604081418,0.042410123365277705,-0.019817107761196287
2023,IR,126253,3432,7438,-4006,0.027183512470990788,0.05891345156154705,-0.03172993909055626
2024,IR,128605,3867,7531,-3664,0.03006881536487695,0.05855915399867812,-0.028490338633801175
2025,IR,129411,4550,7487,-2937,0.03515929866858304,0.057854432776193676,-0.022695134107610634
1998,IS,424,0,0,0,0.0,0.0,0.0
1999,IS,338,23,18,5,0.06804733727810651,0.05325443786982249,0.014792899408284023
2000,IS,447,41,40,1,0.09172259507829977,0.0894854586129754,0.0022371364653243847
2001,IS,502,62,47,15,0.12350597609561753,0.09362549800796813,0.029880478087649404
2002,IS,629,71,41,30,0.11287758346581876,0.06518282988871224,0.04769475357710652
2003,IS,643,86,53,33,0.13374805598755832,0.08242612752721618,0.05132192846034215
2004,IS,644,76,69,7,0.11801242236024845,0.10714285714285714,0.010869565217391304
2005,IS,723,102,61,41,0.14107883817427386,0.08437067773167359,0.056708160442600276
2006,IS,787,85,75,10,0.10800508259212198,0.09529860228716645,0.012706480304955527
2007,IS,849,117,98,19,0.13780918727915195,0.1154299175500589,0.02237926972909305
2008,IS,999,133,93,40,0.13313313313313313,0.09309309309309309,0.04004004004004004
2009,IS,1002,120,117,3,0.11976047904191617,0.11676646706586827,0.0029940119760479044
2010,IS,1163,161,121,40,0.13843508168529664,0.10404127257093723,0.034393809114359415
2011,IS,1149,148,148,0,0.1288076588337685,0.1288076588337685,0.0
2012,IS,1256,128,145,-17,0.10191082802547771,0.11544585987261147,-0.013535031847133758
2013,IS,1344,136,120,16,0.10119047619047619,0.08928571428571429,0.011904761904761904
2014,IS,1341,146,159,-13,0.10887397464578673,0.1185682326621924,-0.009694258016405667
2015,IS,1474,178,132,46,0.12075983717774763,0.08955223880597014,0.031207598371777476
2016,IS,1515,149,170,-21,0.09834983498349835,0.11221122112211221,-0.013861386138613862
2017,IS,1707,218,142,76,0.127709431751611,0.08318687756297598,0.04452255418863503
2018,IS,1874,214,168,46,0.11419423692636073,0.08964781216648879,0.02454642475987193
2019,IS,1913,193,187,6,0.10088865656037638,0.09775222164140095,0.0031364349189754314
2020,IS,1982,207,248,-41,0.10443995963673057,0.12512613521695257,-0.020686175580221997
2021,IS,2313,309,184,125,0.13359273670557717,0.07955036748811067,0.054042369217466496
2022,IS,2396,242,236,6,0.1010016694490818,0.09849749582637729,0.0025041736227045075
2023,IS,2520,315,241,74,0.125,0.09563492063492063,0.029365079365079365
2024,IS,2491,315,248,67,0.12645523885989562,0.09955841027699719,0.026896828582898435
2025,IS,2641,325,275,50,0.12305944717909882,0.10412722453616055,0.01893222264293828
1998,IT,58976,0,0,0,0.0,0.0,0.0
1999,IT,59267,2241,2372,-131,0.03781193581588405,0.040022272090708154,-0.0022103362748241012
2000,IT,62897,3094,3263,-169,0.04919153536734661,0.05187846797144538,-0.0026869326040987645
2001,IT,64748,3522,3586,-64,0.05439550256378575,0.05538395008340026,-0.0009884475196145054
2002,IT,75064,4052,3924,128,0.0539806032185868,0.052275391665778534,0.0017052115528082702
2003,IT,79762,4384,4368,16,0.054963516461472885,0.054762919686066044,0.00020059677540683533
2004,IT,86043,4608,4644,-36,0.0535546180398173,0.053973013493253376,-0.00041839545343607266
2005,IT,91809,4931,5186,-255,0.05370933132917252,0.056486836802492134,-0.002777505473319609
2006,IT,99559,5645,5850,-205,0.05670004720818811,0.05875912775339246,-0.0020590805452043513
2007,IT,104602,6016,6200,-184,0.05751324066461444,0.05927228924877154,-0.0017590485841570908
2008,IT,114020,6511,7155,-644,0.05710401683915103,0.06275214874583407,-0.005648131906683038
2009,IT,117914,6960,7757,-797,0.05902606984751599,0.06578523330562952,-0.0067591634581135405
2010,IT,120027,7187,8354,-1167,0.05987819407300024,0.06960100644021762,-0.009722812367217375
2011,IT,127198,7515,8484,-969,0.059081117627635654,0.06669916193650843,-0.007618044308872781
2012,IT,134830,7798,9207,-1409,0.05783579322109323,0.06828598976488912,-0.01045019654379589
2013,IT,142997,8424,10003,-1579,0.05891032679007252,0.06995251648635985,-0.011042189696287334
2014,IT,150547,9126,10067,-941,0.06061894292147967,0.06686948262004556,-0.006250539698565896
2015,IT,157466,9212,10584,-1372,0.058501517787966924,0.06721450979894072,-0.008712992010973798
2016,IT,158624,9586,11191,-1605,0.060432217066774256,0.07055048416380875,-0.010118267097034497
2017,IT,165443,9962,11521,-1559,0.06021409186245414,0.06963727688690365,-0.009423185024449509
2018,IT,170995,10287,11744,-1457,0.06015965379104652,0.06868037077107518,-0.008520716980028657
2019,IT,177905,10497,11792,-1295,0.05900340069138023,0.06628256653832101,-0.007279165846940783
2020,IT,196032,11242,12073,-831,0.057347779954293174,0.0615868837740777,-0.004239103819784525
2021,IT,204510,11467,11915,-448,0.05607060779423989,0.05826120972079605,-0.0021906019265561585
2022,IT,222823,11539,11120,419,0.05178549790641002,0.04990508161186233,0.0018804162945476903
2023,IT,220587,13121,13627,-506,0.059482199766985364,0.0617760792793773,-0.002293879512391936
2024,IT,230566,13994,15019,-1025,0.060694117953210794,0.06513969969553186,-0.004445581742321071
2025,IT,242997,14874,16337,-1463,0.06121063223002753,0.06723128269073281,-0.006020650460705276
1998,JE,12,0,0,0,0.0,0.0,0.0
1999,JE,10,1,1,0,0.1,0.1,0.0
2000,JE,14,2,3,-1,0.14285714285714285,0.21428571428571427,-0.07142857142857142
2001,JE,12,2,4,-2,0.16666666666666666,0.3333333333333333,-0.16666666666666666
2002,JE,10,1,2,-1,0.1,0.2,-0.1
2003,JE,10,3,1,2,0.3,0.1,0.2
2004,JE,6,2,4,-2,0.3333333333333333,0.6666666666666666,-0.3333333333333333
2005,JE,9,1,1,0,0.1111111111111111,0.1111111111111111,0.0
2006,JE,16,5,2,3,0.3125,0.125,0.1875
2007,JE,9,1,3,-2,0.1111111111111111,0.3333333333333333,-0.2222222222222222
2008,JE,12,2,6,-4,0.16666666666666666,0.5,-0.3333333333333333
2009,JE,10,3,3,0,0.3,0.3,0.0
2010,JE,12,2,4,-2,0.16666666666666666,0.3333333333333333,-0.16666666666666666
2011,JE,13,7,5,2,0.5384615384615384,0.38461538461538464,0.15384615384615385
2012,JE,14,4,4,0,0.2857142857142857,0.2857142857142857,0.0
2013,JE,12,3,4,-1,0.25,0.3333333333333333,-0.08333333333333333
2014,JE,15,7,5,2,0.4666666666666667,0.3333333333333333,0.13333333333333333
2015,JE,10,4,6,-2,0.4,0.6,-0.2
2016,JE,19,6,4,2,0.3157894736842105,0.21052631578947367,0.10526315789473684
2017,JE,25,11,6,5,0.44,0.24,0.2
2018,JE,24,10,3,7,0.4166666666666667,0.125,0.2916666666666667
2019,JE,22,7,8,-1,0.3181818181818182,0.36363636363636365,-0.045454545454545456
2020,JE,20,3,6,-3,0.15,0.3,-0.15
2021,JE,24,10,3,7,0.4166666666666667,0.125,0.2916666666666667
2022,JE,30,6,8,-2,0.2,0.26666666666666666,-0.06666666666666667
2023,JE,23,7,8,-1,0.30434782608695654,0.34782608695652173,-0.043478260869565216
2024,JE,37,12,6,6,0.32432432432432434,0.16216216216216217,0.16216216216216217
2025,JE,29,5,10,-5,0.1724137931034483,0.3448275862068966,-0.1724137931034483
1998,JM,192,0,0,0,0.0,0.0,0.0
1999,JM,193,20,16,4,0.10362694300518134,0.08290155440414508,0.02072538860103627
2000,JM,199,33,31,2,0.1658291457286432,0.15577889447236182,0.010050251256281407
2001,JM,207,33,33,0,0.15942028985507245,0.15942028985507245,0.0
2002,JM,253,45,51,-6,0.17786561264822134,0.2015810276679842,-0.023715415019762844
2003,JM,218,55,42,13,0.25229357798165136,0.1926605504587156,0.05963302752293578
2004,JM,280,53,59,-6,0.18928571428571428,0.21071428571428572,-0.02142857142857143
2005,JM,276,41,65,-24,0.14855072463768115,0.23550724637681159,-0.08695652173913043
2006,JM,313,66,56,10,0.2108626198083067,0.17891373801916932,0.03194888178913738
2007,JM,334,66,72,-6,0.19760479041916168,0.2155688622754491,-0.017964071856287425
2008,JM,376,70,70,0,0.18617021276595744,0.18617021276595744,0.0
2009,JM,397,80,76,4,0.20151133501259447,0.19143576826196473,0.010075566750629723
2010,JM,420,63,93,-30,0.15,0.22142857142857142,-0.07142857142857142
2011,JM,440,85,96,-11,0.19318181818181818,0.21818181818181817,-0.025
2012,JM,472,103,97,6,0.21822033898305085,0.2055084745762712,0.012711864406779662
2013,JM,484,114,93,21,0.23553719008264462,0.1921487603305785,0.04338842975206612
2014,JM,567,124,121,3,0.21869488536155202,0.21340388007054673,0.005291005291005291
2015,JM,587,126,114,12,0.21465076660988075,0.19420783645655879,0.020442930153321975
2016,JM,574,122,130,-8,0.21254355400696864,0.2264808362369338,-0.013937282229965157
2017,JM,600,126,120,6,0.21,0.2,0.01
2018,JM,526,93,124,-31,0.17680608365019013,0.23574144486692014,-0.058935361216730035
2019,JM,537,115,138,-23,0.21415270018621974,0.2569832402234637,-0.04283054003724395
2020,JM,572,120,149,-29,0.2097902097902098,0.26048951048951047,-0.050699300699300696
2021,JM,714,142,128,14,0.19887955182072828,0.1792717086834734,0.0196078431372549
2022,JM,614,93,131,-38,0.15146579804560262,0.21335504885993486,-0.06188925081433225
2023,JM,657,140,143,-3,0.213089802130898,0.2176560121765601,-0.0045662100456621
2024,JM,600,128,144,-16,0.21333333333333335,0.24,-0.02666666666666667
2025,JM,524,125,179,-54,0.2385496183206107,0.3416030534351145,-0.10305343511450382
1998,JO,585,0,0,0,0.0,0.0,0.0
1999,JO,637,31,28,3,0.04866562009419152,0.04395604395604396,0.004709576138147566
2000,JO,684,35,36,-1,0.05116959064327485,0.05263157894736842,-0.0014619883040935672
2001,JO,644,46,57,-11,0.07142857142857142,0.08850931677018634,-0.017080745341614908
2002,JO,844,77,61,16,0.09123222748815166,0.07227488151658767,0.018957345971563982
2003,JO,902,80,73,7,0.08869179600886919,0.08093126385809313,0.007760532150776054
2004,JO,933,91,64,27,0.09753483386923902,0.06859592711682744,0.028938906752411574
2005,JO,1105,144,89,55,0.13031674208144797,0.08054298642533937,0.049773755656108594
2006,JO,1314,154,104,50,0.1171993911719939,0.0791476407914764,0.0380517503805175
2007,JO,1449,177,139,38,0.12215320910973085,0.09592822636300898,0.026224982746721876
2008,JO,1862,227,140,87,0.12191192266380237,0.07518796992481203,0.04672395273899033
2009,JO,2194,253,144,109,0.11531449407474932,0.06563354603463993,0.04968094804010939
2010,JO,2603,245,203,42,0.09412216673069534,0.07798693814829043,0.016135228582404917
2011,JO,2720,273,230,43,0.10036764705882353,0.08455882352941177,0.015808823529411764
2012,JO,3142,318,261,57,0.10120942075111394,0.08306810948440484,0.018141311266709103
2013,JO,3826,325,296,29,0.08494511238891793,0.07736539466806064,0.007579717720857292
2014,JO,4269,387,329,58,0.09065354884047787,0.07706722885921762,0.013586319981260248
2015,JO,4275,387,389,-2,0.09052631578947369,0.09099415204678363,-0.00046783625730994154
2016,JO,4513,468,371,97,0.10370042100598272,0.08220695767781963,0.021493463328163084
2017,JO,5343,470,413,57,0.08796556241811716,0.07729739846528168,0.010668163952835485
2018,JO,6067,527,448,79,0.08686335915609032,0.07384209658809955,0.01302126256799077
2019,JO,7638,651,519,132,0.08523173605655932,0.06794972505891594,0.01728201099764336
2020,JO,8961,679,651,28,0.07577279321504296,0.07264814194844325,0.0031246512665997097
2021,JO,9910,767,662,105,0.07739656912209888,0.06680121089808275,0.010595358224016145
2022,JO,12096,716,779,-63,0.05919312169312169,0.06440145502645503,-0.005208333333333333
2023,JO,13431,921,949,-28,0.0685727049363413,0.07065743429379794,-0.0020847293574566303
2024,JO,15248,1080,1004,76,0.0708289611752361,0.06584470094438614,0.004984260230849948
2025,JO,16726,1389,1265,124,0.08304436207102714,0.0756307545139304,0.007413607557096736
1998,JP,156452,0,0,0,0.0,0.0,0.0
1999,JP,158267,4512,4491,21,0.028508785786045102,0.028376098618157923,0.000132687167887178
2000,JP,168911,6483,6227,256,0.03838115930874839,0.036865568257839924,0.0015155910509084666
2001,JP,171317,7368,7573,-205,0.043007991034164736,0.044204603162558295,-0.0011966121283935628
2002,JP,201868,9137,8708,429,0.04526225057958666,0.04313709949075634,0.0021251510888303246
2003,JP,197626,8740,9679,-939,0.04422495015837997,0.04897634926578487,-0.0047513991074048965
2004,JP,195285,9030,10228,-1198,0.04624011060757355,0.052374734362598256,-0.006134623755024707
2005,JP,203705,9728,10949,-1221,0.04775533246606613,0.05374929432267249,-0.005993961856606367
2006,JP,207979,10333,11650,-1317,0.04968290067747225,0.05601527077252992,-0.006332370095057674
2007,JP,205535,10163,11785,-1622,0.04944656627824945,0.05733816624905734,-0.007891599970807892
2008,JP,210932,10689,12427,-1738,0.050675099084065006,0.05891472133199325,-0.008239622247928242
2009,JP,214918,10972,12767,-1795,0.05105202914599987,0.05940405177788738,-0.00835202263188751
2010,JP,216131,10833,12466,-1633,0.050122379482813666,0.0576779823347877,-0.0075556028519740345
2011,JP,223446,11307,12780,-1473,0.05060283021401144,0.057195026986385976,-0.006592196772374533
2012,JP,228558,11370,13020,-1650,0.04974667261701625,0.05696584674349618,-0.007219174126479931
2013,JP,233297,11754,13036,-1282,0.050382130931816524,0.05587727231811811,-0.005495141386301581
2014,JP,237331,11814,13558,-1744,0.049778579283785096,0.05712696613590302,-0.0073483868521179285
2015,JP,239907,11973,13697,-1724,0.04990683890007378,0.0570929568541143,-0.007186117954040524
2016,JP,242580,12402,14437,-2035,0.05112540192926045,0.059514387006348424,-0.008388985077087971
2017,JP,247829,13103,14024,-921,0.05287113291826219,0.05658740502523918,-0.003716272106976988
2018,JP,250963,13589,13344,245,0.05414742412228098,0.05317118459693262,0.0009762395253483581
2019,JP,253707,13099,13784,-685,0.05163042407186243,0.05433038899202623,-0.002699964920163811
2020,JP,260258,13360,13771,-411,0.051333676582468166,0.05291287875877014,-0.0015792021763019772
2021,JP,263010,12734,13259,-525,0.048416410022432604,0.05041253184289571,-0.0019961218204631002
2022,JP,270436,11564,12194,-630,0.042760579212826694,0.04509015071957875,-0.0023295715067520595
2023,JP,267101,12757,14384,-1627,0.04776095933747908,0.053852288085780284,-0.006091328748301204
2024,JP,268858,13855,15095,-1240,0.05153277938540047,0.056144879453094196,-0.0046121000676937265
2025,JP,277367,15612,16869,-1257,0.056286436382121885,0.060818338158468745,-0.0045319017763468614
1998,KE,721,0,0,0,0.0,0.0,0.0
1999,KE,783,52,61,-9,0.06641123882503193,0.07790549169859515,-0.011494252873563218
2000,KE,1146,97,88,9,0.08464223385689354,0.07678883071553229,0.007853403141361256
2001,KE,1425,141,135,6,0.09894736842105263,0.09473684210526316,0.004210526315789474
2002,KE,1470,174,153,21,0.11836734693877551,0.10408163265306122,0.014285714285714285
2003,KE,1506,177,182,-5,0.11752988047808766,0.12084993359893759,-0.0033200531208499337
2004,KE,1855,214,202,12,0.11536388140161725,0.10889487870619946,0.00646900269541779
2005,KE,1817,225,234,-9,0.12383048981838195,0.12878370941111722,-0.0049532195927352776
2006,KE,2015,237,284,-47,0.11761786600496278,0.14094292803970224,-0.023325062034739455
2007,KE,2033,274,276,-2,0.13477619281849484,0.13575996064928678,-0.000983767830791933
2008,KE,2256,306,293,13,0.1356382978723404,0.12987588652482268,0.00576241134751773
2009,KE,2562,321,343,-22,0.1252927400468384,0.13387978142076504,-0.00858704137392662
2010,KE,2847,384,340,44,0.13487881981032665,0.1194239550403934,0.015454864769933263
2011,KE,3446,415,340,75,0.120429483459083,0.09866511897852583,0.02176436448055717
2012,KE,3823,450,384,66,0.11770860580695788,0.10044467695527073,0.017263928851687156
2013,KE,4560,473,388,85,0.1037280701754386,0.08508771929824561,0.01864035087719298
2014,KE,5870,590,469,121,0.10051107325383304,0.07989778534923339,0.02061328790459966
2015,KE,5976,620,559,61,0.1037483266398929,0.09354082998661312,0.010207496653279786
2016,KE,6736,630,627,3,0.09352731591448932,0.09308194774346794,0.0004453681710213777
2017,KE,7759,705,606,99,0.09086222451346823,0.07810284830519397,0.012759376208274262
2018,KE,8798,732,719,13,0.08320072743805411,0.08172311889065696,0.0014776085473971357
2019,KE,10233,830,745,85,0.08111013388058243,0.07280367438678784,0.008306459493794585
2020,KE,11755,856,920,-64,0.07282007656316461,0.07826456826882178,-0.005444491705657167
2021,KE,13050,1005,941,64,0.07701149425287357,0.07210727969348658,0.004904214559386973
2022,KE,14083,847,852,-5,0.060143435347582194,0.06049847333664702,-0.0003550379890648299
2023,KE,14845,1041,1068,-27,0.07012462108454025,0.07194341529134389,-0.0018187942068036377
2024,KE,14908,1061,1196,-135,0.07116984169573383,0.08022538234504964,-0.009055540649315803
2025,KE,16290,1372,1331,41,0.08422344996930632,0.08170656844689994,0.002516881522406384
1998,KG,29,0,0,0,0.0,0.0,0.0
1999,KG,27,1,2,-1,0.037037037037037035,0.07407407407407407,-0.037037037037037035
2000,KG,59,5,4,1,0.0847457627118644,0.06779661016949153,0.01694915254237288
2001,KG,38,4,5,-1,0.10526315789473684,0.13157894736842105,-0.02631578947368421
2002,KG,109,21,4,17,0.1926605504587156,0.03669724770642202,0.1559633027522936
2003,KG,42,8,20,-12,0.19047619047619047,0.47619047619047616,-0.2857142857142857
2004,KG,55,10,13,-3,0.18181818181818182,0.23636363636363636,-0.05454545454545454
2005,KG,93,14,10,4,0.15053763440860216,0.10752688172043011,0.043010752688172046
2006,KG,93,14,11,3,0.15053763440860216,0.11827956989247312,0.03225806451612903
2007,KG,99,12,13,-1,0.12121212121212122,0.13131313131313133,-0.010101010101010102
2008,KG,129,26,22,4,0.20155038759689922,0.17054263565891473,0.031007751937984496
2009,KG,106,22,22,0,0.20754716981132076,0.20754716981132076,0.0
2010,KG,107,25,20,5,0.2336448598130841,0.18691588785046728,0.04672897196261682
2011,KG,147,24,32,-8,0.16326530612244897,0.21768707482993196,-0.05442176870748299
2012,KG,153,23,27,-4,0.1503267973856209,0.17647058823529413,-0.026143790849673203
2013,KG,167,21,28,-7,0.12574850299401197,0.16766467065868262,-0.041916167664670656
2014,KG,208,36,30,6,0.17307692307692307,0.14423076923076922,0.028846153846153848
2015,KG,274,29,35,-6,0.10583941605839416,0.12773722627737227,-0.021897810218978103
2016,KG,409,68,31,37,0.16625916870415647,0.07579462102689487,0.09046454767726161
2017,KG,523,64,55,9,0.12237093690248566,0.10516252390057361,0.017208413001912046
2018,KG,648,64,59,5,0.09876543209876543,0.09104938271604938,0.007716049382716049
2019,KG,1019,95,69,26,0.09322865554465162,0.06771344455348381,0.02551521099116781
2020,KG,1314,102,107,-5,0.0776255707762557,0.08143074581430745,-0.00380517503805175
2021,KG,2583,122,115,7,0.047231900890437474,0.04452187379016647,0.0027100271002710027
2022,KG,2332,113,95,18,0.04845626072041166,0.040737564322469985,0.007718696397941681
2023,KG,1771,150,145,5,0.08469791078486731,0.0818746470920384,0.00282326369282891
2024,KG,3194,217,185,32,0.06793988728866625,0.05792110206637445,0.010018785222291797
2025,KG,3992,287,199,88,0.0718937875751503,0.049849699398797596,0.022044088176352707
1998,KH,103,0,0,0,0.0,0.0,0.0
1999,KH,105,21,23,-2,0.2,0.21904761904761905,-0.01904761904761905
2000,KH,136,32,42,-10,0.23529411764705882,0.3088235294117647,-0.07352941176470588
2001,KH,94,29,53,-24,0.30851063829787234,0.5638297872340425,-0.2553191489361702
2002,KH,123,30,53,-23,0.24390243902439024,0.43089430894308944,-0.18699186991869918
2003,KH,136,52,53,-1,0.38235294117647056,0.3897058823529412,-0.007352941176470588
2004,KH,174,70,56,14,0.40229885057471265,0.3218390804597701,0.08045977011494253
2005,KH,211,61,61,0,0.2890995260663507,0.2890995260663507,0.0
2006,KH,281,77,71,6,0.27402135231316727,0.2526690391459075,0.021352313167259787
2007,KH,236,60,89,-29,0.2542372881355932,0.3771186440677966,-0.1228813559322034
2008,KH,245,64,89,-25,0.2612244897959184,0.363265306122449,-0.10204081632653061
2009,KH,297,68,85,-17,0.22895622895622897,0.28619528619528617,-0.05723905723905724
2010,KH,377,89,84,5,0.23607427055702918,0.22281167108753316,0.013262599469496022
2011,KH,387,113,87,26,0.29198966408268734,0.2248062015503876,0.06718346253229975
2012,KH,507,121,107,14,0.23865877712031558,0.21104536489151873,0.027613412228796843
2013,KH,526,111,130,-19,0.21102661596958175,0.24714828897338403,-0.03612167300380228
2014,KH,625,162,156,6,0.2592,0.2496,0.0096
2015,KH,675,174,154,20,0.2577777777777778,0.22814814814814816,0.02962962962962963
2016,KH,645,145,152,-7,0.2248062015503876,0.23565891472868217,-0.010852713178294573
2017,KH,702,137,168,-31,0.19515669515669515,0.23931623931623933,-0.04415954415954416
2018,KH,835,211,168,43,0.25269461077844313,0.20119760479041915,0.05149700598802395
2019,KH,928,218,221,-3,0.2349137931034483,0.23814655172413793,-0.003232758620689655
2020,KH,939,204,203,1,0.21725239616613418,0.2161874334398296,0.0010649627263045794
2021,KH,1174,234,225,9,0.19931856899488926,0.19165247018739354,0.007666098807495741
2022,KH,1455,276,243,33,0.18969072164948453,0.1670103092783505,0.02268041237113402
2023,KH,1745,346,276,70,0.1982808022922636,0.15816618911174785,0.04011461318051576
2024,KH,2128,389,327,62,0.18280075187969924,0.1536654135338346,0.02913533834586466
2025,KH,2553,585,381,204,0.2291421856639248,0.1492361927144536,0.0799059929494712
2003,KI,2,0,0,0,0.0,0.0,0.0
2006,KI,4,0,0,0,0.0,0.0,0.0
2007,KI,3,2,0,2,0.6666666666666666,0.0,0.6666666666666666
2008,KI,1,0,0,0,0.0,0.0,0.0
2010,KI,1,0,0,0,0.0,0.0,0.0
2011,KI,3,1,0,1,0.3333333333333333,0.0,0.3333333333333333
2012,KI,5,1,0,1,0.2,0.0,0.2
2013,KI,9,0,1,-1,0.0,0.1111111111111111,-0.1111111111111111
2014,KI,22,0,0,0,0.0,0.0,0.0
2015,KI,4,0,0,0,0.0,0.0,0.0
2016,KI,15,0,2,-2,0.0,0.13333333333333333,-0.13333333333333333
2017,KI,12,0,1,-1,0.0,0.08333333333333333,-0.08333333333333333
2018,KI,16,1,2,-1,0.0625,0.125,-0.0625
2019,KI,13,1,4,-3,0.07692307692307693,0.3076923076923077,-0.23076923076923078
2020,KI,29,3,3,0,0.10344827586206896,0.10344827586206896,0.0
2021,KI,21,2,0,2,0.09523809523809523,0.0,0.09523809523809523
2022,KI,15,5,3,2,0.3333333333333333,0.2,0.13333333333333333
2023,KI,31,4,2,2,0.12903225806451613,0.06451612903225806,0.06451612903225806
2024,KI,28,1,3,-2,0.03571428571428571,0.10714285714285714,-0.07142857142857142
2025,KI,36,3,1,2,0.08333333333333333,0.027777777777777776,0.05555555555555555
1998,KN,9,0,0,0,0.0,0.0,0.0
1999,KN,6,2,1,1,0.3333333333333333,0.16666666666666666,0.16666666666666666
2000,KN,12,8,0,8,0.6666666666666666,0.0,0.6666666666666666
2001,KN,5,1,8,-7,0.2,1.6,-1.4
2002,KN,6,4,2,2,0.6666666666666666,0.3333333333333333,0.3333333333333333
2003,KN,16,8,4,4,0.5,0.25,0.25
2004,KN,13,4,7,-3,0.3076923076923077,0.5384615384615384,-0.23076923076923078
2005,KN,12,7,9,-2,0.5833333333333334,0.75,-0.16666666666666666
2006,KN,11,6,8,-2,0.5454545454545454,0.7272727272727273,-0.18181818181818182
2007,KN,20,8,9,-1,0.4,0.45,-0.05
2008,KN,28,14,5,9,0.5,0.17857142857142858,0.32142857142857145
2009,KN,29,8,13,-5,0.27586206896551724,0.4482758620689655,-0.1724137931034483
2010,KN,34,19,13,6,0.5588235294117647,0.38235294117647056,0.17647058823529413
2011,KN,32,15,13,2,0.46875,0.40625,0.0625
2012,KN,49,28,17,11,0.5714285714285714,0.3469387755102041,0.22448979591836735
2013,KN,76,28,32,-4,0.3684210526315789,0.42105263157894735,-0.05263157894736842
2014,KN,124,50,26,24,0.4032258064516129,0.20967741935483872,0.1935483870967742
2015,KN,122,49,35,14,0.4016393442622951,0.28688524590163933,0.11475409836065574
2016,KN,111,35,44,-9,0.3153153153153153,0.3963963963963964,-0.08108108108108109
2017,KN,119,39,40,-1,0.3277310924369748,0.33613445378151263,-0.008403361344537815
2018,KN,141,52,32,20,0.36879432624113473,0.22695035460992907,0.14184397163120568
2019,KN,185,65,54,11,0.35135135135135137,0.2918918918918919,0.05945945945945946
2020,KN,253,71,64,7,0.28063241106719367,0.25296442687747034,0.02766798418972332
2021,KN,235,74,71,3,0.3148936170212766,0.3021276595744681,0.01276595744680851
2022,KN,228,70,74,-4,0.30701754385964913,0.32456140350877194,-0.017543859649122806
2023,KN,296,99,81,18,0.3344594594594595,0.27364864864864863,0.060810810810810814
2024,KN,401,169,125,44,0.42144638403990026,0.3117206982543641,0.10972568578553615
2025,KN,554,295,148,147,0.5324909747292419,0.26714801444043323,0.26534296028880866
1998,KP,3,0,0,0,0.0,0.0,0.0
1999,KP,7,1,1,0,0.14285714285714285,0.14285714285714285,0.0
2000,KP,4,0,3,-3,0.0,0.75,-0.75
2001,KP,7,5,2,3,0.7142857142857143,0.2857142857142857,0.42857142857142855
2002,KP,8,4,4,0,0.5,0.5,0.0
2003,KP,8,3,3,0,0.375,0.375,0.0
2004,KP,9,3,4,-1,0.3333333333333333,0.4444444444444444,-0.1111111111111111
2005,KP,12,5,9,-4,0.4166666666666667,0.75,-0.3333333333333333
2006,KP,17,7,8,-1,0.4117647058823529,0.47058823529411764,-0.058823529411764705
2007,KP,6,1,7,-6,0.16666666666666666,1.1666666666666667,-1.0
2008,KP,16,4,4,0,0.25,0.25,0.0
2009,KP,15,9,3,6,0.6,0.2,0.4
2010,KP,8,3,6,-3,0.375,0.75,-0.375
2011,KP,19,8,5,3,0.42105263157894735,0.2631578947368421,0.15789473684210525
2012,KP,31,7,9,-2,0.22580645161290322,0.2903225806451613,-0.06451612903225806
2013,KP,31,10,10,0,0.3225806451612903,0.3225806451612903,0.0
2014,KP,33,14,10,4,0.42424242424242425,0.30303030303030304,0.12121212121212122
2015,KP,59,9,12,-3,0.15254237288135594,0.2033898305084746,-0.05084745762711865
2016,KP,64,15,10,5,0.234375,0.15625,0.078125
2017,KP,54,13,17,-4,0.24074074074074073,0.3148148148148148,-0.07407407407407407
2018,KP,82,25,19,6,0.3048780487804878,0.23170731707317074,0.07317073170731707
2019,KP,137,33,19,14,0.24087591240875914,0.1386861313868613,0.10218978102189781
2020,KP,176,39,20,19,0.2215909090909091,0.11363636363636363,0.10795454545454546
2021,KP,272,27,31,-4,0.09926470588235294,0.11397058823529412,-0.014705882352941176
2022,KP,253,51,33,18,0.2015810276679842,0.13043478260869565,0.07114624505928854
2023,KP,364,80,52,28,0.21978021978021978,0.14285714285714285,0.07692307692307693
2024,KP,417,80,36,44,0.19184652278177458,0.08633093525179857,0.10551558752997602
2025,KP,753,215,51,164,0.2855245683930943,0.06772908366533864,0.21779548472775564
1998,KR,26732,0,0,0,0.0,0.0,0.0
1999,KR,30125,951,872,79,0.03156846473029046,0.02894605809128631,0.0026224066390041494
2000,KR,35201,1532,1360,172,0.04352149086673674,0.03863526604357831,0.004886224823158433
2001,KR,39624,2112,1712,400,0.05330102967898243,0.04320613769432667,0.010094891984655765
2002,KR,55836,2691,2532,159,0.04819471308833011,0.04534708790027939,0.00284762518805072
2003,KR,56572,3344,2991,353,0.05911051403521177,0.05287067807395885,0.006239835961252917
2004,KR,61602,3692,3390,302,0.05993311905457615,0.05503068082205123,0.004902438232524918
2005,KR,68893,4282,4024,258,0.06215435530460279,0.058409417502503884,0.003744937802098907
2006,KR,79686,5233,4466,767,0.0656702557538338,0.0560449765328916,0.009625279220942197
2007,KR,84981,5342,4702,640,0.06286111013049976,0.05533001494451701,0.007531095185982749
2008,KR,90421,5789,5354,435,0.06402273808075558,0.0592119087380144,0.004810829342741177
2009,KR,97825,6111,5669,442,0.06246869409660107,0.05795042167135191,0.0045182724252491695
2010,KR,107088,6737,6228,509,0.06291087703570895,0.05815777678171224,0.004753100253996713
2011,KR,117515,7153,6808,345,0.060868825256350255,0.057933029825979664,0.002935795430370591
2012,KR,127401,7772,7007,765,0.06100423073602248,0.054999568292242604,0.006004662443779876
2013,KR,132841,7945,7456,489,0.05980834230395736,0.056127249870145515,0.00368109243381185
2014,KR,135557,8030,7521,509,0.059237073703313,0.05548219568152143,0.0037548780217915713
2015,KR,135432,8211,7827,384,0.06062821194400142,0.05779284068757753,0.002835371256423888
2016,KR,135956,8216,7934,282,0.06043131601400453,0.05835711553737974,0.0020742004766247904
2017,KR,134897,7924,8502,-578,0.058741113590368946,0.06302586417785422,-0.0042847505874852665
2018,KR,136595,8069,8611,-542,0.05907244042607709,0.0630403748307039,-0.003967934404626817
2019,KR,138791,8034,9017,-983,0.05788559776930781,0.06496818958001599,-0.007082591810708187
2020,KR,142017,8132,9535,-1403,0.057260750473534856,0.06713984945464276,-0.009879098981107896
2021,KR,146048,8594,9083,-489,0.058843667835232254,0.06219188212094654,-0.0033482142857142855
2022,KR,152826,8141,8542,-401,0.053269731590174445,0.055893630664939215,-0.002623899074764765
2023,KR,157937,10590,10522,68,0.06705205240064076,0.06662150097823816,0.00043055142240260355
2024,KR,161716,11550,12370,-820,0.0714215043656781,0.07649212199163967,-0.0050706176259615625
2025,KR,163628,13096,15238,-2142,0.08003520179920307,0.09312587087784487,-0.013090669078641797
1998,KW,892,0,0,0,0.0,0.0,0.0
1999,KW,945,41,41,0,0.04338624338624339,0.04338624338624339,0.0
2000,KW,765,58,71,-13,0.07581699346405228,0.09281045751633987,-0.01699346405228758
2001,KW,881,70,70,0,0.07945516458569807,0.07945516458569807,0.0
2002,KW,947,72,89,-17,0.07602956705385427,0.09398099260823653,-0.01795142555438226
2003,KW,995,86,73,13,0.0864321608040201,0.07336683417085427,0.01306532663316583
2004,KW,933,100,80,20,0.10718113612004287,0.0857449088960343,0.021436227224008574
2005,KW,1113,138,83,55,0.12398921832884097,0.07457322551662174,0.04941599281221923
2006,KW,1146,135,124,11,0.11780104712041885,0.1082024432809773,0.009598603839441536
2007,KW,1252,145,115,30,0.11581469648562301,0.09185303514376997,0.023961661341853034
2008,KW,1414,166,138,28,0.1173974540311174,0.09759547383309759,0.019801980198019802
2009,KW,1469,164,156,8,0.11164057181756297,0.10619469026548672,0.005445881552076242
2010,KW,1425,160,151,9,0.11228070175438597,0.10596491228070175,0.00631578947368421
2011,KW,1544,162,185,-23,0.10492227979274611,0.11981865284974093,-0.014896373056994818
2012,KW,1706,197,180,17,0.11547479484173505,0.10550996483001172,0.00996483001172333
2013,KW,1806,215,189,26,0.11904761904761904,0.10465116279069768,0.014396456256921373
2014,KW,1868,253,210,43,0.1354389721627409,0.11241970021413276,0.023019271948608137
2015,KW,2309,356,253,103,0.15417929839757472,0.10957124296232135,0.044608055435253355
2016,KW,2145,338,287,51,0.15757575757575756,0.1337995337995338,0.023776223776223775
2017,KW,2431,334,300,34,0.13739201974496093,0.12340600575894693,0.013986013986013986
2018,KW,2780,360,332,28,0.12949640287769784,0.11942446043165468,0.010071942446043165
2019,KW,3060,409,330,79,0.13366013071895425,0.10784313725490197,0.025816993464052286
2020,KW,3305,443,376,67,0.1340393343419062,0.11376701966717095,0.02027231467473525
2021,KW,3562,449,412,37,0.12605277933745088,0.11566535654126894,0.010387422796181921
2022,KW,3860,502,437,65,0.1300518134715026,0.11321243523316062,0.01683937823834197
2023,KW,4007,519,565,-46,0.1295233341652109,0.14100324432243574,-0.011479910157224856
2024,KW,4423,607,610,-3,0.13723716934207553,0.1379154420076871,-0.0006782726656115759
2025,KW,4855,766,750,16,0.15777548918640577,0.15447991761071062,0.0032955715756951597
1998,KY,3,0,0,0,0.0,0.0,0.0
1999,KY,8,0,0,0,0.0,0.0,0.0
2000,KY,17,4,0,4,0.23529411764705882,0.0,0.23529411764705882
2001,KY,17,1,2,-1,0.058823529411764705,0.11764705882352941,-0.058823529411764705
2002,KY,5,1,5,-4,0.2,1.0,-0.8
2003,KY,8,0,1,-1,0.0,0.125,-0.125
2004,KY,11,2,4,-2,0.18181818181818182,0.36363636363636365,-0.18181818181818182
2005,KY,8,3,4,-1,0.375,0.5,-0.125
2006,KY,8,3,2,1,0.375,0.25,0.125
2007,KY,18,7,4,3,0.3888888888888889,0.2222222222222222,0.16666666666666666
2008,KY,26,8,5,3,0.3076923076923077,0.19230769230769232,0.11538461538461539
2009,KY,30,12,4,8,0.4,0.13333333333333333,0.26666666666666666
2010,KY,32,9,5,4,0.28125,0.15625,0.125
2011,KY,43,14,8,6,0.32558139534883723,0.18604651162790697,0.13953488372093023
2012,KY,27,8,12,-4,0.2962962962962963,0.4444444444444444,-0.14814814814814814
2013,KY,33,10,11,-1,0.30303030303030304,0.3333333333333333,-0.030303030303030304
2014,KY,22,11,11,0,0.5,0.5,0.0
2015,KY,28,12,9,3,0.42857142857142855,0.32142857142857145,0.10714285714285714
2016,KY,36,16,13,3,0.4444444444444444,0.3611111111111111,0.08333333333333333
2017,KY,52,14,15,-1,0.2692307692307692,0.28846153846153844,-0.019230769230769232
2018,KY,38,16,18,-2,0.42105263157894735,0.47368421052631576,-0.05263157894736842
2019,KY,45,18,11,7,0.4,0.24444444444444444,0.15555555555555556
2020,KY,62,36,25,11,0.5806451612903226,0.4032258064516129,0.1774193548387097
2021,KY,93,42,22,20,0.45161290322580644,0.23655913978494625,0.21505376344086022
2022,KY,89,40,32,8,0.449438202247191,0.3595505617977528,0.0898876404494382
2023,KY,133,70,33,37,0.5263157894736842,0.24812030075187969,0.2781954887218045
2024,KY,79,26,73,-47,0.3291139240506329,0.9240506329113924,-0.5949367088607594
2025,KY,157,63,33,30,0.4012738853503185,0.21019108280254778,0.1910828025477707
1998,KZ,247,0,0,0,0.0,0.0,0.0
1999,KZ,240,28,33,-5,0.11666666666666667,0.1375,-0.020833333333333332
2000,KZ,377,35,41,-6,0.09283819628647215,0.10875331564986737,-0.015915119363395226
2001,KZ,443,52,55,-3,0.11738148984198646,0.12415349887133183,-0.006772009029345372
2002,KZ,465,60,49,11,0.12903225806451613,0.1053763440860215,0.023655913978494623
2003,KZ,562,61,79,-18,0.10854092526690391,0.14056939501779359,-0.03202846975088968
2004,KZ,495,97,79,18,0.19595959595959597,0.1595959595959596,0.03636363636363636
2005,KZ,567,96,94,2,0.1693121693121693,0.1657848324514991,0.003527336860670194
2006,KZ,598,98,110,-12,0.16387959866220736,0.18394648829431437,-0.020066889632107024
2007,KZ,721,136,120,16,0.18862690707350901,0.1664355062413315,0.022191400832177532
2008,KZ,842,139,168,-29,0.16508313539192399,0.1995249406175772,-0.0344418052256532
2009,KZ,847,124,139,-15,0.14639905548996457,0.1641086186540732,-0.01770956316410862
2010,KZ,908,158,156,2,0.17400881057268722,0.17180616740088106,0.0022026431718061676
2011,KZ,1036,192,195,-3,0.18532818532818532,0.18822393822393824,-0.0028957528957528956
2012,KZ,1424,202,188,14,0.14185393258426968,0.13202247191011235,0.009831460674157303
2013,KZ,2395,287,198,89,0.1198329853862213,0.0826722338204593,0.037160751565762005
2014,KZ,3578,363,313,50,0.1014533258803801,0.08747903856903298,0.013974287311347122
2015,KZ,4706,380,344,36,0.0807479813004675,0.07309817254568636,0.00764980875478113
2016,KZ,5047,498,414,84,0.09867247870021795,0.0820289280760848,0.016643550624133148
2017,KZ,5797,537,456,81,0.0926341210971192,0.07866137657409004,0.013972744523029153
2018,KZ,7317,616,574,42,0.08418750854175208,0.07844745114117808,0.005740057400574006
2019,KZ,9369,773,678,95,0.08250613726118049,0.07236631444124239,0.010139822819938095
2020,KZ,12152,889,888,1,0.07315668202764977,0.07307439104674128,8.229098090849243e-05
2021,KZ,14921,1010,928,82,0.06768983312110448,0.062194222907311844,0.005495610213792641
2022,KZ,18968,1133,903,230,0.05973218051455082,0.047606495149725855,0.012125685364824968
2023,KZ,21001,1423,1287,136,0.06775867815818294,0.061282796057330606,0.00647588210085234
2024,KZ,23188,1661,1556,105,0.07163187855787476,0.0671036743143005,0.004528204243574262
2025,KZ,25972,2053,1837,216,0.07904666563991991,0.07073001694132142,0.008316648698598491
1998,LA,31,0,0,0,0.0,0.0,0.0
1999,LA,38,8,11,-3,0.21052631578947367,0.2894736842105263,-0.07894736842105263
2000,LA,29,9,11,-2,0.3103448275862069,0.3793103448275862,-0.06896551724137931
2001,LA,36,11,9,2,0.3055555555555556,0.25,0.05555555555555555
2002,LA,50,18,11,7,0.36,0.22,0.14
2003,LA,61,20,24,-4,0.32786885245901637,0.39344262295081966,-0.06557377049180328
2004,LA,54,23,16,7,0.42592592592592593,0.2962962962962963,0.12962962962962962
2005,LA,75,21,22,-1,0.28,0.29333333333333333,-0.013333333333333334
2006,LA,94,23,27,-4,0.24468085106382978,0.2872340425531915,-0.0425531914893617
2007,LA,102,18,29,-11,0.17647058823529413,0.28431372549019607,-0.10784313725490197
2008,LA,132,32,23,9,0.24242424242424243,0.17424242424242425,0.06818181818181818
2009,LA,128,36,20,16,0.28125,0.15625,0.125
2010,LA,149,36,43,-7,0.24161073825503357,0.28859060402684567,-0.04697986577181208
2011,LA,165,43,36,7,0.2606060606060606,0.21818181818181817,0.04242424242424243
2012,LA,185,51,34,17,0.2756756756756757,0.1837837837837838,0.0918918918918919
2013,LA,245,62,59,3,0.2530612244897959,0.24081632653061225,0.012244897959183673
2014,LA,231,53,75,-22,0.22943722943722944,0.3246753246753247,-0.09523809523809523
2015,LA,296,87,60,27,0.2939189189189189,0.20270270270270271,0.09121621621621621
2016,LA,299,85,56,29,0.2842809364548495,0.18729096989966554,0.09698996655518395
2017,LA,277,64,78,-14,0.23104693140794225,0.2815884476534296,-0.05054151624548736
2018,LA,363,89,71,18,0.24517906336088155,0.19559228650137742,0.049586776859504134
2019,LA,408,101,97,4,0.24754901960784315,0.23774509803921567,0.00980392156862745
2020,LA,450,123,102,21,0.2733333333333333,0.22666666666666666,0.04666666666666667
2021,LA,471,127,111,16,0.26963906581740976,0.2356687898089172,0.03397027600849257
2022,LA,570,156,85,71,0.2736842105263158,0.14912280701754385,0.12456140350877193
2023,LA,620,160,166,-6,0.25806451612903225,0.267741935483871,-0.00967741935483871
2024,LA,862,194,165,29,0.22505800464037123,0.191415313225058,0.033642691415313224
2025,LA,1056,218,174,44,0.20643939393939395,0.16477272727272727,0.041666666666666664
1998,LB,367,0,0,0,0.0,0.0,0.0
1999,LB,501,46,29,17,0.09181636726546906,0.05788423153692615,0.033932135728542916
2000,LB,599,77,48,29,0.1285475792988314,0.08013355592654424,0.048414023372287146
2001,LB,690,69,68,1,0.1,0.09855072463768116,0.0014492753623188406
2002,LB,758,88,85,3,0.11609498680738786,0.11213720316622691,0.00395778364116095
2003,LB,908,139,90,49,0.15308370044052863,0.09911894273127753,0.053964757709251104
2004,LB,1055,129,100,29,0.12227488151658768,0.0947867298578199,0.027488151658767772
2005,LB,1199,154,137,17,0.12844036697247707,0.11426188490408674,0.014178482068390326
2006,LB,1438,193,170,23,0.13421418636995827,0.11821974965229486,0.015994436717663423
2007,LB,1400,180,200,-20,0.12857142857142856,0.14285714285714285,-0.014285714285714285
2008,LB,1623,221,213,8,0.1361675908810844,0.13123844731977818,0.004929143561306223
2009,LB,1620,227,276,-49,0.14012345679012345,0.17037037037037037,-0.030246913580246913
2010,LB,1682,243,263,-20,0.14447086801426873,0.15636147443519618,-0.011890606420927468
2011,LB,2081,351,254,97,0.16866890917827967,0.12205670350792888,0.04661220567035079
2012,LB,2336,392,323,69,0.1678082191780822,0.1382705479452055,0.029537671232876712
2013,LB,2795,427,334,93,0.15277280858676207,0.11949910554561717,0.0332737030411449
2014,LB,3264,483,441,42,0.1479779411764706,0.13511029411764705,0.012867647058823529
2015,LB,3563,536,480,56,0.1504350266629245,0.134717934325007,0.015717092337917484
2016,LB,3937,549,519,30,0.13944627889255778,0.1318262636525273,0.00762001524003048
2017,LB,4589,635,497,138,0.13837437350185225,0.10830246241011114,0.03007191109174112
2018,LB,5286,691,576,115,0.13072266363980325,0.10896708286038592,0.02175558077941733
2019,LB,6074,726,660,66,0.11952584787619361,0.10865986170563055,0.010865986170563056
2020,LB,6681,733,792,-59,0.10971411465349498,0.11854512797485406,-0.008831013321359079
2021,LB,6924,800,930,-130,0.11554015020219527,0.134315424610052,-0.01877527440785673
2022,LB,6750,644,1086,-442,0.09540740740740741,0.1608888888888889,-0.06548148148148149
2023,LB,6830,822,1301,-479,0.12035139092240117,0.1904831625183016,-0.07013177159590044
2024,LB,7465,965,1235,-270,0.12926992632283993,0.16543871399866042,-0.0361687876758205
2025,LB,8491,1203,1246,-43,0.14167942527381933,0.14674361088211046,-0.005064185608291132
1998,LC,1,0,0,0,0.0,0.0,0.0
2001,LC,1,0,0,0,0.0,0.0,0.0
2002,LC,3,0,0,0,0.0,0.0,0.0
2003,LC,3,0,1,-1,0.0,0.3333333333333333,-0.3333333333333333
2004,LC,1,0,0,0,0.0,0.0,0.0
2005,LC,1,0,0,0,0.0,0.0,0.0
2007,LC,3,1,0,1,0.3333333333333333,0.0,0.3333333333333333
2008,LC,3,2,0,2,0.6666666666666666,0.0,0.6666666666666666
2009,LC,3,1,0,1,0.3333333333333333,0.0,0.3333333333333333
2010,LC,7,2,2,0,0.2857142857142857,0.2857142857142857,0.0
2011,LC,1,1,1,0,1.0,1.0,0.0
2012,LC,5,3,3,0,0.6,0.6,0.0
2013,LC,11,4,2,2,0.36363636363636365,0.18181818181818182,0.18181818181818182
2014,LC,8,3,0,3,0.375,0.0,0.375
2015,LC,7,5,6,-1,0.7142857142857143,0.8571428571428571,-0.14285714285714285
2016,LC,17,6,1,5,0.35294117647058826,0.058823529411764705,0.29411764705882354
2017,LC,17,6,4,2,0.35294117647058826,0.23529411764705882,0.11764705882352941
2018,LC,39,8,5,3,0.20512820512820512,0.1282051282051282,0.07692307692307693
2019,LC,23,5,4,1,0.21739130434782608,0.17391304347826086,0.043478260869565216
2020,LC,30,8,2,6,0.26666666666666666,0.06666666666666667,0.2
2021,LC,40,12,11,1,0.3,0.275,0.025
2022,LC,49,14,16,-2,0.2857142857142857,0.32653061224489793,-0.04081632653061224
2023,LC,85,20,33,-13,0.23529411764705882,0.38823529411764707,-0.15294117647058825
2024,LC,61,14,22,-8,0.22950819672131148,0.36065573770491804,-0.13114754098360656
2025,LC,73,28,27,1,0.3835616438356164,0.3698630136986301,0.0136986301369863
1998,LI,17,0,0,0,0.0,0.0,0.0
1999,LI,56,5,1,4,0.08928571428571429,0.017857142857142856,0.07142857142857142
2000,LI,45,11,4,7,0.24444444444444444,0.08888888888888889,0.15555555555555556
2001,LI,32,5,3,2,0.15625,0.09375,0.0625
2002,LI,48,13,12,1,0.2708333333333333,0.25,0.020833333333333332
2003,LI,28,5,10,-5,0.17857142857142858,0.35714285714285715,-0.17857142857142858
2004,LI,50,15,8,7,0.3,0.16,0.14
2005,LI,45,13,15,-2,0.28888888888888886,0.3333333333333333,-0.044444444444444446
2006,LI,74,24,6,18,0.32432432432432434,0.08108108108108109,0.24324324324324326
2007,LI,83,23,15,8,0.27710843373493976,0.18072289156626506,0.0963855421686747
2008,LI,70,17,15,2,0.24285714285714285,0.21428571428571427,0.02857142857142857
2009,LI,81,21,13,8,0.25925925925925924,0.16049382716049382,0.09876543209876543
2010,LI,73,24,19,5,0.3287671232876712,0.2602739726027397,0.0684931506849315
2011,LI,92,26,30,-4,0.2826086956521739,0.32608695652173914,-0.043478260869565216
2012,LI,106,26,17,9,0.24528301886792453,0.16037735849056603,0.08490566037735849
2013,LI,104,25,21,4,0.2403846153846154,0.20192307692307693,0.038461538461538464
2014,LI,114,36,21,15,0.3157894736842105,0.18421052631578946,0.13157894736842105
2015,LI,124,32,35,-3,0.25806451612903225,0.28225806451612906,-0.024193548387096774
2016,LI,148,44,22,22,0.2972972972972973,0.14864864864864866,0.14864864864864866
2017,LI,124,22,33,-11,0.1774193548387097,0.2661290322580645,-0.08870967741935484
2018,LI,124,31,33,-2,0.25,0.2661290322580645,-0.016129032258064516
2019,LI,132,38,34,4,0.2878787878787879,0.25757575757575757,0.030303030303030304
2020,LI,156,50,21,29,0.32051282051282054,0.1346153846153846,0.1858974358974359
2021,LI,153,32,46,-14,0.20915032679738563,0.3006535947712418,-0.0915032679738562
2022,LI,196,55,34,21,0.28061224489795916,0.17346938775510204,0.10714285714285714
2023,LI,268,90,41,49,0.3358208955223881,0.15298507462686567,0.1828358208955224
2024,LI,181,44,60,-16,0.2430939226519337,0.3314917127071823,-0.08839779005524862
2025,LI,223,42,28,14,0.18834080717488788,0.12556053811659193,0.06278026905829596
1998,LK,418,0,0,0,0.0,0.0,0.0
1999,LK,476,47,49,-2,0.09873949579831932,0.10294117647058823,-0.004201680672268907
2000,LK,479,65,60,5,0.13569937369519833,0.12526096033402923,0.010438413361169102
2001,LK,517,91,78,13,0.1760154738878143,0.15087040618955513,0.025145067698259187
2002,LK,552,87,107,-20,0.15760869565217392,0.19384057971014493,-0.036231884057971016
2003,LK,694,111,97,14,0.15994236311239193,0.13976945244956773,0.020172910662824207
2004,LK,687,144,132,12,0.2096069868995633,0.19213973799126638,0.017467248908296942
2005,LK,884,133,172,-39,0.1504524886877828,0.19457013574660634,-0.04411764705882353
2006,LK,1102,176,139,37,0.15970961887477314,0.12613430127041741,0.03357531760435572
2007,LK,1190,196,169,27,0.16470588235294117,0.14201680672268907,0.0226890756302521
2008,LK,1570,219,231,-12,0.1394904458598726,0.14713375796178343,-0.007643312101910828
2009,LK,2090,322,250,72,0.15406698564593302,0.11961722488038277,0.03444976076555024
2010,LK,2243,285,317,-32,0.1270619705751226,0.1413285777975925,-0.014266607222469906
2011,LK,2741,299,314,-15,0.10908427581174754,0.11455673112002919,-0.005472455308281649
2012,LK,3259,371,363,8,0.11383860079779073,0.11138386007977907,0.00245474071801166
2013,LK,3599,348,388,-40,0.09669352597943873,0.10780772436787997,-0.011114198388441235
2014,LK,3750,382,362,20,0.10186666666666666,0.09653333333333333,0.005333333333333333
2015,LK,4677,430,425,5,0.09193927731451786,0.09087021595039556,0.0010690613641223007
2016,LK,5009,450,445,5,0.08983829107606309,0.0888400878418846,0.0009982032341784787
2017,LK,5670,473,505,-32,0.08342151675485009,0.0890652557319224,-0.005643738977072311
2018,LK,6645,481,522,-41,0.07238525206922498,0.07855530474040633,-0.006170052671181339
2019,LK,7598,549,556,-7,0.07225585680442222,0.07317715188207423,-0.0009212950776520137
2020,LK,9042,698,632,66,0.0771953107719531,0.06989604069896041,0.0072992700729927005
2021,LK,11887,785,715,70,0.0660385294859931,0.06014974341717843,0.005888786068814672
2022,LK,11478,548,756,-208,0.04774350932218156,0.06586513329848406,-0.01812162397630249
2023,LK,11288,722,1034,-312,0.06396172927002126,0.0916017009213324,-0.027639971651311126
2024,LK,10394,852,1094,-242,0.08197036751972292,0.10525303059457379,-0.023282663074850874
2025,LK,13207,1187,1209,-22,0.08987658060119634,0.09154236389793291,-0.001665783296736579
1998,LR,1,0,0,0,0.0,0.0,0.0
1999,LR,2,0,0,0,0.0,0.0,0.0
2000,LR,24,0,1,-1,0.0,0.041666666666666664,-0.041666666666666664
2001,LR,27,0,2,-2,0.0,0.07407407407407407,-0.07407407407407407
2002,LR,25,3,1,2,0.12,0.04,0.08
2003,LR,13,5,3,2,0.38461538461538464,0.23076923076923078,0.15384615384615385
2004,LR,34,5,2,3,0.14705882352941177,0.058823529411764705,0.08823529411764706
2005,LR,38,5,5,0,0.13157894736842105,0.13157894736842105,0.0
2006,LR,21,6,7,-1,0.2857142857142857,0.3333333333333333,-0.047619047619047616
2007,LR,28,2,6,-4,0.07142857142857142,0.21428571428571427,-0.14285714285714285
2008,LR,56,14,2,12,0.25,0.03571428571428571,0.21428571428571427
2009,LR,54,11,7,4,0.2037037037037037,0.12962962962962962,0.07407407407407407
2010,LR,46,6,6,0,0.13043478260869565,0.13043478260869565,0.0
2011,LR,63,7,14,-7,0.1111111111111111,0.2222222222222222,-0.1111111111111111
2012,LR,42,13,6,7,0.30952380952380953,0.14285714285714285,0.16666666666666666
2013,LR,54,7,9,-2,0.12962962962962962,0.16666666666666666,-0.037037037037037035
2014,LR,65,7,5,2,0.1076923076923077,0.07692307692307693,0.03076923076923077
2015,LR,93,21,12,9,0.22580645161290322,0.12903225806451613,0.0967741935483871
2016,LR,101,32,10,22,0.31683168316831684,0.09900990099009901,0.21782178217821782
2017,LR,147,36,21,15,0.24489795918367346,0.14285714285714285,0.10204081632653061
2018,LR,160,30,24,6,0.1875,0.15,0.0375
2019,LR,170,38,26,12,0.2235294117647059,0.15294117647058825,0.07058823529411765
2020,LR,109,21,43,-22,0.1926605504587156,0.3944954128440367,-0.2018348623853211
2021,LR,199,29,29,0,0.1457286432160804,0.1457286432160804,0.0
2022,LR,266,40,29,11,0.15037593984962405,0.10902255639097744,0.041353383458646614
2023,LR,213,39,29,10,0.18309859154929578,0.13615023474178403,0.046948356807511735
2024,LR,293,45,41,4,0.15358361774744028,0.13993174061433447,0.013651877133105802
2025,LR,240,43,44,-1,0.17916666666666667,0.18333333333333332,-0.004166666666666667
1998,LS,11,0,0,0,0.0,0.0,0.0
1999,LS,11,0,0,0,0.0,0.0,0.0
2000,LS,23,1,1,0,0.043478260869565216,0.043478260869565216,0.0
2001,LS,25,1,3,-2,0.04,0.12,-0.08
2002,LS,32,3,2,1,0.09375,0.0625,0.03125
2003,LS,21,2,3,-1,0.09523809523809523,0.14285714285714285,-0.047619047619047616
2004,LS,35,1,3,-2,0.02857142857142857,0.08571428571428572,-0.05714285714285714
2005,LS,23,1,2,-1,0.043478260869565216,0.08695652173913043,-0.043478260869565216
2006,LS,35,7,4,3,0.2,0.11428571428571428,0.08571428571428572
2007,LS,52,4,3,1,0.07692307692307693,0.057692307692307696,0.019230769230769232
2008,LS,52,7,3,4,0.1346153846153846,0.057692307692307696,0.07692307692307693
2009,LS,43,6,7,-1,0.13953488372093023,0.16279069767441862,-0.023255813953488372
2010,LS,71,6,8,-2,0.08450704225352113,0.11267605633802817,-0.028169014084507043
2011,LS,64,4,11,-7,0.0625,0.171875,-0.109375
2012,LS,66,4,7,-3,0.06060606060606061,0.10606060606060606,-0.045454545454545456
2013,LS,68,8,7,1,0.11764705882352941,0.10294117647058823,0.014705882352941176
2014,LS,82,12,7,5,0.14634146341463414,0.08536585365853659,0.06097560975609756
2015,LS,112,4,12,-8,0.03571428571428571,0.10714285714285714,-0.07142857142857142
2016,LS,86,6,9,-3,0.06976744186046512,0.10465116279069768,-0.03488372093023256
2017,LS,80,11,11,0,0.1375,0.1375,0.0
2018,LS,107,14,10,4,0.1308411214953271,0.09345794392523364,0.037383177570093455
2019,LS,115,19,8,11,0.16521739130434782,0.06956521739130435,0.09565217391304348
2020,LS,166,23,21,2,0.13855421686746988,0.12650602409638553,0.012048192771084338
2021,LS,202,25,24,1,0.12376237623762376,0.1188118811881188,0.0049504950495049506
2022,LS,203,25,16,9,0.12315270935960591,0.07881773399014778,0.04433497536945813
2023,LS,255,33,24,9,0.12941176470588237,0.09411764705882353,0.03529411764705882
2024,LS,259,21,26,-5,0.08108108108108109,0.10038610038610038,-0.019305019305019305
2025,LS,288,41,18,23,0.1423611111111111,0.0625,0.0798611111111111
1998,LT,744,0,0,0,0.0,0.0,0.0
1999,LT,818,45,21,24,0.0550122249388753,0.02567237163814181,0.029339853300733496
2000,LT,864,42,49,-7,0.04861111111111111,0.056712962962962965,-0.008101851851851851
2001,LT,1021,63,64,-1,0.061704211557296766,0.06268364348677767,-0.0009794319294809011
2002,LT,1389,70,97,-27,0.0503959683225342,0.06983441324694024,-0.019438444924406047
2003,LT,1665,121,79,42,0.07267267267267268,0.04744744744744745,0.025225225225225224
2004,LT,2102,86,125,-39,0.04091341579448145,0.05946717411988582,-0.018553758325404377
2005,LT,2278,148,90,58,0.0649692712906058,0.03950834064969271,0.025460930640913083
2006,LT,2589,110,135,-25,0.04248744689069139,0.05214368482039398,-0.009656237929702587
2007,LT,2532,121,128,-7,0.04778830963665087,0.05055292259083728,-0.002764612954186414
2008,LT,2654,143,174,-31,0.05388093443858327,0.06556141672946496,-0.011680482290881688
2009,LT,2984,139,150,-11,0.04658176943699732,0.05026809651474531,-0.003686327077747989
2010,LT,3456,232,169,63,0.06712962962962964,0.048900462962962965,0.018229166666666668
2011,LT,4225,263,131,132,0.06224852071005917,0.031005917159763315,0.031242603550295858
2012,LT,5103,242,150,92,0.047423084460121494,0.029394473838918283,0.018028610621203214
2013,LT,5548,231,193,38,0.0416366258111031,0.03478731074260995,0.00684931506849315
2014,LT,6758,234,160,74,0.03462562888428529,0.02367564368156259,0.010949985202722699
2015,LT,6878,227,221,6,0.03300378016865368,0.03213143355626635,0.0008723466123873219
2016,LT,6537,257,232,25,0.03931467033807557,0.03549028606394371,0.003824384274131865
2017,LT,7019,281,285,-4,0.04003419290497222,0.04060407465450919,-0.0005698817495369711
2018,LT,7392,306,330,-24,0.041396103896103896,0.044642857142857144,-0.003246753246753247
2019,LT,7441,349,351,-2,0.04690229807821529,0.04717107915602742,-0.00026878107781212203
2020,LT,8099,373,396,-23,0.04605506852697864,0.04889492529941968,-0.002839856772441042
2021,LT,8326,368,357,11,0.04419889502762431,0.04287773240451597,0.0013211626231083354
2022,LT,8750,390,351,39,0.044571428571428574,0.04011428571428571,0.0044571428571428574
2023,LT,8602,395,407,-12,0.04591955359218786,0.04731457800511509,-0.0013950244129272262
2024,LT,8793,412,342,70,0.04685545320141021,0.038894575230296824,0.007960877971113386
2025,LT,9362,576,400,176,0.06152531510361034,0.04272591326639607,0.01879940183721427
1998,LU,196,0,0,0,0.0,0.0,0.0
1999,LU,226,27,20,7,0.11946902654867257,0.08849557522123894,0.030973451327433628
2000,LU,247,44,39,5,0.17813765182186234,0.15789473684210525,0.020242914979757085
2001,LU,361,56,52,4,0.15512465373961218,0.1440443213296399,0.0110803324099723
2002,LU,377,86,80,6,0.22811671087533156,0.21220159151193635,0.015915119363395226
2003,LU,346,61,87,-26,0.17630057803468208,0.2514450867052023,-0.07514450867052024
2004,LU,488,115,82,33,0.23565573770491804,0.1680327868852459,0.06762295081967214
2005,LU,541,115,99,16,0.21256931608133087,0.18299445471349354,0.029574861367837338
2006,LU,674,176,110,66,0.26112759643916916,0.1632047477744807,0.09792284866468842
2007,LU,815,217,147,70,0.26625766871165646,0.18036809815950922,0.08588957055214724
2008,LU,895,219,205,14,0.2446927374301676,0.22905027932960895,0.01564245810055866
2009,LU,1109,260,169,91,0.2344454463480613,0.15238954012623984,0.08205590622182146
2010,LU,1354,336,217,119,0.2481536189069424,0.1602658788774003,0.0878877400295421
2011,LU,1423,331,248,83,0.2326071679550246,0.17427969079409697,0.05832747716092762
2012,LU,1674,398,292,106,0.23775388291517324,0.17443249701314217,0.06332138590203107
2013,LU,1848,423,316,107,0.2288961038961039,0.170995670995671,0.057900432900432904
2014,LU,1984,409,358,51,0.2061491935483871,0.18044354838709678,0.025705645161290324
2015,LU,2148,462,301,161,0.21508379888268156,0.14013035381750466,0.07495344506517691
2016,LU,2276,470,388,82,0.20650263620386644,0.1704745166959578,0.03602811950790861
2017,LU,2269,476,396,80,0.20978404583516969,0.1745262230057294,0.03525782282944028
2018,LU,2501,471,405,66,0.18832467013194723,0.16193522590963613,0.026389444222311077
2019,LU,2517,476,452,24,0.18911402463249902,0.1795788637266587,0.009535160905840286
2020,LU,2519,510,469,41,0.20246129416435094,0.18618499404525604,0.01627630011909488
2021,LU,2817,608,437,171,0.21583244586439473,0.15512957046503373,0.06070287539936102
2022,LU,2955,619,440,179,0.20947546531302877,0.14890016920473773,0.06057529610829103
2023,LU,3044,640,479,161,0.2102496714848883,0.1573587385019711,0.052890932982917215
2024,LU,3147,611,487,124,0.19415316174134095,0.15475055608516047,0.03940260565618049
2025,LU,3544,712,507,205,0.20090293453724606,0.143058690744921,0.057844243792325056
1998,LV,529,0,0,0,0.0,0.0,0.0
1999,LV,586,37,35,2,0.06313993174061433,0.059726962457337884,0.0034129692832764505
2000,LV,603,48,52,-4,0.07960199004975124,0.08623548922056384,-0.006633499170812604
2001,LV,690,58,69,-11,0.08405797101449275,0.1,-0.015942028985507246
2002,LV,739,68,74,-6,0.09201623815967523,0.10013531799729364,-0.008119079837618403
2003,LV,745,81,94,-13,0.1087248322147651,0.1261744966442953,-0.0174496644295302
2004,LV,785,88,90,-2,0.11210191082802548,0.11464968152866242,-0.0025477707006369425
2005,LV,913,87,94,-7,0.09529025191675794,0.10295728368017525,-0.007667031763417305
2006,LV,1006,100,92,8,0.09940357852882704,0.09145129224652088,0.007952286282306162
2007,LV,1225,123,127,-4,0.10040816326530612,0.1036734693877551,-0.0032653061224489797
2008,LV,1484,164,138,26,0.1105121293800539,0.09299191374663072,0.01752021563342318
2009,LV,1710,191,156,35,0.11169590643274854,0.0912280701754386,0.02046783625730994
2010,LV,1908,184,191,-7,0.09643605870020965,0.100104821802935,-0.003668763102725367
2011,LV,2321,215,200,15,0.0926324859974149,0.08616975441619991,0.006462731581214994
2012,LV,2753,211,223,-12,0.07664366146022521,0.08100254268071196,-0.004358881220486742
2013,LV,2888,189,243,-54,0.06544321329639889,0.08414127423822715,-0.018698060941828253
2014,LV,3236,245,231,14,0.07571075401730532,0.07138442521631644,0.004326328800988875
2015,LV,3735,227,290,-63,0.0607764390896921,0.07764390896921017,-0.016867469879518072
2016,LV,3419,249,248,1,0.07282831237203861,0.07253582918982159,0.0002924831822170225
2017,LV,3899,265,300,-35,0.06796614516542704,0.07694280584765324,-0.008976660682226212
2018,LV,4107,288,339,-51,0.07012417823228634,0.08254200146092038,-0.01241782322863404
2019,LV,4463,281,352,-71,0.06296213309433117,0.07887071476585257,-0.0159085816715214
2020,LV,4682,346,302,44,0.0739000427167877,0.06450234942332336,0.009397693293464331
2021,LV,5119,316,386,-70,0.061730806798202774,0.07540535260793124,-0.013674545809728463
2022,LV,5317,355,287,68,0.0667669738574384,0.05397780703404175,0.012789166823396652
2023,LV,5489,351,339,12,0.06394607396611404,0.06175988340316998,0.00218619056294407
2024,LV,5265,358,397,-39,0.06799620132953467,0.07540360873694207,-0.007407407407407408
2025,LV,5618,479,422,57,0.08526165895336418,0.07511569953720185,0.010145959416162335
1998,LY,89,0,0,0,0.0,0.0,0.0
1999,LY,72,4,5,-1,0.05555555555555555,0.06944444444444445,-0.013888888888888888
2000,LY,113,2,6,-4,0.017699115044247787,0.05309734513274336,-0.035398230088495575
2001,LY,102,7,2,5,0.06862745098039216,0.0196078431372549,0.049019607843137254
2002,LY,97,10,6,4,0.10309278350515463,0.061855670103092786,0.041237113402061855
2003,LY,99,13,12,1,0.13131313131313133,0.12121212121212122,0.010101010101010102
2004,LY,110,18,12,6,0.16363636363636364,0.10909090909090909,0.05454545454545454
2005,LY,169,18,16,2,0.10650887573964497,0.09467455621301775,0.011834319526627219
2006,LY,200,24,18,6,0.12,0.09,0.03
2007,LY,247,34,20,14,0.13765182186234817,0.08097165991902834,0.05668016194331984
2008,LY,334,55,31,24,0.16467065868263472,0.09281437125748503,0.0718562874251497
2009,LY,385,54,32,22,0.14025974025974025,0.08311688311688312,0.05714285714285714
2010,LY,479,77,36,41,0.16075156576200417,0.07515657620041753,0.08559498956158663
2011,LY,331,55,45,10,0.1661631419939577,0.13595166163141995,0.030211480362537766
2012,LY,428,85,50,35,0.1985981308411215,0.11682242990654206,0.08177570093457943
2013,LY,659,111,63,48,0.16843702579666162,0.09559939301972686,0.07283763277693475
2014,LY,811,132,73,59,0.16276202219482122,0.09001233045622688,0.07274969173859433
2015,LY,894,122,77,45,0.13646532438478748,0.08612975391498881,0.050335570469798654
2016,LY,887,124,85,39,0.13979706877113868,0.09582863585118377,0.043968432919954906
2017,LY,966,132,109,23,0.13664596273291926,0.11283643892339544,0.023809523809523808
2018,LY,1288,178,105,73,0.13819875776397517,0.08152173913043478,0.056677018633540376
2019,LY,1464,177,110,67,0.12090163934426229,0.07513661202185792,0.045765027322404374
2020,LY,2089,230,117,113,0.11010052656773577,0.056007659167065585,0.05409286740067018
2021,LY,2841,307,138,169,0.10806054206265399,0.048574445617740235,0.05948609644491376
2022,LY,2537,219,164,55,0.08632242806464328,0.06464327946393378,0.0216791486007095
2023,LY,2753,255,183,72,0.09262622593534327,0.06647293861242282,0.02615328732292045
2024,LY,3284,309,218,91,0.0940925700365408,0.06638246041412911,0.027710109622411692
2025,LY,4531,428,263,165,0.09446038402118738,0.05804458177002869,0.03641580225115868
1998,MA,1692,0,0,0,0.0,0.0,0.0
1999,MA,1961,391,281,110,0.19938806731259562,0.1432942376338603,0.05609382967873534
2000,MA,2285,488,499,-11,0.2135667396061269,0.21838074398249452,-0.004814004376367615
2001,MA,2458,538,573,-35,0.21887713588283156,0.23311635475996745,-0.014239218877135883
2002,MA,2550,609,633,-24,0.2388235294117647,0.24823529411764705,-0.009411764705882352
2003,MA,2554,643,667,-24,0.2517619420516836,0.26115896632732966,-0.009397024275646046
2004,MA,3032,704,712,-8,0.23218997361477572,0.23482849604221637,-0.002638522427440633
2005,MA,3338,792,795,-3,0.2372678250449371,0.23816656680647094,-0.0008987417615338526
2006,MA,3539,795,839,-44,0.22463972873693133,0.23707261938400678,-0.012432890647075446
2007,MA,4160,928,880,48,0.2230769230769231,0.21153846153846154,0.011538461538461539
2008,MA,4270,882,964,-82,0.20655737704918034,0.22576112412177987,-0.01920374707259953
2009,MA,4901,933,968,-35,0.1903693123852275,0.19751071209957152,-0.0071413997143440116
2010,MA,5132,959,938,21,0.18686671862821513,0.18277474668745128,0.004091971940763835
2011,MA,6600,1070,1122,-52,0.1621212121212121,0.17,-0.00787878787878788
2012,MA,7641,1174,1051,123,0.15364481088862714,0.13754744143436723,0.016097369454259915
2013,MA,8929,1253,1137,116,0.14032926419531863,0.1273378877813865,0.01299137641393213
2014,MA,10536,1204,1140,64,0.11427486712224753,0.1082004555808656,0.006074411541381929
2015,MA,10756,1208,1223,-15,0.11230940870211975,0.11370397917441429,-0.0013945704722945333
2016,MA,11997,1001,1247,-246,0.08343752604817871,0.1039426523297491,-0.020505126281570394
2017,MA,13471,1082,1054,28,0.08032068888723926,0.07824214980328112,0.0020785390839581325
2018,MA,15161,1052,1086,-34,0.06938856275971242,0.07163115889453202,-0.002242596134819603
2019,MA,16529,1117,1142,-25,0.06757819589811846,0.06909068909189908,-0.001512493193780628
2020,MA,20555,1357,1243,114,0.06601800048649964,0.060471904646071516,0.0055460958404281195
2021,MA,22511,1394,1268,126,0.061925280973746166,0.05632801741370885,0.005597263560037315
2022,MA,27065,1238,1260,-22,0.04574173286532422,0.046554590799926104,-0.0008128579346018843
2023,MA,29063,1602,1511,91,0.055121632316003165,0.051990503389189,0.0031311289268141623
2024,MA,31402,1692,1826,-134,0.05388191834914974,0.05814916247372779,-0.004267244124578053
2025,MA,34690,2069,2252,-183,0.059642548284808306,0.06491784375900836,-0.005275295474200058
1998,MC,50,0,0,0,0.0,0.0,0.0
1999,MC,63,8,9,-1,0.12698412698412698,0.14285714285714285,-0.015873015873015872
2000,MC,51,5,11,-6,0.09803921568627451,0.21568627450980393,-0.11764705882352941
2001,MC,50,11,7,4,0.22,0.14,0.08
2002,MC,79,16,5,11,0.20253164556962025,0.06329113924050633,0.13924050632911392
2003,MC,75,12,14,-2,0.16,0.18666666666666668,-0.02666666666666667
2004,MC,78,20,15,5,0.2564102564102564,0.19230769230769232,0.0641025641025641
2005,MC,104,38,16,22,0.36538461538461536,0.15384615384615385,0.21153846153846154
2006,MC,90,21,25,-4,0.23333333333333334,0.2777777777777778,-0.044444444444444446
2007,MC,98,18,19,-1,0.1836734693877551,0.19387755102040816,-0.01020408163265306
2008,MC,96,23,21,2,0.23958333333333334,0.21875,0.020833333333333332
2009,MC,119,30,20,10,0.25210084033613445,0.16806722689075632,0.08403361344537816
2010,MC,125,34,15,19,0.272,0.12,0.152
2011,MC,142,27,24,3,0.19014084507042253,0.16901408450704225,0.02112676056338028
2012,MC,150,35,28,7,0.23333333333333334,0.18666666666666668,0.04666666666666667
2013,MC,138,29,35,-6,0.21014492753623187,0.2536231884057971,-0.043478260869565216
2014,MC,130,30,33,-3,0.23076923076923078,0.25384615384615383,-0.023076923076923078
2015,MC,151,42,45,-3,0.2781456953642384,0.2980132450331126,-0.019867549668874173
2016,MC,139,42,18,24,0.302158273381295,0.12949640287769784,0.17266187050359713
2017,MC,184,40,30,10,0.21739130434782608,0.16304347826086957,0.05434782608695652
2018,MC,162,35,33,2,0.21604938271604937,0.2037037037037037,0.012345679012345678
2019,MC,198,36,30,6,0.18181818181818182,0.15151515151515152,0.030303030303030304
2020,MC,333,56,41,15,0.16816816816816818,0.12312312312312312,0.04504504504504504
2021,MC,234,56,41,15,0.23931623931623933,0.1752136752136752,0.0641025641025641
2022,MC,217,45,43,2,0.2073732718894009,0.19815668202764977,0.009216589861751152
2023,MC,214,54,38,16,0.2523364485981308,0.17757009345794392,0.07476635514018691
2024,MC,199,35,54,-19,0.17587939698492464,0.271356783919598,-0.09547738693467336
2025,MC,238,59,57,2,0.24789915966386555,0.23949579831932774,0.008403361344537815
1998,MD,214,0,0,0,0.0,0.0,0.0
1999,MD,236,21,16,5,0.08898305084745763,0.06779661016949153,0.0211864406779661
2000,MD,233,26,28,-2,0.11158798283261803,0.12017167381974249,-0.008583690987124463
2001,MD,255,24,22,2,0.09411764705882353,0.08627450980392157,0.00784313725490196
2002,MD,403,24,43,-19,0.05955334987593052,0.10669975186104218,-0.04714640198511166
2003,MD,309,30,41,-11,0.0970873786407767,0.13268608414239483,-0.03559870550161812
2004,MD,298,34,37,-3,0.11409395973154363,0.12416107382550336,-0.010067114093959731
2005,MD,377,43,41,2,0.11405835543766578,0.10875331564986737,0.005305039787798408
2006,MD,369,31,62,-31,0.08401084010840108,0.16802168021680217,-0.08401084010840108
2007,MD,450,38,49,-11,0.08444444444444445,0.10888888888888888,-0.024444444444444446
2008,MD,502,60,54,6,0.11952191235059761,0.10756972111553785,0.01195219123505976
2009,MD,550,58,56,2,0.10545454545454545,0.10181818181818182,0.0036363636363636364
2010,MD,510,64,67,-3,0.12549019607843137,0.13137254901960785,-0.0058823529411764705
2011,MD,592,66,56,10,0.11148648648648649,0.0945945945945946,0.016891891891891893
2012,MD,579,65,91,-26,0.11226252158894647,0.15716753022452504,-0.044905008635578586
2013,MD,784,74,77,-3,0.09438775510204081,0.09821428571428571,-0.003826530612244898
2014,MD,838,88,94,-6,0.10501193317422435,0.11217183770883055,-0.007159904534606206
2015,MD,1110,94,95,-1,0.08468468468468468,0.08558558558558559,-0.0009009009009009009
2016,MD,1099,109,89,20,0.09918107370336669,0.08098271155595996,0.018198362147406732
2017,MD,1332,110,102,8,0.08258258258258258,0.07657657657657657,0.006006006006006006
2018,MD,1544,151,142,9,0.0977979274611399,0.09196891191709844,0.005829015544041451
2019,MD,1801,187,175,12,0.10383120488617435,0.0971682398667407,0.006662965019433648
2020,MD,1955,173,163,10,0.08849104859335039,0.08337595907928388,0.005115089514066497
2021,MD,2460,239,218,21,0.09715447154471545,0.0886178861788618,0.00853658536585366
2022,MD,2974,206,207,-1,0.06926698049764626,0.06960322797579019,-0.0003362474781439139
2023,MD,3039,262,247,15,0.08621256992431721,0.08127673576834485,0.004935834155972359
2024,MD,2053,249,223,26,0.12128592303945446,0.10862152946906965,0.012664393570384803
2025,MD,2662,373,256,117,0.14012021036814426,0.09616829451540196,0.0439519158527423
1998,ME,35,0,0,0,0.0,0.0,0.0
1999,ME,48,3,5,-2,0.0625,0.10416666666666667,-0.041666666666666664
2000,ME,40,5,7,-2,0.125,0.175,-0.05
2001,ME,40,4,12,-8,0.1,0.3,-0.2
2002,ME,65,10,10,0,0.15384615384615385,0.15384615384615385,0.0
2003,ME,103,16,14,2,0.1553398058252427,0.13592233009708737,0.019417475728155338
2004,ME,134,28,12,16,0.208955223880597,0.08955223880597014,0.11940298507462686
2005,ME,143,35,34,1,0.24475524475524477,0.23776223776223776,0.006993006993006993
2006,ME,151,34,28,6,0.2251655629139073,0.18543046357615894,0.039735099337748346
2007,ME,164,28,45,-17,0.17073170731707318,0.27439024390243905,-0.10365853658536585
2008,ME,209,34,39,-5,0.16267942583732056,0.18660287081339713,-0.023923444976076555
2009,ME,196,40,47,-7,0.20408163265306123,0.23979591836734693,-0.03571428571428571
2010,ME,239,44,48,-4,0.18410041841004185,0.200836820083682,-0.016736401673640166
2011,ME,255,36,37,-1,0.1411764705882353,0.1450980392156863,-0.00392156862745098
2012,ME,379,70,62,8,0.18469656992084432,0.16358839050131926,0.021108179419525065
2013,ME,400,51,62,-11,0.1275,0.155,-0.0275
2014,ME,497,67,68,-1,0.13480885311871227,0.13682092555331993,-0.002012072434607646
2015,ME,601,96,59,37,0.15973377703826955,0.09816971713810316,0.06156405990016639
2016,ME,605,76,87,-11,0.1256198347107438,0.14380165289256197,-0.01818181818181818
2017,ME,634,92,91,1,0.14511041009463724,0.14353312302839116,0.0015772870662460567
2018,ME,677,123,97,26,0.18168389955686853,0.1432791728212703,0.03840472673559823
2019,ME,759,144,110,34,0.18972332015810275,0.14492753623188406,0.04479578392621871
2020,ME,861,154,150,4,0.17886178861788618,0.17421602787456447,0.004645760743321719
2021,ME,856,129,125,4,0.15070093457943926,0.14602803738317757,0.004672897196261682
2022,ME,881,132,150,-18,0.14982973893303064,0.170261066969353,-0.02043132803632236
2023,ME,888,165,151,14,0.1858108108108108,0.17004504504504506,0.015765765765765764
2024,ME,1089,284,153,131,0.26078971533516987,0.14049586776859505,0.12029384756657484
2025,ME,1595,540,211,329,0.3385579937304075,0.1322884012539185,0.20626959247648902
2000,MF,1,0,0,0,0.0,0.0,0.0
2010,MF,3,3,0,3,1.0,0.0,1.0
2011,MF,4,2,1,1,0.5,0.25,0.25
2012,MF,4,1,3,-2,0.25,0.75,-0.5
2013,MF,2,2,2,0,1.0,1.0,0.0
2014,MF,8,3,1,2,0.375,0.125,0.25
2015,MF,4,3,3,0,0.75,0.75,0.0
2016,MF,5,0,1,-1,0.0,0.2,-0.2
2017,MF,10,5,4,1,0.5,0.4,0.1
2018,MF,11,4,5,-1,0.36363636363636365,0.45454545454545453,-0.09090909090909091
2019,MF,11,4,5,-1,0.36363636363636365,0.45454545454545453,-0.09090909090909091
2020,MF,11,9,5,4,0.8181818181818182,0.45454545454545453,0.36363636363636365
2021,MF,12,6,5,1,0.5,0.4166666666666667,0.08333333333333333
2022,MF,8,5,10,-5,0.625,1.25,-0.625
2023,MF,20,8,3,5,0.4,0.15,0.25
2024,MF,22,9,5,4,0.4090909090909091,0.22727272727272727,0.18181818181818182
2025,MF,8,4,5,-1,0.5,0.625,-0.125
1998,MG,77,0,0,0,0.0,0.0,0.0
1999,MG,90,5,6,-1,0.05555555555555555,0.06666666666666667,-0.011111111111111112
2000,MG,127,4,11,-7,0.031496062992125984,0.08661417322834646,-0.05511811023622047
2001,MG,134,11,9,2,0.08208955223880597,0.06716417910447761,0.014925373134328358
2002,MG,143,16,12,4,0.11188811188811189,0.08391608391608392,0.027972027972027972
2003,MG,156,12,18,-6,0.07692307692307693,0.11538461538461539,-0.038461538461538464
2004,MG,177,17,16,1,0.096045197740113,0.0903954802259887,0.005649717514124294
2005,MG,242,24,23,1,0.09917355371900827,0.09504132231404959,0.004132231404958678
2006,MG,229,30,24,6,0.13100436681222707,0.10480349344978165,0.026200873362445413
2007,MG,259,33,32,1,0.1274131274131274,0.12355212355212356,0.003861003861003861
2008,MG,357,48,34,14,0.13445378151260504,0.09523809523809523,0.0392156862745098
2009,MG,350,37,52,-15,0.10571428571428572,0.14857142857142858,-0.04285714285714286
2010,MG,374,35,48,-13,0.09358288770053476,0.12834224598930483,-0.034759358288770054
2011,MG,428,51,42,9,0.1191588785046729,0.09813084112149532,0.02102803738317757
2012,MG,411,37,48,-11,0.09002433090024331,0.11678832116788321,-0.0267639902676399
2013,MG,500,60,62,-2,0.12,0.124,-0.004
2014,MG,626,85,60,25,0.13578274760383385,0.09584664536741214,0.039936102236421724
2015,MG,551,71,81,-10,0.12885662431941924,0.147005444646098,-0.018148820326678767
2016,MG,666,82,69,13,0.12312312312312312,0.1036036036036036,0.01951951951951952
2017,MG,755,95,71,24,0.12582781456953643,0.09403973509933775,0.031788079470198675
2018,MG,806,91,98,-7,0.11290322580645161,0.12158808933002481,-0.008684863523573201
2019,MG,1001,115,65,50,0.11488511488511488,0.06493506493506493,0.04995004995004995
2020,MG,1221,109,123,-14,0.08927108927108927,0.10073710073710074,-0.011466011466011465
2021,MG,1419,122,105,17,0.08597603946441155,0.07399577167019028,0.011980267794221282
2022,MG,1323,91,78,13,0.06878306878306878,0.05895691609977324,0.009826152683295541
2023,MG,1518,128,111,17,0.08432147562582346,0.07312252964426877,0.011198945981554678
2024,MG,1441,115,129,-14,0.0798056904927134,0.08952116585704371,-0.009715475364330326
2025,MG,1624,142,141,1,0.0874384236453202,0.08682266009852217,0.0006157635467980296
1998,MK,157,0,0,0,0.0,0.0,0.0
1999,MK,162,21,14,7,0.12962962962962962,0.08641975308641975,0.043209876543209874
2000,MK,236,25,34,-9,0.1059322033898305,0.1440677966101695,-0.038135593220338986
2001,MK,276,44,36,8,0.15942028985507245,0.13043478260869565,0.028985507246376812
2002,MK,294,40,57,-17,0.1360544217687075,0.19387755102040816,-0.05782312925170068
2003,MK,299,55,74,-19,0.18394648829431437,0.24749163879598662,-0.06354515050167224
2004,MK,329,69,64,5,0.20972644376899696,0.1945288753799392,0.015197568389057751
2005,MK,343,63,81,-18,0.1836734693877551,0.23615160349854228,-0.052478134110787174
2006,MK,419,89,110,-21,0.21241050119331742,0.26252983293556087,-0.050119331742243436
2007,MK,487,85,101,-16,0.17453798767967146,0.20739219712525667,-0.03285420944558522
2008,MK,537,127,123,4,0.23649906890130354,0.22905027932960895,0.0074487895716946
2009,MK,601,129,129,0,0.2146422628951747,0.2146422628951747,0.0
2010,MK,720,151,142,9,0.20972222222222223,0.19722222222222222,0.0125
2011,MK,983,176,168,8,0.1790437436419125,0.17090539165818922,0.008138351983723296
2012,MK,1263,216,162,54,0.171021377672209,0.12826603325415678,0.04275534441805225
2013,MK,1429,237,225,12,0.16585024492652203,0.15745276417074877,0.008397480755773267
2014,MK,1765,272,250,22,0.15410764872521246,0.141643059490085,0.012464589235127478
2015,MK,1942,318,281,37,0.16374871266735325,0.1446961894953656,0.01905252317198764
2016,MK,1979,315,306,9,0.15917129863567459,0.15462354724608388,0.004547751389590703
2017,MK,2182,303,347,-44,0.1388634280476627,0.15902841429880843,-0.02016498625114574
2018,MK,2155,332,367,-35,0.15406032482598608,0.17030162412993038,-0.016241299303944315
2019,MK,2394,406,345,61,0.1695906432748538,0.14411027568922305,0.025480367585630742
2020,MK,2834,441,383,58,0.1556104446012703,0.13514467184191956,0.020465772759350742
2021,MK,2755,386,373,13,0.14010889292196008,0.1353901996370236,0.004718693284936479
2022,MK,3365,376,350,26,0.11173848439821694,0.10401188707280833,0.007726597325408618
2023,MK,3335,444,406,38,0.13313343328335833,0.12173913043478261,0.011394302848575712
2024,MK,3401,486,365,121,0.1428991473096148,0.10732137606586298,0.03557777124375184
2025,MK,4012,617,431,186,0.15378863409770688,0.10742771684945164,0.04636091724825524
1998,ML,146,0,0,0,0.0,0.0,0.0
1999,ML,99,23,45,-22,0.23232323232323232,0.45454545454545453,-0.2222222222222222
2000,ML,167,56,35,21,0.33532934131736525,0.20958083832335328,0.12574850299401197
2001,ML,177,59,57,2,0.3333333333333333,0.3220338983050847,0.011299435028248588
2002,ML,236,82,74,8,0.3474576271186441,0.3135593220338983,0.03389830508474576
2003,ML,241,66,89,-23,0.27385892116182575,0.36929460580912865,-0.0954356846473029
2004,ML,250,72,78,-6,0.288,0.312,-0.024
2005,ML,287,109,84,25,0.3797909407665505,0.2926829268292683,0.08710801393728224
2006,ML,370,119,108,11,0.3216216216216216,0.2918918918918919,0.02972972972972973
2007,ML,404,129,135,-6,0.3193069306930693,0.3341584158415842,-0.01485148514851485
2008,ML,413,150,141,9,0.36319612590799033,0.3414043583535109,0.021791767554479417
2009,ML,492,158,155,3,0.32113821138211385,0.3150406504065041,0.006097560975609756
2010,ML,431,117,128,-11,0.271461716937355,0.29698375870069604,-0.025522041763341066
2011,ML,619,142,152,-10,0.2294022617124394,0.2455573505654281,-0.01615508885298869
2012,ML,613,175,182,-7,0.28548123980424145,0.2969004893964111,-0.011419249592169658
2013,ML,670,161,218,-57,0.24029850746268658,0.3253731343283582,-0.08507462686567165
2014,ML,677,199,200,-1,0.29394387001477107,0.29542097488921715,-0.0014771048744460858
2015,ML,645,163,219,-56,0.2527131782945736,0.3395348837209302,-0.08682170542635659
2016,ML,884,230,188,42,0.26018099547511314,0.21266968325791855,0.04751131221719457
2017,ML,988,212,208,4,0.2145748987854251,0.21052631578947367,0.004048582995951417
2018,ML,1342,289,212,77,0.21535022354694486,0.15797317436661698,0.05737704918032787
2019,ML,1613,284,260,24,0.17606943583384996,0.16119032858028517,0.014879107253564786
2020,ML,1523,247,327,-80,0.16217990807616547,0.21470781352593565,-0.05252790544977019
2021,ML,1916,361,280,81,0.1884133611691023,0.14613778705636743,0.042275574112734866
2022,ML,2134,282,285,-3,0.13214620431115276,0.13355201499531397,-0.0014058106841611997
2023,ML,2532,381,322,59,0.1504739336492891,0.12717219589257503,0.02330173775671406
2024,ML,1871,291,418,-127,0.15553180117584178,0.22340994120791022,-0.06787814003206841
2025,ML,1458,249,357,-108,0.17078189300411523,0.2448559670781893,-0.07407407407407407
1998,MM,172,0,0,0,0.0,0.0,0.0
1999,MM,219,38,33,5,0.1735159817351598,0.1506849315068493,0.0228310502283105
2000,MM,281,59,56,3,0.2099644128113879,0.199288256227758,0.010676156583629894
2001,MM,279,81,76,5,0.2903225806451613,0.2724014336917563,0.017921146953405017
2002,MM,286,83,117,-34,0.2902097902097902,0.4090909090909091,-0.11888111888111888
2003,MM,261,88,119,-31,0.3371647509578544,0.4559386973180077,-0.11877394636015326
2004,MM,251,88,129,-41,0.350597609561753,0.5139442231075697,-0.16334661354581673
2005,MM,341,105,143,-38,0.30791788856304986,0.41935483870967744,-0.11143695014662756
2006,MM,319,116,148,-32,0.36363636363636365,0.46394984326018807,-0.10031347962382445
2007,MM,306,102,168,-66,0.3333333333333333,0.5490196078431373,-0.21568627450980393
2008,MM,318,101,152,-51,0.31761006289308175,0.4779874213836478,-0.16037735849056603
2009,MM,405,122,165,-43,0.3012345679012346,0.4074074074074074,-0.10617283950617284
2010,MM,475,133,149,-16,0.28,0.3136842105263158,-0.03368421052631579
2011,MM,476,149,147,2,0.3130252100840336,0.3088235294117647,0.004201680672268907
2012,MM,534,144,154,-10,0.2696629213483146,0.2883895131086142,-0.018726591760299626
2013,MM,533,144,189,-45,0.2701688555347092,0.3545966228893058,-0.08442776735459662
2014,MM,639,141,190,-49,0.22065727699530516,0.297339593114241,-0.07668231611893583
2015,MM,925,160,167,-7,0.17297297297297298,0.18054054054054053,-0.0075675675675675675
2016,MM,857,208,185,23,0.2427071178529755,0.21586931155192532,0.026837806301050177
2017,MM,983,188,226,-38,0.19125127161749747,0.2299084435401831,-0.038657171922685654
2018,MM,1224,219,234,-15,0.17892156862745098,0.19117647058823528,-0.012254901960784314
2019,MM,1500,213,241,-28,0.142,0.16066666666666668,-0.018666666666666668
2020,MM,1769,273,266,7,0.15432447710570943,0.15036743923120408,0.00395703787450537
2021,MM,1602,317,279,38,0.19787765293383272,0.17415730337078653,0.02372034956304619
2022,MM,1295,232,263,-31,0.17915057915057914,0.2030888030888031,-0.023938223938223938
2023,MM,1411,352,312,40,0.24946846208362863,0.221119773210489,0.028348688873139617
2024,MM,1993,371,365,6,0.18615153035624687,0.18314099347717008,0.0030105368790767687
2025,MM,2265,560,399,161,0.24724061810154527,0.176158940397351,0.07108167770419425
1998,MN,107,0,0,0,0.0,0.0,0.0
1999,MN,130,16,15,1,0.12307692307692308,0.11538461538461539,0.007692307692307693
2000,MN,105,17,24,-7,0.1619047619047619,0.22857142857142856,-0.06666666666666667
2001,MN,110,20,23,-3,0.18181818181818182,0.20909090909090908,-0.02727272727272727
2002,MN,162,25,35,-10,0.15432098765432098,0.21604938271604937,-0.06172839506172839
2003,MN,206,35,35,0,0.16990291262135923,0.16990291262135923,0.0
2004,MN,303,67,50,17,0.22112211221122113,0.16501650165016502,0.056105610561056105
2005,MN,309,85,87,-2,0.2750809061488673,0.2815533980582524,-0.006472491909385114
2006,MN,375,83,119,-36,0.22133333333333333,0.31733333333333336,-0.096
2007,MN,504,110,118,-8,0.21825396825396826,0.23412698412698413,-0.015873015873015872
2008,MN,499,116,121,-5,0.23246492985971945,0.24248496993987975,-0.01002004008016032
2009,MN,555,142,151,-9,0.25585585585585585,0.27207207207207207,-0.016216216216216217
2010,MN,676,205,152,53,0.3032544378698225,0.22485207100591717,0.07840236686390532
2011,MN,1059,308,214,94,0.29084041548630785,0.20207743153918792,0.08876298394711993
2012,MN,1168,383,297,86,0.3279109589041096,0.2542808219178082,0.07363013698630137
2013,MN,1612,399,358,41,0.24751861042183623,0.22208436724565755,0.02543424317617866
2014,MN,2088,526,435,91,0.25191570881226055,0.20833333333333334,0.0435823754789272
2015,MN,1506,447,475,-28,0.2968127490039841,0.3154050464807437,-0.01859229747675963
2016,MN,1169,305,363,-58,0.2609067579127459,0.3105218135158255,-0.04961505560307956
2017,MN,1221,286,385,-99,0.23423423423423423,0.3153153153153153,-0.08108108108108109
2018,MN,1669,345,366,-21,0.2067106051527861,0.21929298981426004,-0.012582384661473937
2019,MN,1804,350,364,-14,0.19401330376940132,0.2017738359201774,-0.007760532150776054
2020,MN,2098,431,464,-33,0.20543374642516682,0.22116301239275502,-0.01572926596758818
2021,MN,2436,440,451,-11,0.180623973727422,0.18513957307060755,-0.00451559934318555
2022,MN,2852,415,467,-52,0.14551192145862551,0.16374474053295932,-0.0182328190743338
2023,MN,2850,579,505,74,0.2031578947368421,0.17719298245614035,0.025964912280701753
2024,MN,3661,759,614,145,0.20732040426113083,0.16771373941546025,0.03960666484567058
2025,MN,4274,874,759,115,0.2044922788956481,0.17758540009358914,0.02690687880205896
1998,MO,31,0,0,0,0.0,0.0,0.0
1999,MO,32,1,3,-2,0.03125,0.09375,-0.0625
2000,MO,22,2,4,-2,0.09090909090909091,0.18181818181818182,-0.09090909090909091
2001,MO,35,6,4,2,0.17142857142857143,0.11428571428571428,0.05714285714285714
2002,MO,125,13,8,5,0.104,0.064,0.04
2003,MO,91,14,17,-3,0.15384615384615385,0.18681318681318682,-0.03296703296703297
2004,MO,128,29,7,22,0.2265625,0.0546875,0.171875
2005,MO,183,44,19,25,0.24043715846994534,0.10382513661202186,0.1366120218579235
2006,MO,274,71,28,43,0.2591240875912409,0.10218978102189781,0.15693430656934307
2007,MO,266,63,53,10,0.23684210526315788,0.19924812030075187,0.03759398496240601
2008,MO,345,82,59,23,0.23768115942028986,0.17101449275362318,0.06666666666666667
2009,MO,409,89,58,31,0.2176039119804401,0.14180929095354522,0.07579462102689487
2010,MO,540,136,70,66,0.2518518518518518,0.12962962962962962,0.12222222222222222
2011,MO,605,136,99,37,0.22479338842975208,0.16363636363636364,0.06115702479338843
2012,MO,708,180,108,72,0.2542372881355932,0.15254237288135594,0.1016949152542373
2013,MO,881,224,118,106,0.2542565266742338,0.13393870601589103,0.12031782065834279
2014,MO,983,278,172,106,0.28280773143438453,0.17497456765005087,0.10783316378433368
2015,MO,1149,364,208,156,0.3167972149695387,0.18102697998259357,0.13577023498694518
2016,MO,1263,349,248,101,0.276326207442597,0.19635787806809185,0.07996832937450514
2017,MO,1350,387,329,58,0.2866666666666667,0.2437037037037037,0.04296296296296296
2018,MO,1591,479,393,86,0.30106851037083593,0.2470144563167819,0.05405405405405406
2019,MO,1701,484,440,44,0.284538506760729,0.2586713697824809,0.02586713697824809
2020,MO,2050,600,439,161,0.2926829268292683,0.21414634146341463,0.07853658536585366
2021,MO,2500,773,524,249,0.3092,0.2096,0.0996
2022,MO,3184,827,680,147,0.2597361809045226,0.2135678391959799,0.04616834170854271
2023,MO,3863,1213,825,388,0.31400465959099144,0.21356458710846493,0.10044007248252654
2024,MO,4613,1571,1181,390,0.34055928896596577,0.2560156080641665,0.08454368090179926
2025,MO,5441,1911,1409,502,0.3512222018011395,0.25895975004594746,0.09226245175519206
2000,MP,2,1,0,1,0.5,0.0,0.5
2001,MP,2,1,0,1,0.5,0.0,0.5
2002,MP,2,0,0,0,0.0,0.0,0.0
2003,MP,1,0,2,-2,0.0,2.0,-2.0
2004,MP,8,1,0,1,0.125,0.0,0.125
2005,MP,4,1,0,1,0.25,0.0,0.25
2006,MP,5,1,1,0,0.2,0.2,0.0
2007,MP,8,1,0,1,0.125,0.0,0.125
2008,MP,9,3,0,3,0.3333333333333333,0.0,0.3333333333333333
2009,MP,6,3,2,1,0.5,0.3333333333333333,0.16666666666666666
2010,MP,3,0,0,0,0.0,0.0,0.0
2011,MP,7,4,0,4,0.5714285714285714,0.0,0.5714285714285714
2012,MP,4,1,2,-1,0.25,0.5,-0.25
2013,MP,4,0,4,-4,0.0,1.0,-1.0
2014,MP,14,3,3,0,0.21428571428571427,0.21428571428571427,0.0
2015,MP,11,4,2,2,0.36363636363636365,0.18181818181818182,0.18181818181818182
2016,MP,9,3,3,0,0.3333333333333333,0.3333333333333333,0.0
2017,MP,7,3,4,-1,0.42857142857142855,0.5714285714285714,-0.14285714285714285
2018,MP,17,8,4,4,0.47058823529411764,0.23529411764705882,0.23529411764705882
2019,MP,6,3,1,2,0.5,0.16666666666666666,0.3333333333333333
2020,MP,9,4,3,1,0.4444444444444444,0.3333333333333333,0.1111111111111111
2021,MP,7,2,5,-3,0.2857142857142857,0.7142857142857143,-0.42857142857142855
2022,MP,6,2,2,0,0.3333333333333333,0.3333333333333333,0.0
2023,MP,20,5,2,3,0.25,0.1,0.15
2024,MP,16,1,2,-1,0.0625,0.125,-0.0625
2025,MP,21,6,1,5,0.2857142857142857,0.047619047619047616,0.23809523809523808
1998,MQ,66,0,0,0,0.0,0.0,0.0
1999,MQ,59,8,12,-4,0.13559322033898305,0.2033898305084746,-0.06779661016949153
2000,MQ,103,14,8,6,0.13592233009708737,0.07766990291262135,0.05825242718446602
2001,MQ,72,9,12,-3,0.125,0.16666666666666666,-0.041666666666666664
2002,MQ,50,7,10,-3,0.14,0.2,-0.06
2003,MQ,46,6,8,-2,0.13043478260869565,0.17391304347826086,-0.043478260869565216
2004,MQ,107,24,15,9,0.22429906542056074,0.14018691588785046,0.08411214953271028
2005,MQ,131,25,19,6,0.19083969465648856,0.1450381679389313,0.04580152671755725
2006,MQ,93,20,25,-5,0.21505376344086022,0.26881720430107525,-0.053763440860215055
2007,MQ,85,21,24,-3,0.24705882352941178,0.2823529411764706,-0.03529411764705882
2008,MQ,135,33,24,9,0.24444444444444444,0.17777777777777778,0.06666666666666667
2009,MQ,158,38,24,14,0.24050632911392406,0.1518987341772152,0.08860759493670886
2010,MQ,141,36,32,4,0.2553191489361702,0.22695035460992907,0.028368794326241134
2011,MQ,181,43,36,7,0.23756906077348067,0.19889502762430938,0.03867403314917127
2012,MQ,170,37,33,4,0.21764705882352942,0.19411764705882353,0.023529411764705882
2013,MQ,201,48,44,4,0.23880597014925373,0.21890547263681592,0.01990049751243781
2014,MQ,257,58,48,10,0.22568093385214008,0.1867704280155642,0.038910505836575876
2015,MQ,283,64,38,26,0.22614840989399293,0.13427561837455831,0.09187279151943463
2016,MQ,297,55,59,-4,0.18518518518518517,0.19865319865319866,-0.013468013468013467
2017,MQ,268,61,55,6,0.22761194029850745,0.20522388059701493,0.022388059701492536
2018,MQ,297,63,58,5,0.21212121212121213,0.19528619528619529,0.016835016835016835
2019,MQ,310,75,60,15,0.24193548387096775,0.1935483870967742,0.04838709677419355
2020,MQ,323,76,73,3,0.23529411764705882,0.2260061919504644,0.009287925696594427
2021,MQ,320,103,85,18,0.321875,0.265625,0.05625
2022,MQ,340,61,60,1,0.17941176470588235,0.17647058823529413,0.0029411764705882353
2023,MQ,345,67,66,1,0.19420289855072465,0.19130434782608696,0.002898550724637681
2024,MQ,423,86,61,25,0.2033096926713948,0.14420803782505912,0.0591016548463357
2025,MQ,400,73,77,-4,0.1825,0.1925,-0.01
1998,MR,12,0,0,0,0.0,0.0,0.0
1999,MR,14,0,2,-2,0.0,0.14285714285714285,-0.14285714285714285
2000,MR,17,3,1,2,0.17647058823529413,0.058823529411764705,0.11764705882352941
2001,MR,13,2,0,2,0.15384615384615385,0.0,0.15384615384615385
2002,MR,13,3,2,1,0.23076923076923078,0.15384615384615385,0.07692307692307693
2003,MR,17,2,2,0,0.11764705882352941,0.11764705882352941,0.0
2004,MR,18,0,3,-3,0.0,0.16666666666666666,-0.16666666666666666
2005,MR,30,7,4,3,0.23333333333333334,0.13333333333333333,0.1
2006,MR,30,8,4,4,0.26666666666666666,0.13333333333333333,0.13333333333333333
2007,MR,39,8,2,6,0.20512820512820512,0.05128205128205128,0.15384615384615385
2008,MR,19,5,10,-5,0.2631578947368421,0.5263157894736842,-0.2631578947368421
2009,MR,27,4,9,-5,0.14814814814814814,0.3333333333333333,-0.18518518518518517
2010,MR,43,9,7,2,0.20930232558139536,0.16279069767441862,0.046511627906976744
2011,MR,61,7,11,-4,0.11475409836065574,0.18032786885245902,-0.06557377049180328
2012,MR,70,10,3,7,0.14285714285714285,0.04285714285714286,0.1
2013,MR,76,9,13,-4,0.11842105263157894,0.17105263157894737,-0.05263157894736842
2014,MR,71,15,12,3,0.2112676056338028,0.16901408450704225,0.04225352112676056
2015,MR,73,10,12,-2,0.136986301369863,0.1643835616438356,-0.0273972602739726
2016,MR,128,20,14,6,0.15625,0.109375,0.046875
2017,MR,123,24,11,13,0.1951219512195122,0.08943089430894309,0.10569105691056911
2018,MR,162,20,20,0,0.12345679012345678,0.12345679012345678,0.0
2019,MR,170,20,19,1,0.11764705882352941,0.11176470588235295,0.0058823529411764705
2020,MR,167,19,15,4,0.11377245508982035,0.08982035928143713,0.023952095808383235
2021,MR,203,36,22,14,0.17733990147783252,0.10837438423645321,0.06896551724137931
2022,MR,193,39,19,20,0.20207253886010362,0.09844559585492228,0.10362694300518134
2023,MR,249,36,35,1,0.14457831325301204,0.14056224899598393,0.004016064257028112
2024,MR,243,39,27,12,0.16049382716049382,0.1111111111111111,0.04938271604938271
2025,MR,279,44,33,11,0.15770609318996415,0.11827956989247312,0.03942652329749104
1998,MS,4,0,0,0,0.0,0.0,0.0
1999,MS,18,13,1,12,0.7222222222222222,0.05555555555555555,0.6666666666666666
2000,MS,9,2,7,-5,0.2222222222222222,0.7777777777777778,-0.5555555555555556
2001,MS,6,1,0,1,0.16666666666666666,0.0,0.16666666666666666
2002,MS,8,1,4,-3,0.125,0.5,-0.375
2003,MS,2,2,0,2,1.0,0.0,1.0
2004,MS,9,4,4,0,0.4444444444444444,0.4444444444444444,0.0
2005,MS,27,13,4,9,0.48148148148148145,0.14814814814814814,0.3333333333333333
2006,MS,7,2,13,-11,0.2857142857142857,1.8571428571428572,-1.5714285714285714
2007,MS,16,5,7,-2,0.3125,0.4375,-0.125
2008,MS,13,3,5,-2,0.23076923076923078,0.38461538461538464,-0.15384615384615385
2009,MS,9,2,3,-1,0.2222222222222222,0.3333333333333333,-0.1111111111111111
2010,MS,11,2,4,-2,0.18181818181818182,0.36363636363636365,-0.18181818181818182
2011,MS,7,3,3,0,0.42857142857142855,0.42857142857142855,0.0
2012,MS,18,7,3,4,0.3888888888888889,0.16666666666666666,0.2222222222222222
2013,MS,20,6,6,0,0.3,0.3,0.0
2014,MS,24,5,4,1,0.20833333333333334,0.16666666666666666,0.041666666666666664
2015,MS,24,3,6,-3,0.125,0.25,-0.125
2016,MS,17,3,4,-1,0.17647058823529413,0.23529411764705882,-0.058823529411764705
2017,MS,36,9,6,3,0.25,0.16666666666666666,0.08333333333333333
2018,MS,29,3,11,-8,0.10344827586206896,0.3793103448275862,-0.27586206896551724
2019,MS,19,3,9,-6,0.15789473684210525,0.47368421052631576,-0.3157894736842105
2020,MS,29,11,7,4,0.3793103448275862,0.2413793103448276,0.13793103448275862
2021,MS,40,5,5,0,0.125,0.125,0.0
2022,MS,51,11,7,4,0.21568627450980393,0.13725490196078433,0.0784313725490196
2023,MS,23,8,12,-4,0.34782608695652173,0.5217391304347826,-0.17391304347826086
2024,MS,19,6,11,-5,0.3157894736842105,0.5789473684210527,-0.2631578947368421
2025,MS,19,3,13,-10,0.15789473684210525,0.6842105263157895,-0.5263157894736842
1998,MT,127,0,0,0,0.0,0.0,0.0
1999,MT,128,12,11,1,0.09375,0.0859375,0.0078125
2000,MT,132,24,23,1,0.18181818181818182,0.17424242424242425,0.007575757575757576
2001,MT,131,27,29,-2,0.20610687022900764,0.22137404580152673,-0.015267175572519083
2002,MT,168,28,36,-8,0.16666666666666666,0.21428571428571427,-0.047619047619047616
2003,MT,175,24,30,-6,0.13714285714285715,0.17142857142857143,-0.03428571428571429
2004,MT,152,27,36,-9,0.17763157894736842,0.23684210526315788,-0.05921052631578947
2005,MT,210,41,42,-1,0.19523809523809524,0.2,-0.004761904761904762
2006,MT,191,36,47,-11,0.18848167539267016,0.24607329842931938,-0.05759162303664921
2007,MT,228,51,61,-10,0.2236842105263158,0.2675438596491228,-0.043859649122807015
2008,MT,288,52,51,1,0.18055555555555555,0.17708333333333334,0.003472222222222222
2009,MT,307,73,40,33,0.23778501628664495,0.13029315960912052,0.10749185667752444
2010,MT,353,62,64,-2,0.17563739376770537,0.1813031161473088,-0.0056657223796034
2011,MT,416,82,61,21,0.1971153846153846,0.1466346153846154,0.05048076923076923
2012,MT,538,92,77,15,0.17100371747211895,0.14312267657992564,0.027881040892193308
2013,MT,585,89,74,15,0.15213675213675212,0.1264957264957265,0.02564102564102564
2014,MT,732,117,72,45,0.1598360655737705,0.09836065573770492,0.06147540983606557
2015,MT,720,102,85,17,0.14166666666666666,0.11805555555555555,0.02361111111111111
2016,MT,908,128,97,31,0.14096916299559473,0.10682819383259912,0.034140969162995596
2017,MT,1013,144,125,19,0.14215202369200394,0.12339585389930899,0.018756169792694965
2018,MT,1111,186,133,53,0.16741674167416742,0.11971197119711971,0.04770477047704771
2019,MT,1155,161,146,15,0.1393939393939394,0.1264069264069264,0.012987012987012988
2020,MT,1219,166,145,21,0.1361771944216571,0.11894995898277276,0.017227235438884332
2021,MT,1403,171,159,12,0.12188168210976479,0.11332858161083392,0.008553100498930863
2022,MT,1631,183,154,29,0.11220110361741263,0.0944206008583691,0.017780502759043533
2023,MT,1536,201,173,28,0.130859375,0.11263020833333333,0.018229166666666668
2024,MT,1595,219,182,37,0.1373040752351097,0.11410658307210031,0.023197492163009405
2025,MT,1621,260,235,25,0.16039481801357186,0.14497223935842074,0.015422578655151141
1998,MU,37,0,0,0,0.0,0.0,0.0
1999,MU,73,6,4,2,0.0821917808219178,0.0547945205479452,0.0273972602739726
2000,MU,84,5,3,2,0.05952380952380952,0.03571428571428571,0.023809523809523808
2001,MU,84,9,3,6,0.10714285714285714,0.03571428571428571,0.07142857142857142
2002,MU,96,8,13,-5,0.08333333333333333,0.13541666666666666,-0.052083333333333336
2003,MU,88,6,7,-1,0.06818181818181818,0.07954545454545454,-0.011363636363636364
2004,MU,115,9,5,4,0.0782608695652174,0.043478260869565216,0.034782608695652174
2005,MU,130,4,6,-2,0.03076923076923077,0.046153846153846156,-0.015384615384615385
2006,MU,129,7,13,-6,0.05426356589147287,0.10077519379844961,-0.046511627906976744
2007,MU,123,14,12,2,0.11382113821138211,0.0975609756097561,0.016260162601626018
2008,MU,185,19,14,5,0.10270270270270271,0.07567567567567568,0.02702702702702703
2009,MU,187,15,21,-6,0.08021390374331551,0.11229946524064172,-0.03208556149732621
2010,MU,218,19,15,4,0.0871559633027523,0.06880733944954129,0.01834862385321101
2011,MU,240,19,27,-8,0.07916666666666666,0.1125,-0.03333333333333333
2012,MU,245,16,23,-7,0.0653061224489796,0.09387755102040816,-0.02857142857142857
2013,MU,362,22,26,-4,0.06077348066298342,0.0718232044198895,-0.011049723756906077
2014,MU,322,27,20,7,0.08385093167701864,0.062111801242236024,0.021739130434782608
2015,MU,345,27,20,7,0.0782608695652174,0.057971014492753624,0.020289855072463767
2016,MU,404,34,33,1,0.08415841584158416,0.08168316831683169,0.0024752475247524753
2017,MU,489,43,31,12,0.08793456032719836,0.06339468302658487,0.024539877300613498
2018,MU,439,35,52,-17,0.07972665148063782,0.11845102505694761,-0.0387243735763098
2019,MU,613,60,40,20,0.09787928221859707,0.06525285481239804,0.03262642740619902
2020,MU,507,22,52,-30,0.04339250493096647,0.10256410256410256,-0.05917159763313609
2021,MU,565,39,44,-5,0.06902654867256637,0.07787610619469026,-0.008849557522123894
2022,MU,663,55,40,15,0.08295625942684766,0.06033182503770739,0.02262443438914027
2023,MU,656,53,64,-11,0.08079268292682927,0.0975609756097561,-0.01676829268292683
2024,MU,671,54,63,-9,0.08047690014903129,0.09388971684053651,-0.013412816691505217
2025,MU,623,94,78,16,0.1508828250401284,0.12520064205457465,0.025682182985553772
1998,MV,9,0,0,0,0.0,0.0,0.0
1999,MV,7,1,0,1,0.14285714285714285,0.0,0.14285714285714285
2000,MV,12,3,0,3,0.25,0.0,0.25
2001,MV,26,6,2,4,0.23076923076923078,0.07692307692307693,0.15384615384615385
2002,MV,6,0,8,-8,0.0,1.3333333333333333,-1.3333333333333333
2003,MV,67,26,5,21,0.3880597014925373,0.07462686567164178,0.31343283582089554
2004,MV,68,44,15,29,0.6470588235294118,0.22058823529411764,0.4264705882352941
2005,MV,86,51,31,20,0.5930232558139535,0.36046511627906974,0.23255813953488372
2006,MV,105,66,41,25,0.6285714285714286,0.3904761904761905,0.23809523809523808
2007,MV,94,51,45,6,0.5425531914893617,0.4787234042553192,0.06382978723404255
2008,MV,129,66,45,21,0.5116279069767442,0.3488372093023256,0.16279069767441862
2009,MV,118,57,63,-6,0.4830508474576271,0.5338983050847458,-0.05084745762711865
2010,MV,87,40,62,-22,0.45977011494252873,0.7126436781609196,-0.25287356321839083
2011,MV,108,62,47,15,0.5740740740740741,0.4351851851851852,0.1388888888888889
2012,MV,124,67,57,10,0.5403225806451613,0.4596774193548387,0.08064516129032258
2013,MV,79,28,107,-79,0.35443037974683544,1.3544303797468353,-1.0
2014,MV,73,29,74,-45,0.3972602739726027,1.0136986301369864,-0.6164383561643836
2015,MV,80,27,44,-17,0.3375,0.55,-0.2125
2016,MV,81,35,42,-7,0.43209876543209874,0.5185185185185185,-0.08641975308641975
2017,MV,105,35,41,-6,0.3333333333333333,0.3904761904761905,-0.05714285714285714
2018,MV,96,42,49,-7,0.4375,0.5104166666666666,-0.07291666666666667
2019,MV,102,38,57,-19,0.37254901960784315,0.5588235294117647,-0.18627450980392157
2020,MV,198,79,45,34,0.398989898989899,0.22727272727272727,0.1717171717171717
2021,MV,234,55,55,0,0.23504273504273504,0.23504273504273504,0.0
2022,MV,240,63,57,6,0.2625,0.2375,0.025
2023,MV,246,94,66,28,0.3821138211382114,0.2682926829268293,0.11382113821138211
2024,MV,347,91,82,9,0.2622478386167147,0.23631123919308358,0.025936599423631124
2025,MV,506,163,92,71,0.3221343873517787,0.18181818181818182,0.14031620553359683
1998,MW,103,0,0,0,0.0,0.0,0.0
1999,MW,92,14,19,-5,0.15217391304347827,0.20652173913043478,-0.05434782608695652
2000,MW,162,17,13,4,0.10493827160493827,0.08024691358024691,0.024691358024691357
2001,MW,233,30,23,7,0.12875536480686695,0.09871244635193133,0.030042918454935622
2002,MW,239,20,33,-13,0.08368200836820083,0.13807531380753138,-0.05439330543933055
2003,MW,244,35,29,6,0.14344262295081966,0.11885245901639344,0.02459016393442623
2004,MW,253,31,29,2,0.1225296442687747,0.11462450592885376,0.007905138339920948
2005,MW,283,36,38,-2,0.127208480565371,0.13427561837455831,-0.007067137809187279
2006,MW,281,47,34,13,0.16725978647686832,0.12099644128113879,0.046263345195729534
2007,MW,328,47,54,-7,0.14329268292682926,0.16463414634146342,-0.021341463414634148
2008,MW,352,55,50,5,0.15625,0.14204545454545456,0.014204545454545454
2009,MW,407,66,71,-5,0.16216216216216217,0.17444717444717445,-0.012285012285012284
2010,MW,427,52,66,-14,0.12177985948477751,0.15456674473067916,-0.03278688524590164
2011,MW,515,64,62,2,0.12427184466019417,0.1203883495145631,0.003883495145631068
2012,MW,575,79,78,1,0.1373913043478261,0.1356521739130435,0.0017391304347826088
2013,MW,626,102,71,31,0.16293929712460065,0.1134185303514377,0.04952076677316294
2014,MW,759,86,118,-32,0.11330698287220026,0.155467720685112,-0.04216073781291173
2015,MW,784,123,111,12,0.1568877551020408,0.14158163265306123,0.015306122448979591
2016,MW,825,122,130,-8,0.1478787878787879,0.15757575757575756,-0.009696969696969697
2017,MW,1024,155,138,17,0.1513671875,0.134765625,0.0166015625
2018,MW,1039,132,149,-17,0.12704523580365737,0.14340712223291627,-0.016361886429258902
2019,MW,1052,154,170,-16,0.14638783269961977,0.16159695817490494,-0.015209125475285171
2020,MW,1366,202,211,-9,0.1478770131771596,0.15446559297218154,-0.006588579795021962
2021,MW,1542,226,195,31,0.14656290531776914,0.1264591439688716,0.020103761348897537
2022,MW,1767,179,166,13,0.10130164119977363,0.09394453876627051,0.007357102433503113
2023,MW,2008,201,249,-48,0.10009960159362549,0.12400398406374502,-0.02390438247011952
2024,MW,2401,287,264,23,0.119533527696793,0.10995418575593503,0.009579341940857976
2025,MW,2629,381,301,80,0.14492202358311146,0.11449220235831115,0.030429821224800303
1998,MX,11182,0,0,0,0.0,0.0,0.0
1999,MX,11623,534,565,-31,0.04594338810978233,0.04861051363675471,-0.002667125526972382
2000,MX,13232,905,827,78,0.06839480048367594,0.0625,0.005894800483675937
2001,MX,13881,1058,1001,57,0.07621929255817304,0.07211296016137166,0.004106332396801383
2002,MX,16486,1287,1247,40,0.0780662380201383,0.0756399369161713,0.002426301103967002
2003,MX,18195,1456,1456,0,0.08002198406155538,0.08002198406155538,0.0
2004,MX,20537,1650,1585,65,0.08034279592929834,0.07717777669571992,0.0031650192335784194
2005,MX,22440,1844,1866,-22,0.08217468805704099,0.08315508021390375,-0.000980392156862745
2006,MX,25491,2204,2142,62,0.08646188850967008,0.08402965752618571,0.002432230983484367
2007,MX,27324,2363,2180,183,0.08648074952422778,0.07978334065290588,0.006697408871321915
2008,MX,29707,2581,2624,-43,0.08688187969165516,0.08832934998485205,-0.0014474702931968897
2009,MX,34346,2893,3002,-109,0.08423106038548885,0.0874046468293251,-0.0031735864438362546
2010,MX,35440,2994,3134,-140,0.08448081264108352,0.08843115124153499,-0.0039503386004514675
2011,MX,40953,3419,3336,83,0.08348594730544771,0.08145923375576881,0.0020267135496789004
2012,MX,44528,3781,3760,21,0.08491286381602588,0.08444125044915558,0.00047161336687028384
2013,MX,47556,4044,4200,-156,0.08503658844309867,0.08831693161746151,-0.0032803431743628564
2014,MX,53156,4325,4458,-133,0.0813642862517872,0.08386635563247799,-0.002502069380690797
2015,MX,58225,4768,4882,-114,0.08188922284242164,0.08384714469729497,-0.0019579218548733362
2016,MX,63245,5198,5101,97,0.08218831528184047,0.08065459720135978,0.0015337180804806704
2017,MX,67561,5492,5529,-37,0.0812895013395302,0.08183715457142435,-0.0005476532318941401
2018,MX,75422,5873,6048,-175,0.07786852642465063,0.08018880432764976,-0.002320277902999125
2019,MX,78427,5954,6256,-302,0.07591773241358206,0.07976844709092532,-0.003850714677343262
2020,MX,82390,6135,7087,-952,0.07446292025731278,0.08601772059715986,-0.01155480033984707
2021,MX,85839,6232,6997,-765,0.07260103216486678,0.08151306515686343,-0.008912032991996645
2022,MX,90287,5937,6722,-785,0.06575697497978668,0.07445147141891967,-0.008694496439132986
2023,MX,94693,8056,7960,96,0.08507492634091221,0.08406112384231147,0.0010138024986007413
2024,MX,99663,8572,8523,49,0.08600985320530187,0.0855181963216038,0.0004916568836980625
2025,MX,101882,9824,9136,688,0.09642527630003338,0.0896723660705522,0.006752910229481164
1998,MY,1671,0,0,0,0.0,0.0,0.0
1999,MY,1880,114,72,42,0.06063829787234042,0.03829787234042553,0.022340425531914895
2000,MY,2201,174,146,28,0.07905497501135847,0.06633348477964561,0.012721490231712857
2001,MY,2379,201,199,2,0.08448928121059268,0.08364859184531316,0.0008406893652795292
2002,MY,3439,321,231,90,0.09334108752544344,0.06717068915382379,0.026170398371619656
2003,MY,3644,315,315,0,0.08644346871569704,0.08644346871569704,0.0
2004,MY,4796,427,351,76,0.0890325271059216,0.073185988323603,0.0158465387823186
2005,MY,5367,499,417,82,0.09297559157816285,0.07769703745109,0.015278554127072852
2006,MY,6842,619,595,24,0.09047062262496346,0.08696287635194387,0.0035077462730195848
2007,MY,7545,698,610,88,0.09251159708416169,0.08084824387011266,0.011663353214049038
2008,MY,11153,1015,666,349,0.09100690397202546,0.05971487492154577,0.03129202905047969
2009,MY,13958,1139,881,258,0.08160194870325262,0.06311792520418398,0.018484023499068636
2010,MY,18787,1480,1085,395,0.07877787832011497,0.057752701336030235,0.02102517698408474
2011,MY,24315,1804,1367,437,0.07419288505038042,0.05622044005757763,0.017972444992802795
2012,MY,30135,2175,1760,415,0.07217521154803384,0.05840384934461589,0.013771362203417953
2013,MY,34351,2521,2177,344,0.07338942097755524,0.06337515647288289,0.010014264504672353
2014,MY,40202,2803,2449,354,0.06972289935824089,0.060917367295159446,0.008805532063081439
2015,MY,42775,2809,2868,-59,0.06566919929865575,0.06704850964348334,-0.001379310344827586
2016,MY,44869,2899,3347,-448,0.06461031001359513,0.07459493191290201,-0.009984621899306871
2017,MY,51637,3120,3750,-630,0.06042179057652459,0.0726223444429382,-0.012200553866413617
2018,MY,58671,3276,4224,-948,0.05583678478294217,0.07199468221097305,-0.016157897428030882
2019,MY,59050,3430,4595,-1165,0.05808636748518205,0.07781541066892464,-0.019729043183742592
2020,MY,65116,3728,4722,-994,0.057251673935745435,0.07251673935745438,-0.01526506542170895
2021,MY,74345,4284,4843,-559,0.05762324298876858,0.06514224224897437,-0.007518999260205797
2022,MY,76165,3556,4545,-989,0.04668811133722839,0.059673078185518286,-0.012984966848289897
2023,MY,77934,5087,5803,-716,0.06527317987014654,0.07446044088587779,-0.00918726101573126
2024,MY,77369,6237,6858,-621,0.0806136824826481,0.08864015303286846,-0.008026470550220372
2025,MY,76315,6913,7928,-1015,0.09058507501801742,0.10388521260564765,-0.013300137587630217
1998,MZ,99,0,0,0,0.0,0.0,0.0
1999,MZ,137,14,17,-3,0.10218978102189781,0.12408759124087591,-0.021897810218978103
2000,MZ,190,33,34,-1,0.1736842105263158,0.17894736842105263,-0.005263157894736842
2001,MZ,220,28,44,-16,0.12727272727272726,0.2,-0.07272727272727272
2002,MZ,189,38,47,-9,0.20105820105820105,0.24867724867724866,-0.047619047619047616
2003,MZ,246,55,44,11,0.22357723577235772,0.17886178861788618,0.044715447154471545
2004,MZ,235,50,42,8,0.2127659574468085,0.17872340425531916,0.03404255319148936
2005,MZ,235,46,60,-14,0.19574468085106383,0.2553191489361702,-0.059574468085106386
2006,MZ,307,66,69,-3,0.21498371335504887,0.2247557003257329,-0.009771986970684038
2007,MZ,313,65,82,-17,0.20766773162939298,0.26198083067092653,-0.054313099041533544
2008,MZ,420,96,83,13,0.22857142857142856,0.1976190476190476,0.030952380952380953
2009,MZ,389,92,100,-8,0.2365038560411311,0.2570694087403599,-0.02056555269922879
2010,MZ,400,97,100,-3,0.2425,0.25,-0.0075
2011,MZ,469,99,126,-27,0.21108742004264391,0.26865671641791045,-0.057569296375266525
2012,MZ,457,98,141,-43,0.21444201312910285,0.3085339168490153,-0.09409190371991247
2013,MZ,551,136,117,19,0.24682395644283123,0.21234119782214156,0.034482758620689655
2014,MZ,813,192,139,53,0.23616236162361623,0.17097170971709716,0.06519065190651907
2015,MZ,796,180,201,-21,0.22613065326633167,0.25251256281407036,-0.026381909547738693
2016,MZ,794,162,193,-31,0.2040302267002519,0.24307304785894207,-0.03904282115869018
2017,MZ,937,218,212,6,0.23265741728922093,0.22625400213447172,0.0064034151547491995
2018,MZ,1124,234,206,28,0.20818505338078291,0.18327402135231316,0.02491103202846975
2019,MZ,1364,259,212,47,0.18988269794721407,0.15542521994134897,0.0344574780058651
2020,MZ,1427,234,313,-79,0.16398037841625787,0.21934127540294324,-0.05536089698668535
2021,MZ,1702,313,340,-27,0.18390129259694477,0.199764982373678,-0.015863689776733254
2022,MZ,1842,283,308,-25,0.15363735070575463,0.16720955483170466,-0.013572204125950055
2023,MZ,2007,389,390,-1,0.19382162431489786,0.19431988041853512,-0.0004982561036372695
2024,MZ,2010,361,376,-15,0.17960199004975125,0.18706467661691542,-0.007462686567164179
2025,MZ,2154,460,383,77,0.2135561745589601,0.1778087279480037,0.03574744661095636
1998,NA,57,0,0,0,0.0,0.0,0.0
1999,NA,34,3,4,-1,0.08823529411764706,0.11764705882352941,-0.029411764705882353
2000,NA,46,3,9,-6,0.06521739130434782,0.1956521739130435,-0.13043478260869565
2001,NA,69,7,3,4,0.10144927536231885,0.043478260869565216,0.057971014492753624
2002,NA,52,6,4,2,0.11538461538461539,0.07692307692307693,0.038461538461538464
2003,NA,61,7,9,-2,0.11475409836065574,0.14754098360655737,-0.03278688524590164
2004,NA,78,6,14,-8,0.07692307692307693,0.1794871794871795,-0.10256410256410256
2005,NA,91,9,8,1,0.0989010989010989,0.08791208791208792,0.01098901098901099
2006,NA,94,10,14,-4,0.10638297872340426,0.14893617021276595,-0.0425531914893617
2007,NA,101,12,10,2,0.1188118811881188,0.09900990099009901,0.019801980198019802
2008,NA,103,13,16,-3,0.1262135922330097,0.1553398058252427,-0.02912621359223301
2009,NA,96,11,18,-7,0.11458333333333333,0.1875,-0.07291666666666667
2010,NA,116,10,8,2,0.08620689655172414,0.06896551724137931,0.017241379310344827
2011,NA,157,19,12,7,0.12101910828025478,0.07643312101910828,0.044585987261146494
2012,NA,176,35,15,20,0.19886363636363635,0.08522727272727272,0.11363636363636363
2013,NA,251,44,23,21,0.1752988047808765,0.09163346613545817,0.08366533864541832
2014,NA,375,53,25,28,0.14133333333333334,0.06666666666666667,0.07466666666666667
2015,NA,353,35,35,0,0.09915014164305949,0.09915014164305949,0.0
2016,NA,398,48,33,15,0.12060301507537688,0.0829145728643216,0.03768844221105527
2017,NA,464,57,38,19,0.12284482758620689,0.08189655172413793,0.040948275862068964
2018,NA,531,47,42,5,0.08851224105461393,0.07909604519774012,0.009416195856873822
2019,NA,596,71,38,33,0.11912751677852348,0.06375838926174497,0.05536912751677853
2020,NA,711,71,61,10,0.09985935302390998,0.08579465541490858,0.014064697609001406
2021,NA,829,81,56,25,0.097708082026538,0.06755126658624849,0.030156815440289506
2022,NA,826,66,73,-7,0.07990314769975787,0.08837772397094432,-0.00847457627118644
2023,NA,1013,97,93,4,0.09575518262586377,0.09180651530108588,0.003948667324777887
2024,NA,913,87,80,7,0.09529025191675794,0.08762322015334063,0.007667031763417305
2025,NA,1150,119,78,41,0.10347826086956521,0.06782608695652174,0.035652173913043476
1998,NC,59,0,0,0,0.0,0.0,0.0
1999,NC,35,5,12,-7,0.14285714285714285,0.34285714285714286,-0.2
2000,NC,61,15,6,9,0.2459016393442623,0.09836065573770492,0.14754098360655737
2001,NC,53,10,11,-1,0.18867924528301888,0.20754716981132076,-0.018867924528301886
2002,NC,47,13,13,0,0.2765957446808511,0.2765957446808511,0.0
2003,NC,83,25,16,9,0.30120481927710846,0.1927710843373494,0.10843373493975904
2004,NC,85,19,26,-7,0.2235294117647059,0.3058823529411765,-0.08235294117647059
2005,NC,113,31,22,9,0.2743362831858407,0.19469026548672566,0.07964601769911504
2006,NC,120,28,27,1,0.23333333333333334,0.225,0.008333333333333333
2007,NC,147,41,27,14,0.2789115646258503,0.1836734693877551,0.09523809523809523
2008,NC,156,37,31,6,0.23717948717948717,0.1987179487179487,0.038461538461538464
2009,NC,133,34,37,-3,0.2556390977443609,0.2781954887218045,-0.022556390977443608
2010,NC,200,53,38,15,0.265,0.19,0.075
2011,NC,139,38,50,-12,0.2733812949640288,0.3597122302158273,-0.08633093525179857
2012,NC,191,59,49,10,0.3089005235602094,0.25654450261780104,0.05235602094240838
2013,NC,201,42,32,10,0.208955223880597,0.15920398009950248,0.04975124378109453
2014,NC,241,73,47,26,0.3029045643153527,0.1950207468879668,0.1078838174273859
2015,NC,236,55,57,-2,0.2330508474576271,0.24152542372881355,-0.00847457627118644
2016,NC,211,55,55,0,0.26066350710900477,0.26066350710900477,0.0
2017,NC,247,76,58,18,0.3076923076923077,0.23481781376518218,0.0728744939271255
2018,NC,331,94,48,46,0.283987915407855,0.14501510574018128,0.13897280966767372
2019,NC,251,53,75,-22,0.21115537848605578,0.29880478087649404,-0.08764940239043825
2020,NC,305,75,64,11,0.2459016393442623,0.2098360655737705,0.036065573770491806
2021,NC,304,64,63,1,0.21052631578947367,0.20723684210526316,0.003289473684210526
2022,NC,333,73,73,0,0.21921921921921922,0.21921921921921922,0.0
2023,NC,349,79,83,-4,0.22636103151862463,0.23782234957020057,-0.011461318051575931
2024,NC,308,57,54,3,0.18506493506493507,0.17532467532467533,0.00974025974025974
2025,NC,359,97,77,20,0.27019498607242337,0.21448467966573817,0.055710306406685235
1998,NE,195,0,0,0,0.0,0.0,0.0
1999,NE,154,28,23,5,0.18181818181818182,0.14935064935064934,0.032467532467532464
2000,NE,175,40,63,-23,0.22857142857142856,0.36,-0.13142857142857142
2001,NE,199,48,48,0,0.24120603015075376,0.24120603015075376,0.0
2002,NE,179,55,47,8,0.30726256983240224,0.26256983240223464,0.0446927374301676
2003,NE,199,68,66,2,0.3417085427135678,0.3316582914572864,0.010050251256281407
2004,NE,255,94,72,22,0.3686274509803922,0.2823529411764706,0.08627450980392157
2005,NE,247,81,103,-22,0.32793522267206476,0.41700404858299595,-0.08906882591093117
2006,NE,255,99,99,0,0.38823529411764707,0.38823529411764707,0.0
2007,NE,262,89,101,-12,0.33969465648854963,0.38549618320610685,-0.04580152671755725
2008,NE,219,65,122,-57,0.2968036529680365,0.5570776255707762,-0.2602739726027397
2009,NE,278,102,93,9,0.3669064748201439,0.3345323741007194,0.03237410071942446
2010,NE,300,90,100,-10,0.3,0.3333333333333333,-0.03333333333333333
2011,NE,326,112,98,14,0.34355828220858897,0.3006134969325153,0.04294478527607362
2012,NE,344,86,80,6,0.25,0.23255813953488372,0.01744186046511628
2013,NE,387,106,108,-2,0.2739018087855297,0.27906976744186046,-0.00516795865633075
2014,NE,458,111,105,6,0.2423580786026201,0.2292576419213974,0.013100436681222707
2015,NE,492,118,106,12,0.23983739837398374,0.21544715447154472,0.024390243902439025
2016,NE,519,104,118,-14,0.2003853564547206,0.22736030828516376,-0.02697495183044316
2017,NE,648,136,115,21,0.20987654320987653,0.17746913580246915,0.032407407407407406
2018,NE,716,153,110,43,0.21368715083798884,0.15363128491620112,0.06005586592178771
2019,NE,747,132,137,-5,0.17670682730923695,0.18340026773761714,-0.006693440428380187
2020,NE,803,130,137,-7,0.16189290161892902,0.1706102117061021,-0.008717310087173101
2021,NE,839,144,124,20,0.17163289630512515,0.14779499404052443,0.023837902264600714
2022,NE,982,96,112,-16,0.09775967413441955,0.11405295315682282,-0.016293279022403257
2023,NE,998,129,131,-2,0.12925851703406813,0.1312625250501002,-0.002004008016032064
2024,NE,1292,148,126,22,0.11455108359133127,0.09752321981424149,0.017027863777089782
2025,NE,1119,145,156,-11,0.12957998212689903,0.13941018766756033,-0.009830205540661306
1998,NG,1324,0,0,0,0.0,0.0,0.0
1999,NG,1754,46,68,-22,0.026225769669327253,0.03876852907639681,-0.012542759407069556
2000,NG,2335,114,93,21,0.048822269807280515,0.039828693790149895,0.008993576017130621
2001,NG,2244,95,138,-43,0.04233511586452763,0.06149732620320856,-0.019162210338680926
2002,NG,3085,158,172,-14,0.05121555915721232,0.05575364667747164,-0.00453808752025932
2003,NG,3237,159,187,-28,0.04911955514365153,0.057769539697250544,-0.008649984553599012
2004,NG,4863,191,212,-21,0.03927616697511824,0.04359448899856056,-0.00431832202344232
2005,NG,5750,226,215,11,0.03930434782608696,0.03739130434782609,0.0019130434782608696
2006,NG,5452,212,247,-35,0.03888481291269259,0.045304475421863534,-0.006419662509170946
2007,NG,5708,323,310,13,0.05658724597056763,0.05430974071478627,0.0022775052557813596
2008,NG,5812,349,369,-20,0.0600481761871989,0.06348933241569167,-0.0034411562284927736
2009,NG,7520,407,462,-55,0.05412234042553191,0.061436170212765956,-0.007313829787234043
2010,NG,10562,523,464,59,0.049517136905889034,0.043931073660291614,0.005586063245597425
2011,NG,12488,602,587,15,0.04820627802690583,0.047005124919923126,0.0012011531069827035
2012,NG,14393,659,634,25,0.04578614604321545,0.04404919057875356,0.0017369554644618911
2013,NG,19438,733,731,2,0.0377096409095586,0.037606749665603456,0.00010289124395513942
2014,NG,24347,1031,869,162,0.042346079599129255,0.035692282416724855,0.006653797182404403
2015,NG,25657,1113,1006,107,0.04337997427602604,0.03920957243637214,0.004170401839653896
2016,NG,28275,1274,1154,120,0.045057471264367814,0.04081343943412909,0.004244031830238726
2017,NG,33181,1507,1238,269,0.04541755824116211,0.03731050902624996,0.008107049214912149
2018,NG,38977,1664,1670,-6,0.04269184390794571,0.042845780845113784,-0.00015393693716807348
2019,NG,47312,1993,1845,148,0.042124619546838014,0.03899644910382144,0.003128170443016571
2020,NG,60330,2423,2299,124,0.04016243991380739,0.03810707773910161,0.002055362174705785
2021,NG,64166,2460,2585,-125,0.038338060655175636,0.04028613284293863,-0.0019480721877629897
2022,NG,69733,2273,2611,-338,0.03259575810591829,0.03744281760429065,-0.004847059498372363
2023,NG,71256,3182,3835,-653,0.044655888626922643,0.05382002919052431,-0.009164140563601661
2024,NG,73524,3731,4445,-714,0.05074533485664545,0.06045644959469017,-0.00971111473804472
2025,NG,84087,4313,5551,-1238,0.051292114119899625,0.06601496069547017,-0.01472284657557054
1998,NI,65,0,0,0,0.0,0.0,0.0
1999,NI,75,7,7,0,0.09333333333333334,0.09333333333333334,0.0
2000,NI,104,15,10,5,0.14423076923076922,0.09615384615384616,0.04807692307692308
2001,NI,108,8,18,-10,0.07407407407407407,0.16666666666666666,-0.09259259259259259
2002,NI,129,21,28,-7,0.16279069767441862,0.21705426356589147,-0.05426356589147287
2003,NI,98,19,35,-16,0.19387755102040816,0.35714285714285715,-0.16326530612244897
2004,NI,136,37,27,10,0.27205882352941174,0.19852941176470587,0.07352941176470588
2005,NI,182,40,38,2,0.21978021978021978,0.2087912087912088,0.01098901098901099
2006,NI,207,44,36,8,0.21256038647342995,0.17391304347826086,0.03864734299516908
2007,NI,213,37,55,-18,0.17370892018779344,0.25821596244131456,-0.08450704225352113
2008,NI,291,69,49,20,0.23711340206185566,0.16838487972508592,0.06872852233676977
2009,NI,186,54,70,-16,0.2903225806451613,0.3763440860215054,-0.08602150537634409
2010,NI,244,70,78,-8,0.28688524590163933,0.319672131147541,-0.03278688524590164
2011,NI,409,102,90,12,0.24938875305623473,0.2200488997555012,0.029339853300733496
2012,NI,363,103,120,-17,0.2837465564738292,0.3305785123966942,-0.046831955922865015
2013,NI,456,107,122,-15,0.23464912280701755,0.2675438596491228,-0.03289473684210526
2014,NI,519,118,122,-4,0.22736030828516376,0.2350674373795761,-0.007707129094412331
2015,NI,642,148,110,38,0.23052959501557632,0.17133956386292834,0.059190031152647975
2016,NI,641,148,170,-22,0.23088923556942278,0.26521060842433697,-0.0343213728549142
2017,NI,850,196,151,45,0.23058823529411765,0.1776470588235294,0.052941176470588235
2018,NI,825,168,205,-37,0.20363636363636364,0.24848484848484848,-0.044848484848484846
2019,NI,886,194,174,20,0.21896162528216703,0.1963882618510158,0.022573363431151242
2020,NI,977,213,213,0,0.218014329580348,0.218014329580348,0.0
2021,NI,976,173,209,-36,0.17725409836065573,0.21413934426229508,-0.036885245901639344
2022,NI,956,175,197,-22,0.18305439330543932,0.20606694560669456,-0.02301255230125523
2023,NI,1017,255,245,10,0.25073746312684364,0.24090462143559488,0.00983284169124877
2024,NI,1146,241,254,-13,0.21029668411867364,0.22164048865619546,-0.011343804537521814
2025,NI,1348,360,302,58,0.26706231454005935,0.22403560830860533,0.04302670623145401
1998,NL,31024,0,0,0,0.0,0.0,0.0
1999,NL,30633,1776,1707,69,0.05797669180295759,0.05572421897953188,0.0022524728234257175
2000,NL,32177,2561,2488,73,0.07959101221369301,0.07732231096746123,0.0022687012462317803
2001,NL,32652,2882,2671,211,0.08826411858385398,0.08180203356609089,0.006462085017763078
2002,NL,37015,3341,3343,-2,0.09026070511954613,0.09031473726867487,-5.4032149128731594e-05
2003,NL,38371,3842,3566,276,0.10012770060722942,0.09293476844491934,0.007192932162310078
2004,NL,40065,3955,4006,-51,0.09871458879321103,0.09998752027954574,-0.0012729314863347062
2005,NL,43829,4421,4316,105,0.1008692874580757,0.09847361336101668,0.002395674097059025
2006,NL,46117,4686,4636,50,0.10161111954376911,0.10052692065832557,0.0010841988854435457
2007,NL,47681,4793,4918,-125,0.1005222205910111,0.10314380990331579,-0.0026215893123046918
2008,NL,51716,5200,5385,-185,0.10054915306674916,0.10412638255085467,-0.003577229484105499
2009,NL,55359,5890,5729,161,0.10639643057136147,0.10348814104301017,0.002908289528351307
2010,NL,58163,6086,5903,183,0.10463696851950553,0.1014906383783505,0.0031463301411550296
2011,NL,62597,6557,6199,358,0.10474942888636836,0.0990303049666917,0.005719123919676662
2012,NL,65465,6710,6808,-98,0.10249751775758038,0.10399450087833194,-0.0014969831207515467
2013,NL,68288,7035,7082,-47,0.10301956419868791,0.10370782567947516,-0.000688261480787254
2014,NL,70367,7318,7669,-351,0.1039976125172311,0.10898574615942132,-0.004988133642190231
2015,NL,72168,7711,8013,-302,0.10684791043121605,0.11103259062188227,-0.004184680190666223
2016,NL,75244,8350,8218,132,0.11097230343947691,0.10921801073839775,0.0017542927010791558
2017,NL,77556,8583,8689,-106,0.11066842023827944,0.11203517458352674,-0.0013667543452473051
2018,NL,81607,9430,9045,385,0.1155538127856679,0.11083608023821485,0.004717732547453037
2019,NL,85000,9757,8931,826,0.11478823529411765,0.10507058823529412,0.009717647058823529
2020,NL,88796,10063,9617,446,0.11332717689986035,0.10830442812739313,0.005022748772467228
2021,NL,92729,10058,9291,767,0.1084666069945756,0.10019519244249372,0.008271414552081873
2022,NL,98554,9428,8569,859,0.09566329119061631,0.08694725734115308,0.008716033849463239
2023,NL,96954,10553,10003,550,0.10884543185428142,0.10317263857086865,0.005672793283412752
2024,NL,98676,10500,10479,21,0.10640885321658762,0.10619603551015444,0.00021281770643317524
2025,NL,102295,11086,11267,-181,0.10837284324747055,0.11014223569089399,-0.0017693924434234321
1998,NO,7748,0,0,0,0.0,0.0,0.0
1999,NO,7706,447,477,-30,0.058006747988580326,0.06189981832338438,-0.003893070334804049
2000,NO,8337,686,680,6,0.08228379513014274,0.08156411179081205,0.0007196833393306944
2001,NO,8569,881,778,103,0.10281246353133387,0.09079239117750029,0.012020072353833585
2002,NO,9467,898,959,-61,0.0948558149360938,0.10129925002640752,-0.006443435090313722
2003,NO,9916,995,966,29,0.10034288019362646,0.09741831383622429,0.002924566357402178
2004,NO,10842,1117,1031,86,0.1030252720900203,0.09509315624423538,0.00793211584578491
2005,NO,12280,1277,1176,101,0.10399022801302932,0.09576547231270359,0.008224755700325733
2006,NO,13200,1392,1305,87,0.10545454545454545,0.09886363636363636,0.006590909090909091
2007,NO,14172,1500,1317,183,0.10584250635055038,0.09292972057578323,0.012912785774767146
2008,NO,15347,1675,1458,217,0.10914185182771877,0.09500228057600835,0.014139571251710432
2009,NO,17297,2075,1558,517,0.11996299936405157,0.09007342313696017,0.029889576227091402
2010,NO,18414,2009,1639,370,0.10910177039209297,0.08900836320191159,0.020093407190181385
2011,NO,20242,2285,1919,366,0.11288410236142674,0.09480288509040609,0.01808121727102065
2012,NO,20988,2409,2059,350,0.11477987421383648,0.09810367829235754,0.01667619592147894
2013,NO,21783,2484,2241,243,0.11403387963090483,0.10287839140614241,0.011155488224762429
2014,NO,23587,2657,2324,333,0.11264679696442956,0.09852885063806334,0.014117946326366218
2015,NO,24179,2878,2475,403,0.11902890938417635,0.10236155341411969,0.016667355970056662
2016,NO,26227,3117,2620,497,0.11884698974339421,0.09989705265566019,0.018949937087734015
2017,NO,28249,3340,2636,704,0.11823427377960281,0.09331303762965061,0.02492123614995221
2018,NO,29090,3364,2931,433,0.11564111378480578,0.10075627363355105,0.014884840151254727
2019,NO,30702,3598,3108,490,0.11719106247150023,0.1012311901504788,0.01595987232102143
2020,NO,32245,3668,3316,352,0.1137540703985114,0.10283764924794542,0.010916421150565979
2021,NO,34591,4237,3191,1046,0.12248850857159377,0.09224942904223642,0.030239079529357348
2022,NO,35721,3691,3302,389,0.10332857422804513,0.09243862153915064,0.010889952688894488
2023,NO,36677,4514,3682,832,0.12307440630367805,0.10038989012187474,0.02268451618180331
2024,NO,36765,4384,4123,261,0.1192438460492316,0.11214470284237726,0.007099143206854345
2025,NO,38074,4687,4401,286,0.12310237957661396,0.11559069181068446,0.007511687765929506
1998,NP,296,0,0,0,0.0,0.0,0.0
1999,NP,282,35,45,-10,0.12411347517730496,0.1595744680851064,-0.03546099290780142
2000,NP,359,64,56,8,0.17827298050139276,0.15598885793871867,0.022284122562674095
2001,NP,371,80,79,1,0.215633423180593,0.21293800539083557,0.0026954177897574125
2002,NP,354,71,82,-11,0.20056497175141244,0.23163841807909605,-0.031073446327683617
2003,NP,952,136,116,20,0.14285714285714285,0.12184873949579832,0.02100840336134454
2004,NP,640,109,135,-26,0.1703125,0.2109375,-0.040625
2005,NP,654,125,146,-21,0.191131498470948,0.22324159021406728,-0.03211009174311927
2006,NP,778,150,169,-19,0.1928020565552699,0.21722365038560412,-0.02442159383033419
2007,NP,1018,201,189,12,0.1974459724950884,0.1856581532416503,0.011787819253438114
2008,NP,1145,210,244,-34,0.18340611353711792,0.2131004366812227,-0.029694323144104803
2009,NP,1063,200,261,-61,0.18814675446848542,0.24553151458137348,-0.05738476011288805
2010,NP,1405,319,277,42,0.22704626334519573,0.19715302491103204,0.0298932384341637
2011,NP,1583,356,365,-9,0.22488945041061276,0.23057485786481363,-0.005685407454200884
2012,NP,2748,546,429,117,0.19868995633187772,0.15611353711790393,0.0425764192139738
2013,NP,3722,667,536,131,0.17920472864051584,0.14400859752821063,0.03519613111230521
2014,NP,3669,626,687,-61,0.17061869719269557,0.18724448078495504,-0.016625783592259472
2015,NP,4118,751,704,47,0.18237008256435164,0.17095677513355997,0.011413307430791646
2016,NP,4182,765,838,-73,0.18292682926829268,0.20038259206121473,-0.017455762792922047
2017,NP,5994,958,886,72,0.1598264931598265,0.14781448114781448,0.012012012012012012
2018,NP,6943,1088,1007,81,0.15670459455566757,0.1450381679389313,0.01166642661673628
2019,NP,8440,1364,1122,242,0.16161137440758294,0.13293838862559243,0.028672985781990522
2020,NP,10691,1542,1452,90,0.14423346740248807,0.13581517163969695,0.008418295762791133
2021,NP,11890,1515,1579,-64,0.12741799831791423,0.13280067283431454,-0.005382674516400336
2022,NP,12813,1483,1595,-112,0.11574182470927964,0.12448294700694607,-0.008741122297666432
2023,NP,14805,2143,2052,91,0.1447483958122256,0.1386018237082067,0.006146572104018913
2024,NP,15749,2221,2607,-386,0.14102482697314114,0.16553431963934218,-0.02450949266620103
2025,NP,18123,2812,2961,-149,0.15516194890470672,0.1633835457705678,-0.008221596865861061
1998,NU,1,0,0,0,0.0,0.0,0.0
1999,NU,2,0,0,0,0.0,0.0,0.0
2002,NU,1,0,0,0,0.0,0.0,0.0
2006,NU,1,1,0,1,1.0,0.0,1.0
2007,NU,1,0,1,-1,0.0,1.0,-1.0
2009,NU,1,0,1,-1,0.0,1.0,-1.0
2012,NU,2,1,0,1,0.5,0.0,0.5
2013,NU,1,0,0,0,0.0,0.0,0.0
2014,NU,2,1,0,1,0.5,0.0,0.5
2016,NU,1,1,0,1,1.0,0.0,1.0
2017,NU,4,1,0,1,0.25,0.0,0.25
2018,NU,1,0,1,-1,0.0,1.0,-1.0
2019,NU,5,0,0,0,0.0,0.0,0.0
2020,NU,1,0,2,-2,0.0,2.0,-2.0
2021,NU,4,1,1,0,0.25,0.25,0.0
2022,NU,7,1,1,0,0.14285714285714285,0.14285714285714285,0.0
2023,NU,20,0,1,-1,0.0,0.05,-0.05
2024,NU,5,0,1,-1,0.0,0.2,-0.2
2025,NU,28,2,1,1,0.07142857142857142,0.03571428571428571,0.03571428571428571
1998,NZ,5906,0,0,0,0.0,0.0,0.0
1999,NZ,6234,500,454,46,0.08020532563362208,0.07282643567532884,0.007378889958293231
2000,NZ,6437,695,787,-92,0.10796955103308994,0.12226192325617524,-0.014292372223085287
2001,NZ,6556,799,846,-47,0.12187309334960342,0.12904209884075657,-0.0071690054911531425
2002,NZ,7287,933,968,-35,0.12803622890078223,0.13283930286812132,-0.004803073967339097
2003,NZ,7626,1122,1088,34,0.14712824547600314,0.14266981379491214,0.0044584316810910045
2004,NZ,8202,1233,1205,28,0.1503291880029261,0.14691538649109973,0.003413801511826384
2005,NZ,8974,1417,1304,113,0.15790060173835524,0.14530866948963672,0.01259193224871852
2006,NZ,9628,1459,1466,-7,0.1515371832156211,0.15226422933111758,-0.0007270461154964686
2007,NZ,10404,1622,1407,215,0.15590157631680124,0.13523644752018454,0.020665128796616687
2008,NZ,11274,1769,1757,12,0.15690970374312577,0.1558453077878304,0.0010643959552953698
2009,NZ,11942,1840,1802,38,0.15407804387874727,0.15089599732038184,0.003182046558365433
2010,NZ,12768,1981,1884,97,0.15515350877192982,0.1475563909774436,0.007597117794486215
2011,NZ,14114,2112,2076,36,0.1496386566529687,0.14708799773274764,0.0025506589202210573
2012,NZ,14231,2144,2154,-10,0.15065701637270748,0.15135970768041598,-0.0007026913077085237
2013,NZ,14690,2064,2304,-240,0.14050374404356705,0.15684138869979578,-0.016337644656228726
2014,NZ,15551,2352,2398,-46,0.1512442929715131,0.15420230210275868,-0.0029580091312455792
2015,NZ,15743,2335,2432,-97,0.14831988820428127,0.15448135679349553,-0.006161468589214254
2016,NZ,16577,2489,2418,71,0.1501477951378416,0.14586475236773844,0.004283042770103155
2017,NZ,17750,2722,2647,75,0.15335211267605633,0.14912676056338028,0.004225352112676056
2018,NZ,17322,2628,2744,-116,0.15171458261170764,0.15841126890659277,-0.0066966862948851175
2019,NZ,18547,2966,2789,177,0.1599180460451825,0.15037472367498786,0.00954332237019464
2020,NZ,19550,2962,3144,-182,0.1515089514066496,0.16081841432225064,-0.009309462915601023
2021,NZ,20018,2925,3023,-98,0.14611849335597962,0.15101408732141072,-0.004895593965431112
2022,NZ,20102,2548,2649,-101,0.12675355686001394,0.13177793254402548,-0.005024375684011541
2023,NZ,19628,2986,3154,-168,0.1521296107601386,0.16068881190136539,-0.008559201141226819
2024,NZ,19251,2986,3508,-522,0.15510882551555763,0.18222430003636175,-0.027115474520804116
2025,NZ,19508,3380,3559,-179,0.17326225138404758,0.18243797416444535,-0.009175722780397785
1998,OM,263,0,0,0,0.0,0.0,0.0
1999,OM,332,25,21,4,0.07530120481927711,0.06325301204819277,0.012048192771084338
2000,OM,389,35,33,2,0.08997429305912596,0.08483290488431877,0.005141388174807198
2001,OM,457,53,29,24,0.11597374179431072,0.06345733041575492,0.0525164113785558
2002,OM,452,48,51,-3,0.10619469026548672,0.11283185840707964,-0.00663716814159292
2003,OM,515,60,51,9,0.11650485436893204,0.09902912621359224,0.017475728155339806
2004,OM,529,76,59,17,0.14366729678638943,0.11153119092627599,0.03213610586011342
2005,OM,518,77,73,4,0.14864864864864866,0.14092664092664092,0.007722007722007722
2006,OM,585,74,73,1,0.1264957264957265,0.12478632478632479,0.0017094017094017094
2007,OM,721,104,75,29,0.14424410540915394,0.10402219140083217,0.04022191400832178
2008,OM,786,100,94,6,0.1272264631043257,0.11959287531806616,0.007633587786259542
2009,OM,883,146,106,40,0.16534541336353342,0.12004530011325028,0.045300113250283124
2010,OM,1028,173,127,46,0.16828793774319067,0.12354085603112841,0.04474708171206226
2011,OM,1225,198,140,58,0.16163265306122448,0.11428571428571428,0.0473469387755102
2012,OM,1351,191,153,38,0.14137675795706883,0.11324944485566248,0.028127313101406367
2013,OM,1705,234,166,68,0.1372434017595308,0.09736070381231672,0.03988269794721408
2014,OM,1878,262,191,71,0.1395101171458999,0.10170394036208733,0.03780617678381257
2015,OM,2079,307,221,86,0.14766714766714767,0.1063011063011063,0.04136604136604136
2016,OM,2251,333,240,93,0.14793425144380276,0.10661928031985785,0.041314971123944916
2017,OM,2484,324,292,32,0.13043478260869565,0.11755233494363929,0.01288244766505636
2018,OM,2688,369,310,59,0.13727678571428573,0.11532738095238096,0.02194940476190476
2019,OM,2759,370,366,4,0.13410656034795215,0.13265675969554186,0.0014498006524102935
2020,OM,3557,445,362,83,0.12510542592071972,0.10177115546809108,0.02333427045262862
2021,OM,4174,497,380,117,0.11907043603258266,0.09103977000479156,0.028030666027791088
2022,OM,4407,475,379,96,0.10778307238484229,0.08599954617653732,0.021783526208304968
2023,OM,4817,658,519,139,0.1365995432842018,0.1077434087606394,0.028856134523562383
2024,OM,5472,726,601,125,0.13267543859649122,0.10983187134502924,0.02284356725146199
2025,OM,6656,910,781,129,0.13671875,0.11733774038461539,0.019381009615384616
1998,PA,208,0,0,0,0.0,0.0,0.0
1999,PA,199,22,25,-3,0.11055276381909548,0.12562814070351758,-0.01507537688442211
2000,PA,243,32,33,-1,0.13168724279835392,0.13580246913580246,-0.00411522633744856
2001,PA,246,44,51,-7,0.17886178861788618,0.2073170731707317,-0.028455284552845527
2002,PA,262,33,73,-40,0.12595419847328243,0.2786259541984733,-0.15267175572519084
2003,PA,402,53,47,6,0.1318407960199005,0.11691542288557213,0.014925373134328358
2004,PA,321,53,61,-8,0.16510903426791276,0.19003115264797507,-0.024922118380062305
2005,PA,296,66,71,-5,0.22297297297297297,0.23986486486486486,-0.016891891891891893
2006,PA,418,109,79,30,0.2607655502392344,0.18899521531100477,0.07177033492822966
2007,PA,437,109,100,9,0.2494279176201373,0.2288329519450801,0.020594965675057208
2008,PA,447,88,130,-42,0.19686800894854586,0.29082774049217003,-0.09395973154362416
2009,PA,535,143,114,29,0.2672897196261682,0.2130841121495327,0.05420560747663551
2010,PA,525,122,123,-1,0.23238095238095238,0.2342857142857143,-0.0019047619047619048
2011,PA,535,129,149,-20,0.2411214953271028,0.27850467289719627,-0.037383177570093455
2012,PA,671,156,164,-8,0.23248882265275708,0.2444113263785395,-0.011922503725782414
2013,PA,731,192,136,56,0.26265389876880985,0.18604651162790697,0.07660738714090287
2014,PA,841,214,166,48,0.2544589774078478,0.19738406658739596,0.057074910820451845
2015,PA,1015,225,212,13,0.22167487684729065,0.20886699507389161,0.012807881773399015
2016,PA,1051,234,238,-4,0.2226450999048525,0.22645099904852523,-0.003805899143672693
2017,PA,1285,270,241,29,0.21011673151750973,0.18754863813229572,0.022568093385214007
2018,PA,1424,289,265,24,0.2029494382022472,0.18609550561797752,0.016853932584269662
2019,PA,1517,311,274,37,0.2050098879367172,0.1806196440342782,0.024390243902439025
2020,PA,1787,337,299,38,0.18858421936205932,0.16731952993844432,0.021264689423614997
2021,PA,2093,408,285,123,0.19493549928332538,0.1361681796464405,0.058767319636884856
2022,PA,2113,360,374,-14,0.17037387600567913,0.1769995267392333,-0.006625650733554188
2023,PA,2678,578,414,164,0.21583271097834206,0.15459297983569828,0.061239731142643763
2024,PA,3109,625,379,246,0.20102926986169187,0.12190414924412994,0.07912512061756191
2025,PA,4028,837,482,355,0.20779543197616684,0.11966236345580933,0.0881330685203575
1998,PE,1018,0,0,0,0.0,0.0,0.0
1999,PE,1148,97,121,-24,0.08449477351916376,0.10540069686411149,-0.020905923344947737
2000,PE,1256,133,178,-45,0.10589171974522293,0.14171974522292993,-0.035828025477707005
2001,PE,1354,209,188,21,0.15435745937961595,0.13884785819793205,0.0155096011816839
2002,PE,1748,274,269,5,0.15675057208237986,0.15389016018306637,0.002860411899313501
2003,PE,1687,293,322,-29,0.17368109069353882,0.1908713692946058,-0.017190278601066984
2004,PE,1784,297,430,-133,0.1664798206278027,0.24103139013452915,-0.07455156950672645
2005,PE,2186,417,392,25,0.19075937785910338,0.17932296431838976,0.011436413540713633
2006,PE,2949,450,497,-47,0.1525940996948118,0.1685317056629366,-0.01593760596812479
2007,PE,3043,543,510,33,0.17844232665133092,0.16759776536312848,0.010844561288202431
2008,PE,3377,638,603,35,0.18892508143322476,0.1785608528279538,0.010364228605270951
2009,PE,3652,627,696,-69,0.1716867469879518,0.19058050383351588,-0.018893756845564075
2010,PE,3915,619,716,-97,0.15810983397190292,0.18288633461047255,-0.024776500638569603
2011,PE,4566,632,771,-139,0.1384143670608848,0.16885676741130093,-0.030442400350416118
2012,PE,5562,791,812,-21,0.14221503056454513,0.14599065084501978,-0.0037756202804746495
2013,PE,6994,910,893,17,0.13011152416356878,0.12768086931655706,0.002430654847011724
2014,PE,10611,1120,991,129,0.10555084346432947,0.09339364810102724,0.012157195363302233
2015,PE,9149,1056,1132,-76,0.11542245054104273,0.12372936932998142,-0.008306918788938682
2016,PE,9780,1183,1167,16,0.12096114519427403,0.11932515337423313,0.0016359918200408998
2017,PE,11482,1346,1230,116,0.11722696394356384,0.10712419439122105,0.010102769552342798
2018,PE,12789,1484,1316,168,0.11603721948549535,0.10290093048713739,0.013136288998357963
2019,PE,16204,1591,1573,18,0.09818563317699333,0.09707479634658109,0.001110836830412244
2020,PE,19489,1795,1714,81,0.09210323772384423,0.08794704705218329,0.004156190671660937
2021,PE,25082,2150,1726,424,0.0857188421975919,0.06881428913164819,0.016904553065943705
2022,PE,27382,1796,1680,116,0.06559053392739755,0.06135417427507121,0.004236359652326346
2023,PE,29871,2803,2084,719,0.09383683170968497,0.0697666633189381,0.02407016839074688
2024,PE,29588,2731,2206,525,0.0923009328105989,0.07455725294038124,0.017743679870217657
2025,PE,30568,3180,2596,584,0.10403035854488354,0.08492541219576027,0.019104946349123266
1998,PF,61,0,0,0,0.0,0.0,0.0
1999,PF,40,2,10,-8,0.05,0.25,-0.2
2000,PF,62,11,11,0,0.1774193548387097,0.1774193548387097,0.0
2001,PF,40,7,12,-5,0.175,0.3,-0.125
2002,PF,34,7,12,-5,0.20588235294117646,0.35294117647058826,-0.14705882352941177
2003,PF,47,16,13,3,0.3404255319148936,0.2765957446808511,0.06382978723404255
2004,PF,51,14,19,-5,0.27450980392156865,0.37254901960784315,-0.09803921568627451
2005,PF,71,19,8,11,0.2676056338028169,0.11267605633802817,0.15492957746478872
2006,PF,63,14,16,-2,0.2222222222222222,0.25396825396825395,-0.031746031746031744
2007,PF,68,14,15,-1,0.20588235294117646,0.22058823529411764,-0.014705882352941176
2008,PF,81,18,16,2,0.2222222222222222,0.19753086419753085,0.024691358024691357
2009,PF,97,23,14,9,0.23711340206185566,0.14432989690721648,0.09278350515463918
2010,PF,85,24,21,3,0.2823529411764706,0.24705882352941178,0.03529411764705882
2011,PF,105,33,19,14,0.3142857142857143,0.18095238095238095,0.13333333333333333
2012,PF,128,36,25,11,0.28125,0.1953125,0.0859375
2013,PF,136,37,35,2,0.27205882352941174,0.25735294117647056,0.014705882352941176
2014,PF,166,32,38,-6,0.1927710843373494,0.2289156626506024,-0.03614457831325301
2015,PF,204,50,27,23,0.24509803921568626,0.1323529411764706,0.11274509803921569
2016,PF,204,42,30,12,0.20588235294117646,0.14705882352941177,0.058823529411764705
2017,PF,166,35,39,-4,0.21084337349397592,0.23493975903614459,-0.024096385542168676
2018,PF,212,42,39,3,0.19811320754716982,0.18396226415094338,0.014150943396226415
2019,PF,286,76,38,38,0.26573426573426573,0.13286713286713286,0.13286713286713286
2020,PF,239,56,53,3,0.23430962343096234,0.2217573221757322,0.012552301255230125
2021,PF,228,45,56,-11,0.19736842105263158,0.24561403508771928,-0.04824561403508772
2022,PF,197,35,43,-8,0.17766497461928935,0.2182741116751269,-0.04060913705583756
2023,PF,237,49,47,2,0.20675105485232068,0.19831223628691982,0.008438818565400843
2024,PF,216,54,45,9,0.25,0.20833333333333334,0.041666666666666664
2025,PF,268,54,52,2,0.20149253731343283,0.19402985074626866,0.007462686567164179
1998,PG,105,0,0,0,0.0,0.0,0.0
1999,PG,98,5,5,0,0.05102040816326531,0.05102040816326531,0.0
2000,PG,96,10,14,-4,0.10416666666666667,0.14583333333333334,-0.041666666666666664
2001,PG,106,19,14,5,0.1792452830188679,0.1320754716981132,0.04716981132075472
2002,PG,94,11,18,-7,0.11702127659574468,0.19148936170212766,-0.07446808510638298
2003,PG,89,17,26,-9,0.19101123595505617,0.29213483146067415,-0.10112359550561797
2004,PG,94,13,18,-5,0.13829787234042554,0.19148936170212766,-0.05319148936170213
2005,PG,295,29,15,14,0.09830508474576272,0.05084745762711865,0.04745762711864407
2006,PG,111,18,19,-1,0.16216216216216217,0.17117117117117117,-0.009009009009009009
2007,PG,119,30,29,1,0.25210084033613445,0.24369747899159663,0.008403361344537815
2008,PG,136,19,38,-19,0.13970588235294118,0.27941176470588236,-0.13970588235294118
2009,PG,166,31,22,9,0.18674698795180722,0.13253012048192772,0.05421686746987952
2010,PG,154,25,38,-13,0.16233766233766234,0.24675324675324675,-0.08441558441558442
2011,PG,177,41,26,15,0.23163841807909605,0.14689265536723164,0.0847457627118644
2012,PG,226,37,36,1,0.16371681415929204,0.1592920353982301,0.004424778761061947
2013,PG,206,40,43,-3,0.1941747572815534,0.2087378640776699,-0.014563106796116505
2014,PG,285,45,37,8,0.15789473684210525,0.12982456140350876,0.028070175438596492
2015,PG,287,35,40,-5,0.12195121951219512,0.13937282229965156,-0.017421602787456445
2016,PG,246,39,39,0,0.15853658536585366,0.15853658536585366,0.0
2017,PG,306,41,42,-1,0.13398692810457516,0.13725490196078433,-0.0032679738562091504
2018,PG,243,32,52,-20,0.13168724279835392,0.2139917695473251,-0.0823045267489712
2019,PG,337,60,49,11,0.17804154302670624,0.14540059347181009,0.032640949554896145
2020,PG,378,71,56,15,0.18783068783068782,0.14814814814814814,0.03968253968253968
2021,PG,397,56,74,-18,0.14105793450881612,0.18639798488664988,-0.04534005037783375
2022,PG,463,67,53,14,0.1447084233261339,0.11447084233261338,0.03023758099352052
2023,PG,412,64,65,-1,0.1553398058252427,0.15776699029126215,-0.0024271844660194173
2024,PG,542,109,76,33,0.2011070110701107,0.14022140221402213,0.06088560885608856
2025,PG,609,146,99,47,0.23973727422003285,0.1625615763546798,0.07717569786535304
1998,PH,750,0,0,0,0.0,0.0,0.0
1999,PH,753,54,68,-14,0.07171314741035857,0.0903054448871182,-0.01859229747675963
2000,PH,792,86,90,-4,0.10858585858585859,0.11363636363636363,-0.005050505050505051
2001,PH,730,105,113,-8,0.14383561643835616,0.1547945205479452,-0.010958904109589041
2002,PH,1007,145,121,24,0.14399205561072492,0.12015888778550149,0.023833167825223437
2003,PH,1095,178,165,13,0.16255707762557078,0.1506849315068493,0.011872146118721462
2004,PH,1118,163,164,-1,0.14579606440071557,0.14669051878354203,-0.0008944543828264759
2005,PH,1265,206,231,-25,0.16284584980237155,0.1826086956521739,-0.019762845849802372
2006,PH,1392,206,251,-45,0.14798850574712644,0.18031609195402298,-0.032327586206896554
2007,PH,1593,256,263,-7,0.16070307595731326,0.16509730069052103,-0.004394224733207784
2008,PH,2016,294,291,3,0.14583333333333334,0.14434523809523808,0.001488095238095238
2009,PH,2167,328,354,-26,0.15136132902630364,0.16335948315643747,-0.011998154130133826
2010,PH,2431,384,377,7,0.15795968737145208,0.15508021390374332,0.002879473467708762
2011,PH,2704,419,428,-9,0.15495562130177515,0.15828402366863906,-0.0033284023668639054
2012,PH,3835,454,451,3,0.11838331160365059,0.11760104302477184,0.0007822685788787483
2013,PH,4427,513,494,19,0.11587982832618025,0.11158798283261803,0.004291845493562232
2014,PH,5272,633,589,44,0.12006828528072838,0.11172230652503794,0.00834597875569044
2015,PH,6818,701,631,70,0.10281607509533587,0.09254913464359049,0.01026694045174538
2016,PH,6842,665,687,-22,0.09719380298158434,0.10040923706518562,-0.003215434083601286
2017,PH,8260,701,771,-70,0.08486682808716707,0.09334140435835352,-0.00847457627118644
2018,PH,10154,848,716,132,0.0835138861532401,0.07051408311995273,0.012999803033287374
2019,PH,11934,865,881,-16,0.07248198424669013,0.07382269146975029,-0.0013407072230601643
2020,PH,13384,1050,1036,14,0.07845188284518828,0.07740585774058577,0.0010460251046025104
2021,PH,16909,1032,1041,-9,0.06103258619669998,0.06156484712283399,-0.0005322609261340115
2022,PH,21903,1160,911,249,0.052960781628087476,0.04159247591654111,0.011368305711546364
2023,PH,26218,1806,1341,465,0.06888397284308491,0.051148066214051414,0.017735906629033488
2024,PH,29064,2098,1619,479,0.07218552160748692,0.0557046518029177,0.016480869804569226
2025,PH,35689,2393,2001,392,0.06705147244248928,0.056067695928717534,0.01098377651377175
1998,PK,1569,0,0,0,0.0,0.0,0.0
1999,PK,1587,153,185,-32,0.09640831758034027,0.11657214870825457,-0.020163831127914304
2000,PK,3125,230,238,-8,0.0736,0.07616,-0.00256
2001,PK,1663,244,284,-40,0.14672279013830428,0.17077570655441973,-0.024052916416115455
2002,PK,1852,287,358,-71,0.15496760259179265,0.19330453563714903,-0.03833693304535637
2003,PK,2179,401,394,7,0.18402937127122534,0.18081688848095456,0.0032124827902707664
2004,PK,2657,498,448,50,0.1874294316898758,0.16861121565675574,0.01881821603312006
2005,PK,3647,577,542,35,0.1582122292295037,0.1486153002467782,0.009596928982725527
2006,PK,4458,665,705,-40,0.14917003140421714,0.15814266487213996,-0.008972633467922835
2007,PK,5071,803,712,91,0.15835140997830802,0.14040623151252218,0.01794517846578584
2008,PK,6148,964,928,36,0.1567989590110605,0.1509433962264151,0.005855562784645413
2009,PK,7735,1203,1122,81,0.1555268261150614,0.14505494505494507,0.010471881060116353
2010,PK,8976,1318,1529,-211,0.1468360071301248,0.17034313725490197,-0.023507130124777183
2011,PK,10972,1599,1508,91,0.1457345971563981,0.13744075829383887,0.008293838862559242
2012,PK,13160,1970,1884,86,0.14969604863221886,0.143161094224924,0.006534954407294833
2013,PK,16094,2385,2248,137,0.1481918727476078,0.1396793836212253,0.008512489126382503
2014,PK,19869,3018,2564,454,0.15189491167144797,0.12904524636368211,0.022849665307765867
2015,PK,22527,3270,3009,261,0.14515914236249833,0.1335730456785191,0.011586096683979225
2016,PK,25539,3379,3460,-81,0.13230745134891733,0.1354790712244019,-0.003171619875484553
2017,PK,30996,3994,3740,254,0.12885533617240935,0.12066073041682798,0.008194605755581365
2018,PK,38008,4983,4269,714,0.1311039781098716,0.11231845927173227,0.01878551883813934
2019,PK,43970,5119,5477,-358,0.11642028655901751,0.12456220150102343,-0.008141914942005913
2020,PK,54434,6035,5743,292,0.1108682073703935,0.10550391299555426,0.005364294374839255
2021,PK,65594,6912,6317,595,0.10537549166082263,0.09630454004939476,0.009070951611427874
2022,PK,75324,6796,6291,505,0.09022356752163985,0.08351919706866337,0.006704370452976475
2023,PK,79555,7888,8372,-484,0.09915153038778204,0.10523537175538936,-0.006083841367607316
2024,PK,84250,9452,9991,-539,0.11218991097922848,0.11858753709198813,-0.006397626112759644
2025,PK,97875,12198,11772,426,0.12462835249042145,0.12027586206896551,0.004352490421455938
1998,PL,16886,0,0,0,0.0,0.0,0.0
1999,PL,17780,653,685,-32,0.03672665916760405,0.03852643419572553,-0.0017997750281214847
2000,PL,19834,964,904,60,0.048603408288797015,0.04557829988907936,0.0030251083997176564
2001,PL,20968,1083,1201,-118,0.05165013353681801,0.05727775658145746,-0.005627623044639451
2002,PL,23577,1239,1314,-75,0.05255121516732409,0.055732281460745645,-0.003181066293421555
2003,PL,28199,1401,1343,58,0.04968261285861201,0.04762580233341608,0.002056810525195929
2004,PL,31065,1377,1449,-72,0.04432641236117817,0.0466441332689522,-0.0023177209077740223
2005,PL,33932,1608,1659,-51,0.047388895437934696,0.04889190144995874,-0.001503006012024048
2006,PL,33087,1644,1793,-149,0.04968718832169734,0.05419046755523317,-0.004503279233535829
2007,PL,35676,1729,1856,-127,0.04846395335799977,0.052023769480883504,-0.0035598161228837313
2008,PL,38014,1819,2039,-220,0.047850791813542376,0.053638133319303415,-0.005787341505761035
2009,PL,42343,1997,2130,-133,0.047162458966062866,0.050303474009871764,-0.003141015043808894
2010,PL,45660,2018,2312,-294,0.04419623302671923,0.05063512921594393,-0.006438896189224704
2011,PL,51875,2319,2321,-2,0.044703614457831324,0.044742168674698796,-3.855421686746988e-05
2012,PL,60566,2488,2472,16,0.04107915332034475,0.04081497870092131,0.0002641746194234389
2013,PL,71984,2885,2695,190,0.040078350744609914,0.037438875305623474,0.0026394754389864414
2014,PL,77778,3179,2852,327,0.04087274036359896,0.036668466661523826,0.004204273702075137
2015,PL,83442,3321,3353,-32,0.03980010066872798,0.04018360058483737,-0.00038349991610939335
2016,PL,85770,3590,3446,144,0.04185612685088026,0.040177218141541335,0.0016789087093389296
2017,PL,88109,3567,3528,39,0.04048394602140531,0.04004131246524192,0.0004426335561633885
2018,PL,88820,3692,3840,-148,0.041567214591308264,0.043233505967124525,-0.0016662913758162575
2019,PL,86456,3600,3989,-389,0.04163967798649024,0.046139076524474874,-0.004499398537984639
2020,PL,86823,3948,4077,-129,0.04547182198265436,0.04695760340002073,-0.0014857814173663661
2021,PL,89206,3874,4223,-349,0.04342757213640338,0.047339865031500124,-0.003912292895096743
2022,PL,87210,3934,3727,207,0.04510950579062034,0.04273592477926843,0.002373581011351909
2023,PL,89524,4369,4491,-122,0.04880255573924311,0.05016531879719405,-0.0013627630579509406
2024,PL,91459,4824,4527,297,0.052744945822718374,0.0494975890836331,0.0032473567390852733
2025,PL,100530,5888,5551,337,0.058569581219536454,0.05521734805530688,0.003352233164229583
1998,PR,747,0,0,0,0.0,0.0,0.0
1999,PR,827,72,73,-1,0.08706166868198308,0.08827085852478839,-0.0012091898428053204
2000,PR,888,119,123,-4,0.134009009009009,0.13851351351351351,-0.0045045045045045045
2001,PR,795,131,123,8,0.16477987421383647,0.15471698113207547,0.010062893081761006
2002,PR,1002,164,185,-21,0.16367265469061876,0.18463073852295409,-0.020958083832335328
2003,PR,1145,218,195,23,0.1903930131004367,0.1703056768558952,0.020087336244541485
2004,PR,1300,239,257,-18,0.18384615384615385,0.1976923076923077,-0.013846153846153847
2005,PR,1414,247,244,3,0.1746817538896747,0.17256011315417255,0.0021216407355021216
2006,PR,1803,326,296,30,0.1808097615085968,0.1641708264004437,0.016638935108153077
2007,PR,1690,282,334,-52,0.1668639053254438,0.19763313609467456,-0.03076923076923077
2008,PR,1807,350,341,9,0.1936912008854455,0.18871057000553404,0.004980630879911455
2009,PR,1936,356,418,-62,0.18388429752066116,0.2159090909090909,-0.03202479338842975
2010,PR,1960,381,450,-69,0.19438775510204082,0.22959183673469388,-0.03520408163265306
2011,PR,2067,377,445,-68,0.18238993710691823,0.21528785679729076,-0.03289791969037252
2012,PR,2360,456,493,-37,0.19322033898305085,0.20889830508474577,-0.015677966101694914
2013,PR,2309,427,492,-65,0.18492854049372023,0.21307925508878303,-0.028150714595062798
2014,PR,2473,446,528,-82,0.1803477557622321,0.2135058633238981,-0.03315810756166599
2015,PR,2840,545,562,-17,0.19190140845070422,0.19788732394366196,-0.005985915492957746
2016,PR,2948,527,635,-108,0.1787652645861601,0.21540027137042062,-0.036635006784260515
2017,PR,3028,574,695,-121,0.18956406869220607,0.22952443857331573,-0.039960369881109646
2018,PR,3134,609,685,-76,0.1943203573707722,0.21857051691129548,-0.024250159540523293
2019,PR,3492,720,744,-24,0.20618556701030927,0.21305841924398625,-0.006872852233676976
2020,PR,3924,767,849,-82,0.1954638124362895,0.21636085626911314,-0.02089704383282365
2021,PR,3663,617,821,-204,0.16844116844116844,0.22413322413322415,-0.055692055692055695
2022,PR,3598,536,670,-134,0.1489716509171762,0.18621456364647027,-0.03724291272929405
2023,PR,3861,717,862,-145,0.1857031857031857,0.22325822325822325,-0.03755503755503756
2024,PR,3974,740,811,-71,0.18621036738802216,0.20407649723200805,-0.017866129843985907
2025,PR,4378,1063,872,191,0.24280493375970763,0.19917770671539517,0.043627227044312475
1998,PS,54,0,0,0,0.0,0.0,0.0
1999,PS,78,7,4,3,0.08974358974358974,0.05128205128205128,0.038461538461538464
2000,PS,98,10,5,5,0.10204081632653061,0.05102040816326531,0.05102040816326531
2001,PS,107,6,15,-9,0.056074766355140186,0.14018691588785046,-0.08411214953271028
2002,PS,172,16,19,-3,0.09302325581395349,0.11046511627906977,-0.01744186046511628
2003,PS,167,35,20,15,0.20958083832335328,0.11976047904191617,0.08982035928143713
2004,PS,186,22,17,5,0.11827956989247312,0.0913978494623656,0.026881720430107527
2005,PS,201,29,32,-3,0.14427860696517414,0.15920398009950248,-0.014925373134328358
2006,PS,250,35,14,21,0.14,0.056,0.084
2007,PS,306,49,28,21,0.16013071895424835,0.0915032679738562,0.06862745098039216
2008,PS,336,63,35,28,0.1875,0.10416666666666667,0.08333333333333333
2009,PS,322,50,69,-19,0.15527950310559005,0.21428571428571427,-0.059006211180124224
2010,PS,469,84,43,41,0.1791044776119403,0.09168443496801706,0.08742004264392324
2011,PS,504,66,49,17,0.13095238095238096,0.09722222222222222,0.03373015873015873
2012,PS,652,103,62,41,0.1579754601226994,0.0950920245398773,0.06288343558282208
2013,PS,787,108,78,30,0.1372299872935197,0.09911054637865312,0.03811944091486658
2014,PS,843,123,65,58,0.14590747330960854,0.0771055753262159,0.06880189798339265
2015,PS,928,119,102,17,0.12823275862068967,0.10991379310344827,0.018318965517241378
2016,PS,1017,144,108,36,0.1415929203539823,0.10619469026548672,0.035398230088495575
2017,PS,1385,183,121,62,0.13212996389891696,0.08736462093862817,0.044765342960288806
2018,PS,1494,163,131,32,0.10910307898259705,0.08768406961178045,0.0214190093708166
2019,PS,1816,181,127,54,0.09966960352422907,0.06993392070484582,0.02973568281938326
2020,PS,1967,220,196,24,0.11184544992374174,0.099644128113879,0.012201321809862735
2021,PS,2473,243,218,25,0.09826122118883947,0.0881520420541852,0.010109179134654266
2022,PS,2924,286,233,53,0.09781121751025992,0.07968536251709986,0.018125854993160054
2023,PS,3256,379,248,131,0.1164004914004914,0.07616707616707617,0.04023341523341523
2024,PS,3603,401,356,45,0.11129614210380238,0.09880655009714127,0.012489592006661115
2025,PS,4738,559,425,134,0.11798227100042212,0.0897002954833263,0.028281975517095822
1998,PT,4687,0,0,0,0.0,0.0,0.0
1999,PT,5832,319,279,40,0.054698216735253775,0.047839506172839504,0.006858710562414266
2000,PT,6116,485,479,6,0.07930019620667103,0.07831916285153695,0.0009810333551340746
2001,PT,6666,579,613,-34,0.08685868586858686,0.09195919591959197,-0.0051005100510051
2002,PT,8456,845,682,163,0.09992904446546831,0.08065279091769158,0.019276253547776727
2003,PT,9224,867,798,69,0.09399392888117954,0.0865134431916739,0.007480485689505638
2004,PT,10327,980,905,75,0.0948968722765566,0.08763435654110584,0.00726251573545076
2005,PT,11678,1155,1122,33,0.09890392190443568,0.09607809556430896,0.002825826340126734
2006,PT,13947,1589,1213,376,0.11393131139313115,0.08697210869721086,0.02695920269592027
2007,PT,15193,1572,1561,11,0.10346870269202922,0.10274468505232673,0.0007240176397024946
2008,PT,17641,1880,1680,200,0.1065699223400034,0.09523269655915198,0.011337225780851426
2009,PT,19096,2110,2066,44,0.11049434436531211,0.10819019689987432,0.002304147465437788
2010,PT,21690,2503,2192,311,0.11539880129091748,0.10106039649608115,0.01433840479483633
2011,PT,25003,2799,2450,349,0.11194656641203056,0.09798824141103067,0.01395832500099988
2012,PT,28917,3277,2921,356,0.11332434208251202,0.10101324480409447,0.012311097278417539
2013,PT,32026,3509,3320,189,0.10956722662836445,0.10366577156060701,0.005901455067757447
2014,PT,34916,3856,3749,107,0.11043647611410241,0.10737197846259594,0.0030644976515064727
2015,PT,36089,3853,4293,-440,0.10676383385519134,0.11895591454459807,-0.012192080689406744
2016,PT,38703,4372,4485,-113,0.11296281941968322,0.11588248972947833,-0.0029196703097951063
2017,PT,39751,4723,4982,-259,0.1188146210158235,0.12533018037282082,-0.006515559356997308
2018,PT,41446,4941,5089,-148,0.11921536457076679,0.12278627611832264,-0.0035709115475558557
2019,PT,46512,5804,5129,675,0.12478500171998624,0.11027261781905745,0.014512383900928792
2020,PT,48911,5918,5883,35,0.12099527713602257,0.12027969168489706,0.0007155854511255137
2021,PT,53897,6400,5763,637,0.11874501363712266,0.1069261739985528,0.011818839638569865
2022,PT,56306,5950,5236,714,0.10567257485880723,0.09299186587575037,0.012680708983056867
2023,PT,58107,7249,7589,-340,0.12475261156142978,0.13060388593456898,-0.005851274373139209
2024,PT,57146,7566,8932,-1366,0.1323977181255031,0.15630140342281174,-0.023903685297308647
2025,PT,56262,7840,9388,-1548,0.13934805019373644,0.16686218051260177,-0.02751413031886531
1998,PW,4,0,0,0,0.0,0.0,0.0
1999,PW,6,4,1,3,0.6666666666666666,0.16666666666666666,0.5
2000,PW,6,0,1,-1,0.0,0.16666666666666666,-0.16666666666666666
2001,PW,8,1,1,0,0.125,0.125,0.0
2002,PW,4,1,1,0,0.25,0.25,0.0
2003,PW,7,1,2,-1,0.14285714285714285,0.2857142857142857,-0.14285714285714285
2004,PW,11,0,1,-1,0.0,0.09090909090909091,-0.09090909090909091
2005,PW,16,4,0,4,0.25,0.0,0.25
2006,PW,14,3,3,0,0.21428571428571427,0.21428571428571427,0.0
2007,PW,17,2,1,1,0.11764705882352941,0.058823529411764705,0.058823529411764705
2008,PW,12,4,2,2,0.3333333333333333,0.16666666666666666,0.16666666666666666
2009,PW,30,9,2,7,0.3,0.06666666666666667,0.23333333333333334
2010,PW,16,3,4,-1,0.1875,0.25,-0.0625
2011,PW,12,1,5,-4,0.08333333333333333,0.4166666666666667,-0.3333333333333333
2012,PW,19,3,5,-2,0.15789473684210525,0.2631578947368421,-0.10526315789473684
2013,PW,15,1,7,-6,0.06666666666666667,0.4666666666666667,-0.4
2014,PW,14,3,2,1,0.21428571428571427,0.14285714285714285,0.07142857142857142
2015,PW,25,6,4,2,0.24,0.16,0.08
2016,PW,24,5,3,2,0.20833333333333334,0.125,0.08333333333333333
2017,PW,35,12,3,9,0.34285714285714286,0.08571428571428572,0.2571428571428571
2018,PW,30,3,8,-5,0.1,0.26666666666666666,-0.16666666666666666
2019,PW,22,4,6,-2,0.18181818181818182,0.2727272727272727,-0.09090909090909091
2020,PW,50,13,4,9,0.26,0.08,0.18
2021,PW,75,28,19,9,0.37333333333333335,0.25333333333333335,0.12
2022,PW,82,6,17,-11,0.07317073170731707,0.2073170731707317,-0.13414634146341464
2023,PW,66,10,14,-4,0.15151515151515152,0.21212121212121213,-0.06060606060606061
2024,PW,66,11,9,2,0.16666666666666666,0.13636363636363635,0.030303030303030304
2025,PW,32,10,13,-3,0.3125,0.40625,-0.09375
1998,PY,125,0,0,0,0.0,0.0,0.0
1999,PY,101,15,27,-12,0.1485148514851485,0.26732673267326734,-0.1188118811881188
2000,PY,163,27,30,-3,0.1656441717791411,0.18404907975460122,-0.018404907975460124
2001,PY,144,46,33,13,0.3194444444444444,0.22916666666666666,0.09027777777777778
2002,PY,189,47,43,4,0.24867724867724866,0.2275132275132275,0.021164021164021163
2003,PY,162,39,68,-29,0.24074074074074073,0.41975308641975306,-0.17901234567901234
2004,PY,170,52,53,-1,0.3058823529411765,0.31176470588235294,-0.0058823529411764705
2005,PY,284,64,61,3,0.22535211267605634,0.2147887323943662,0.01056338028169014
2006,PY,255,66,65,1,0.25882352941176473,0.2549019607843137,0.00392156862745098
2007,PY,294,101,88,13,0.3435374149659864,0.29931972789115646,0.04421768707482993
2008,PY,319,89,108,-19,0.27899686520376177,0.3385579937304075,-0.05956112852664577
2009,PY,541,163,105,58,0.30129390018484287,0.19408502772643252,0.10720887245841035
2010,PY,503,126,132,-6,0.2504970178926441,0.2624254473161034,-0.011928429423459244
2011,PY,604,145,141,4,0.24006622516556292,0.23344370860927152,0.006622516556291391
2012,PY,654,173,186,-13,0.26452599388379205,0.28440366972477066,-0.019877675840978593
2013,PY,932,253,163,90,0.27145922746781115,0.17489270386266095,0.09656652360515021
2014,PY,1080,253,217,36,0.23425925925925925,0.20092592592592592,0.03333333333333333
2015,PY,1210,275,223,52,0.22727272727272727,0.18429752066115704,0.04297520661157025
2016,PY,1686,342,316,26,0.20284697508896798,0.1874258600237248,0.01542111506524318
2017,PY,1861,358,323,35,0.19236969371305748,0.17356260075228372,0.018807092960773777
2018,PY,2027,383,317,66,0.18894918598914653,0.15638875185002465,0.03256043413912185
2019,PY,2515,447,337,110,0.17773359840954275,0.13399602385685885,0.0437375745526839
2020,PY,2795,472,438,34,0.16887298747763865,0.15670840787119858,0.012164579606440072
2021,PY,2994,497,429,68,0.165998663994656,0.1432865731462926,0.022712090848363394
2022,PY,3195,479,362,117,0.14992175273865416,0.113302034428795,0.036619718309859155
2023,PY,3675,649,490,159,0.1765986394557823,0.13333333333333333,0.04326530612244898
2024,PY,3537,637,543,94,0.18009612666101216,0.15351993214588636,0.026576194515125814
2025,PY,3739,809,644,165,0.21636801283765714,0.17223856646162075,0.04412944637603637
1998,QA,213,0,0,0,0.0,0.0,0.0
1999,QA,245,35,43,-8,0.14285714285714285,0.17551020408163265,-0.0326530612244898
2000,QA,265,75,65,10,0.2830188679245283,0.24528301886792453,0.03773584905660377
2001,QA,355,83,71,12,0.23380281690140844,0.2,0.03380281690140845
2002,QA,358,82,82,0,0.22905027932960895,0.22905027932960895,0.0
2003,QA,436,99,109,-10,0.22706422018348624,0.25,-0.022935779816513763
2004,QA,383,96,115,-19,0.2506527415143603,0.3002610966057441,-0.04960835509138381
2005,QA,561,134,112,22,0.23885918003565063,0.19964349376114082,0.0392156862745098
2006,QA,527,120,133,-13,0.22770398481973433,0.2523719165085389,-0.024667931688804556
2007,QA,619,169,130,39,0.2730210016155089,0.210016155088853,0.0630048465266559
2008,QA,837,244,163,81,0.2915173237753883,0.19474313022700118,0.0967741935483871
2009,QA,988,261,190,71,0.26417004048583,0.19230769230769232,0.07186234817813765
2010,QA,1331,353,219,134,0.26521412471825695,0.16453794139744554,0.10067618332081142
2011,QA,1488,392,257,135,0.26344086021505375,0.17271505376344087,0.0907258064516129
2012,QA,2084,526,353,173,0.2523992322456814,0.16938579654510558,0.08301343570057582
2013,QA,2084,580,413,167,0.2783109404990403,0.19817658349328215,0.08013435700575816
2014,QA,2985,749,440,309,0.2509212730318258,0.1474036850921273,0.1035175879396985
2015,QA,3231,797,538,259,0.24667285670071185,0.16651191581553698,0.08016094088517486
2016,QA,4024,888,650,238,0.220675944333996,0.16153081510934394,0.059145129224652086
2017,QA,3551,700,675,25,0.19712756969867642,0.19008729935229512,0.007040270346381301
2018,QA,4362,797,732,65,0.18271435121503898,0.16781292984869325,0.014901421366345712
2019,QA,4623,824,781,43,0.1782392385896604,0.1689379191001514,0.009301319489508977
2020,QA,6202,1033,776,257,0.16655917445985166,0.1251209287326669,0.041438245727184776
2021,QA,6976,959,879,80,0.13747133027522937,0.12600344036697247,0.011467889908256881
2022,QA,7081,913,915,-2,0.12893659087699477,0.12921903685920066,-0.00028244598220590313
2023,QA,7488,1170,1108,62,0.15625,0.14797008547008547,0.00827991452991453
2024,QA,8002,1221,1143,78,0.15258685328667834,0.14283929017745564,0.009747563109222694
2025,QA,9550,1585,1279,306,0.16596858638743456,0.13392670157068062,0.03204188481675393
1998,RE,112,0,0,0,0.0,0.0,0.0
1999,RE,102,9,13,-4,0.08823529411764706,0.12745098039215685,-0.0392156862745098
2000,RE,100,18,20,-2,0.18,0.2,-0.02
2001,RE,90,16,14,2,0.17777777777777778,0.15555555555555556,0.022222222222222223
2002,RE,133,25,20,5,0.18796992481203006,0.15037593984962405,0.03759398496240601
2003,RE,148,29,21,8,0.19594594594594594,0.14189189189189189,0.05405405405405406
2004,RE,193,55,34,21,0.2849740932642487,0.17616580310880828,0.10880829015544041
2005,RE,224,52,45,7,0.23214285714285715,0.20089285714285715,0.03125
2006,RE,288,76,47,29,0.2638888888888889,0.16319444444444445,0.10069444444444445
2007,RE,297,69,58,11,0.23232323232323232,0.19528619528619529,0.037037037037037035
2008,RE,357,97,73,24,0.27170868347338933,0.20448179271708683,0.06722689075630252
2009,RE,327,83,101,-18,0.25382262996941896,0.308868501529052,-0.05504587155963303
2010,RE,418,110,78,32,0.2631578947368421,0.18660287081339713,0.07655502392344497
2011,RE,436,116,112,4,0.26605504587155965,0.25688073394495414,0.009174311926605505
2012,RE,494,121,98,23,0.24493927125506074,0.19838056680161945,0.0465587044534413
2013,RE,506,125,138,-13,0.24703557312252963,0.2727272727272727,-0.025691699604743084
2014,RE,579,147,119,28,0.2538860103626943,0.20552677029360966,0.04835924006908463
2015,RE,501,140,121,19,0.27944111776447106,0.24151696606786427,0.03792415169660679
2016,RE,607,173,148,25,0.28500823723228996,0.24382207578253706,0.04118616144975288
2017,RE,570,172,154,18,0.3017543859649123,0.27017543859649124,0.031578947368421054
2018,RE,542,158,177,-19,0.2915129151291513,0.32656826568265684,-0.03505535055350553
2019,RE,601,163,155,8,0.27121464226289516,0.2579034941763727,0.013311148086522463
2020,RE,623,181,169,12,0.29052969502407705,0.2712680577849117,0.019261637239165328
2021,RE,622,158,168,-10,0.2540192926045016,0.27009646302250806,-0.01607717041800643
2022,RE,696,188,156,32,0.27011494252873564,0.22413793103448276,0.04597701149425287
2023,RE,784,200,184,16,0.25510204081632654,0.23469387755102042,0.02040816326530612
2024,RE,782,212,202,10,0.2710997442455243,0.25831202046035806,0.01278772378516624
2025,RE,889,251,190,61,0.2823397075365579,0.21372328458942633,0.0686164229471316
1998,RO,2369,0,0,0,0.0,0.0,0.0
1999,RO,2484,159,169,-10,0.0640096618357488,0.0680354267310789,-0.004025764895330112
2000,RO,2807,197,231,-34,0.07018168863555398,0.08229426433915212,-0.012112575703598147
2001,RO,2889,242,289,-47,0.08376600899965386,0.10003461405330565,-0.016268605053651783
2002,RO,3721,336,388,-52,0.09029830690674549,0.10427304488040849,-0.013974737973662993
2003,RO,3747,341,451,-110,0.09100613824392847,0.1203629570322925,-0.029356818788364023
2004,RO,4175,360,474,-114,0.08622754491017964,0.11353293413173653,-0.027305389221556887
2005,RO,4725,356,501,-145,0.07534391534391534,0.10603174603174603,-0.030687830687830688
2006,RO,5931,431,505,-74,0.07266902714550666,0.0851458438711853,-0.012476816725678637
2007,RO,7415,552,568,-16,0.07444369521240728,0.07660148347943357,-0.002157788267026298
2008,RO,9934,701,630,71,0.07056573384336622,0.06341856251258304,0.007147171330783169
2009,RO,10931,807,685,122,0.07382673131460983,0.06266581282590797,0.011160918488701857
2010,RO,13329,832,781,51,0.06242028659314277,0.0585940430639958,0.0038262435291469728
2011,RO,14092,887,852,35,0.06294351405052512,0.060459835367584445,0.0024836786829406754
2012,RO,15349,908,882,26,0.05915694833539644,0.057463026907290375,0.0016939214281060655
2013,RO,18281,1158,984,174,0.06334445599256058,0.053826377112849405,0.009518078879711175
2014,RO,21471,1191,1138,53,0.055470169065250804,0.05300172325462251,0.0024684458106282894
2015,RO,24198,1366,1148,218,0.05645094635920324,0.04744193735019423,0.009009009009009009
2016,RO,23040,1236,1241,-5,0.05364583333333333,0.053862847222222225,-0.00021701388888888888
2017,RO,24965,1377,1227,150,0.05515722010815141,0.04914880833166433,0.006008411776487082
2018,RO,25723,1310,1229,81,0.05092718578703884,0.0477782529253975,0.0031489328616413326
2019,RO,29331,1514,1342,172,0.05161774232041185,0.04575363949405066,0.005864102826361188
2020,RO,30490,1470,1374,96,0.04821252869793375,0.04506395539521155,0.003148573302722204
2021,RO,32803,1561,1444,117,0.04758711093497546,0.04402036399109838,0.0035667469438770845
2022,RO,34720,1423,1492,-69,0.04098502304147465,0.04297235023041475,-0.001987327188940092
2023,RO,33970,1612,1633,-21,0.04745363556078893,0.04807182808360318,-0.0006181925228142479
2024,RO,34483,1736,1724,12,0.05034364759446684,0.049995650030449784,0.0003479975640170519
2025,RO,38042,2120,1977,143,0.055727879711897375,0.05196887650491562,0.003759003206981757
1998,RS,1622,0,0,0,0.0,0.0,0.0
1999,RS,1522,108,124,-16,0.07095926412614981,0.08147174770039421,-0.010512483574244415
2000,RS,1697,163,164,-1,0.09605185621685328,0.0966411314083677,-0.0005892751915144372
2001,RS,1579,190,238,-48,0.12032932235592148,0.15072830905636478,-0.030398986700443317
2002,RS,3007,285,303,-18,0.09477884935151314,0.10076488194213502,-0.005986032590621883
2003,RS,3361,425,343,82,0.12645046117227016,0.10205296042844392,0.024397500743826243
2004,RS,3838,476,374,102,0.12402292860865034,0.09744658676393955,0.026576341844710787
2005,RS,4242,480,423,57,0.11315417256011315,0.09971711456859972,0.013437057991513438
2006,RS,4689,496,476,20,0.10577948389848582,0.10151418212838559,0.0042653017701002344
2007,RS,5492,568,504,64,0.10342316096139839,0.09176984705025491,0.011653313911143482
2008,RS,6027,605,558,47,0.10038161606105857,0.09258337481333997,0.0077982412477186
2009,RS,7268,795,607,188,0.10938359933957072,0.08351678591084205,0.025866813428728673
2010,RS,8437,777,667,110,0.09209434633163446,0.07905653668365532,0.01303780964797914
2011,RS,10154,811,725,86,0.07987000196966712,0.07140043332676778,0.00846956864289935
2012,RS,12006,985,693,292,0.08204231217724471,0.05772113943028486,0.024321172746959854
2013,RS,12601,996,844,152,0.07904134592492659,0.06697881120545988,0.012062534719466708
2014,RS,13546,984,1030,-46,0.07264137014616862,0.07603720655544072,-0.00339583640927211
2015,RS,14355,1140,1024,116,0.0794148380355277,0.07133402995471962,0.00808080808080808
2016,RS,15025,1116,1079,37,0.07427620632279534,0.07181364392678868,0.0024625623960066556
2017,RS,15216,1040,1126,-86,0.0683491062039958,0.07400105152471083,-0.005651945320715037
2018,RS,16083,1099,1163,-64,0.06833302244606106,0.072312379531182,-0.003979357085120935
2019,RS,17062,1216,1094,122,0.07126948775055679,0.06411909506505685,0.007150392685499942
2020,RS,16534,1108,1120,-12,0.06701342687794846,0.06773920406435224,-0.0007257771864037741
2021,RS,16921,1193,1149,44,0.07050410732226228,0.06790378819218722,0.0026003191300750547
2022,RS,17873,1300,1088,212,0.0727354109550719,0.06087394393778325,0.011861467017288648
2023,RS,17724,1280,1222,58,0.07221846084405326,0.0689460618370571,0.0032723990069961633
2024,RS,17360,1079,1304,-225,0.06215437788018433,0.07511520737327189,-0.012960829493087557
2025,RS,18703,1409,1439,-30,0.0753355076725659,0.07693952841790087,-0.001604020745334973
1998,RU,29815,0,0,0,0.0,0.0,0.0
1999,RU,30832,1276,1501,-225,0.04138557343020239,0.048683186299948104,-0.007297612869745718
2000,RU,37795,1862,2003,-141,0.049265775896282574,0.05299642809895489,-0.0037306522026723113
2001,RU,42185,2018,2394,-376,0.04783690885385801,0.05675002963138556,-0.008913120777527558
2002,RU,47071,2408,2743,-335,0.051156763187525225,0.05827367168745087,-0.007116908499925644
2003,RU,45365,2464,3015,-551,0.05431500055108564,0.06646092802821559,-0.012145927477129946
2004,RU,45036,2593,3248,-655,0.05757616129318767,0.07212008171240786,-0.01454392041922018
2005,RU,47234,3047,3242,-195,0.06450861667442943,0.06863699877207097,-0.004128382097641529
2006,RU,52655,3194,3606,-412,0.06065900674199981,0.06848352483145001,-0.007824518089450195
2007,RU,56995,3443,3665,-222,0.06040880779015703,0.0643038863058163,-0.0038950785156592685
2008,RU,58885,3579,5007,-1428,0.060779485437717586,0.08503014350004245,-0.02425065806232487
2009,RU,59272,3956,4967,-1011,0.06674315022270212,0.08380010797678498,-0.017056957754082874
2010,RU,63625,4415,4956,-541,0.0693909626719057,0.07789390962671906,-0.00850294695481336
2011,RU,70741,4784,4995,-211,0.06762697728332932,0.07060968886501463,-0.0029827115816853027
2012,RU,76151,5135,5482,-347,0.06743181310816666,0.07198854906698533,-0.004556735958818663
2013,RU,85991,5628,5691,-63,0.06544870974869463,0.06618134455931435,-0.000732634810619716
2014,RU,102495,6670,6235,435,0.06507634518757012,0.060832235718815554,0.004244109468754574
2015,RU,126380,8081,6259,1822,0.06394207944294983,0.04952524133565438,0.014416838107295459
2016,RU,141815,8077,6784,1293,0.056954482953143176,0.04783697070126573,0.009117512251877445
2017,RU,158281,7978,7575,403,0.05040402827882058,0.0478579235663156,0.002546104712504975
2018,RU,184643,8815,8515,300,0.04774077544234008,0.04611601847890253,0.0016247569634375524
2019,RU,221950,10514,9245,1269,0.04737102951115116,0.041653525568821806,0.005717503942329353
2020,RU,246918,11166,10290,876,0.04522149053531942,0.04167375403980269,0.00354773649551673
2021,RU,269380,11155,10702,453,0.041409904224515556,0.03972826490459574,0.0016816393199198159
2022,RU,256633,8895,10414,-1519,0.03466039051875636,0.040579348719767136,-0.005918958201010782
2023,RU,224999,10350,13696,-3346,0.04600020444535309,0.060871381650585116,-0.014871177205232023
2024,RU,207549,10494,13803,-3309,0.050561554139022594,0.06650477718514664,-0.01594322304612405
2025,RU,208972,11857,14852,-2995,0.056739658901671035,0.07107172252741994,-0.014332063625748905
1998,RW,24,0,0,0,0.0,0.0,0.0
1999,RW,25,4,2,2,0.16,0.08,0.08
2000,RW,88,6,6,0,0.06818181818181818,0.06818181818181818,0.0
2001,RW,97,5,11,-6,0.05154639175257732,0.1134020618556701,-0.061855670103092786
2002,RW,87,10,12,-2,0.11494252873563218,0.13793103448275862,-0.022988505747126436
2003,RW,100,21,10,11,0.21,0.1,0.11
2004,RW,116,19,16,3,0.16379310344827586,0.13793103448275862,0.02586206896551724
2005,RW,113,11,14,-3,0.09734513274336283,0.12389380530973451,-0.02654867256637168
2006,RW,126,24,11,13,0.19047619047619047,0.0873015873015873,0.10317460317460317
2007,RW,152,23,19,4,0.1513157894736842,0.125,0.02631578947368421
2008,RW,187,35,33,2,0.18716577540106952,0.17647058823529413,0.0106951871657754
2009,RW,196,31,23,8,0.15816326530612246,0.11734693877551021,0.04081632653061224
2010,RW,202,38,34,4,0.18811881188118812,0.16831683168316833,0.019801980198019802
2011,RW,277,44,41,3,0.1588447653429603,0.148014440433213,0.010830324909747292
2012,RW,421,70,48,22,0.166270783847981,0.11401425178147269,0.052256532066508314
2013,RW,404,54,51,3,0.13366336633663367,0.12623762376237624,0.007425742574257425
2014,RW,645,83,46,37,0.12868217054263567,0.07131782945736434,0.05736434108527132
2015,RW,626,85,82,3,0.13578274760383385,0.13099041533546327,0.004792332268370607
2016,RW,573,93,113,-20,0.16230366492146597,0.19720767888307156,-0.034904013961605584
2017,RW,715,112,117,-5,0.15664335664335666,0.16363636363636364,-0.006993006993006993
2018,RW,898,147,120,27,0.16369710467706014,0.133630289532294,0.030066815144766147
2019,RW,1092,194,129,65,0.17765567765567766,0.11813186813186813,0.05952380952380952
2020,RW,1512,229,168,61,0.15145502645502645,0.1111111111111111,0.04034391534391534
2021,RW,1650,253,215,38,0.15333333333333332,0.1303030303030303,0.02303030303030303
2022,RW,1945,256,216,40,0.13161953727506426,0.11105398457583547,0.02056555269922879
2023,RW,2218,350,289,61,0.15779981965734896,0.130297565374211,0.02750225428313796
2024,RW,2955,462,320,142,0.15634517766497463,0.10829103214890017,0.048054145516074454
2025,RW,3853,749,402,347,0.19439397871788217,0.1043342849727485,0.09005969374513366
1998,SA,2140,0,0,0,0.0,0.0,0.0
1999,SA,2157,95,87,8,0.0440426518312471,0.04033379694019471,0.0037088548910523874
2000,SA,2368,158,141,17,0.06672297297297297,0.05954391891891892,0.0071790540540540545
2001,SA,2124,178,170,8,0.08380414312617702,0.0800376647834275,0.003766478342749529
2002,SA,2713,247,201,46,0.09104312569111685,0.07408772576483598,0.01695539992628087
2003,SA,2590,294,241,53,0.11351351351351352,0.09305019305019305,0.020463320463320462
2004,SA,2856,354,250,104,0.12394957983193278,0.08753501400560224,0.036414565826330535
2005,SA,2661,305,326,-21,0.11461856444945509,0.12251033446072905,-0.007891770011273957
2006,SA,2837,363,309,54,0.12795206203736342,0.1089178709904829,0.01903419104688051
2007,SA,3121,410,332,78,0.13136815123357898,0.10637616148670298,0.024991989746876
2008,SA,3755,588,395,193,0.15659121171770973,0.1051930758988016,0.05139813581890812
2009,SA,4663,737,506,231,0.15805275573665023,0.10851383229680463,0.049538923439845596
2010,SA,6164,1138,565,573,0.1846203763789747,0.09166125892277742,0.09295911745619727
2011,SA,8298,1568,714,854,0.18896119546878765,0.08604483007953724,0.10291636538925042
2012,SA,10569,1946,968,978,0.1841233796953354,0.09158860819377425,0.09253477150156117
2013,SA,13031,2305,1304,1001,0.17688588749904074,0.10006906607321003,0.07681682142583071
2014,SA,15778,2629,1493,1136,0.16662441374065154,0.0946254278108759,0.07199898592977563
2015,SA,18262,2952,1859,1093,0.16164713612966816,0.10179607929032965,0.059851056839338515
2016,SA,20504,2984,2226,758,0.14553257900897387,0.10856418259851736,0.036968396410456496
2017,SA,23732,3207,2478,729,0.13513399629192652,0.10441597842575426,0.030718017866172256
2018,SA,27616,3550,2755,795,0.1285486674391657,0.09976100811123986,0.02878765932792584
2019,SA,31656,4038,3011,1027,0.1275587566338135,0.09511624968410412,0.03244250694970938
2020,SA,40264,4856,3491,1365,0.12060401351082853,0.08670276177230281,0.03390125173852573
2021,SA,49239,4741,3687,1054,0.09628546477385812,0.07487966855541339,0.02140579621844473
2022,SA,58579,4644,3651,993,0.0792775568036327,0.06232608955427713,0.016951467249355572
2023,SA,62987,5539,4349,1190,0.08793878101830536,0.06904599361773064,0.01889278740057472
2024,SA,71184,6322,4739,1583,0.08881209260507979,0.06657394920206788,0.022238143403011914
2025,SA,72092,7188,5532,1656,0.09970593130999279,0.07673528269433502,0.02297064861565777
1998,SB,1,0,0,0,0.0,0.0,0.0
1999,SB,4,1,0,1,0.25,0.0,0.25
2000,SB,1,0,1,-1,0.0,1.0,-1.0
2001,SB,3,1,0,1,0.3333333333333333,0.0,0.3333333333333333
2002,SB,2,0,0,0,0.0,0.0,0.0
2004,SB,1,1,0,1,1.0,0.0,1.0
2005,SB,1,0,0,0,0.0,0.0,0.0
2006,SB,3,0,0,0,0.0,0.0,0.0
2007,SB,4,1,3,-2,0.25,0.75,-0.5
2008,SB,2,2,0,2,1.0,0.0,1.0
2009,SB,2,0,0,0,0.0,0.0,0.0
2010,SB,5,1,1,0,0.2,0.2,0.0
2011,SB,9,1,4,-3,0.1111111111111111,0.4444444444444444,-0.3333333333333333
2013,SB,2,0,0,0,0.0,0.0,0.0
2014,SB,7,1,1,0,0.14285714285714285,0.14285714285714285,0.0
2015,SB,18,8,2,6,0.4444444444444444,0.1111111111111111,0.3333333333333333
2016,SB,13,4,3,1,0.3076923076923077,0.23076923076923078,0.07692307692307693
2017,SB,7,2,5,-3,0.2857142857142857,0.7142857142857143,-0.42857142857142855
2018,SB,16,4,3,1,0.25,0.1875,0.0625
2019,SB,24,6,0,6,0.25,0.0,0.25
2020,SB,19,6,2,4,0.3157894736842105,0.10526315789473684,0.21052631578947367
2021,SB,18,5,8,-3,0.2777777777777778,0.4444444444444444,-0.16666666666666666
2022,SB,21,7,1,6,0.3333333333333333,0.047619047619047616,0.2857142857142857
2023,SB,12,4,8,-4,0.3333333333333333,0.6666666666666666,-0.3333333333333333
2024,SB,29,9,6,3,0.3103448275862069,0.20689655172413793,0.10344827586206896
2025,SB,19,5,7,-2,0.2631578947368421,0.3684210526315789,-0.10526315789473684
1998,SC,11,0,0,0,0.0,0.0,0.0
1999,SC,8,2,0,2,0.25,0.0,0.25
2000,SC,22,2,4,-2,0.09090909090909091,0.18181818181818182,-0.09090909090909091
2001,SC,7,0,5,-5,0.0,0.7142857142857143,-0.7142857142857143
2002,SC,27,2,1,1,0.07407407407407407,0.037037037037037035,0.037037037037037035
2003,SC,25,2,1,1,0.08,0.04,0.04
2004,SC,36,4,4,0,0.1111111111111111,0.1111111111111111,0.0
2005,SC,13,4,1,3,0.3076923076923077,0.07692307692307693,0.23076923076923078
2006,SC,44,5,3,2,0.11363636363636363,0.06818181818181818,0.045454545454545456
2007,SC,29,3,6,-3,0.10344827586206896,0.20689655172413793,-0.10344827586206896
2008,SC,24,3,2,1,0.125,0.08333333333333333,0.041666666666666664
2009,SC,32,5,4,1,0.15625,0.125,0.03125
2010,SC,44,4,6,-2,0.09090909090909091,0.13636363636363635,-0.045454545454545456
2011,SC,47,2,4,-2,0.0425531914893617,0.0851063829787234,-0.0425531914893617
2012,SC,43,4,6,-2,0.09302325581395349,0.13953488372093023,-0.046511627906976744
2013,SC,49,10,3,7,0.20408163265306123,0.061224489795918366,0.14285714285714285
2014,SC,52,5,7,-2,0.09615384615384616,0.1346153846153846,-0.038461538461538464
2015,SC,39,11,3,8,0.28205128205128205,0.07692307692307693,0.20512820512820512
2016,SC,43,10,9,1,0.23255813953488372,0.20930232558139536,0.023255813953488372
2017,SC,57,11,11,0,0.19298245614035087,0.19298245614035087,0.0
2018,SC,32,7,6,1,0.21875,0.1875,0.03125
2019,SC,52,15,9,6,0.28846153846153844,0.17307692307692307,0.11538461538461539
2020,SC,81,15,16,-1,0.18518518518518517,0.19753086419753085,-0.012345679012345678
2021,SC,102,25,14,11,0.24509803921568626,0.13725490196078433,0.10784313725490197
2022,SC,102,25,19,6,0.24509803921568626,0.18627450980392157,0.058823529411764705
2023,SC,110,22,23,-1,0.2,0.20909090909090908,-0.00909090909090909
2024,SC,149,39,22,17,0.26174496644295303,0.1476510067114094,0.11409395973154363
2025,SC,192,47,34,13,0.24479166666666666,0.17708333333333334,0.06770833333333333
1998,SD,202,0,0,0,0.0,0.0,0.0
1999,SD,179,12,19,-7,0.0670391061452514,0.10614525139664804,-0.03910614525139665
2000,SD,197,20,28,-8,0.10152284263959391,0.14213197969543148,-0.04060913705583756
2001,SD,183,25,22,3,0.1366120218579235,0.12021857923497267,0.01639344262295082
2002,SD,239,42,42,0,0.17573221757322174,0.17573221757322174,0.0
2003,SD,271,46,42,4,0.16974169741697417,0.15498154981549817,0.014760147601476014
2004,SD,299,46,61,-15,0.15384615384615385,0.2040133779264214,-0.05016722408026756
2005,SD,335,68,41,27,0.20298507462686566,0.12238805970149254,0.08059701492537313
2006,SD,348,50,65,-15,0.14367816091954022,0.1867816091954023,-0.04310344827586207
2007,SD,484,88,71,17,0.18181818181818182,0.14669421487603307,0.03512396694214876
2008,SD,581,126,78,48,0.21686746987951808,0.1342512908777969,0.08261617900172118
2009,SD,769,160,105,55,0.20806241872561768,0.13654096228868662,0.07152145643693109
2010,SD,740,109,132,-23,0.1472972972972973,0.1783783783783784,-0.031081081081081083
2011,SD,927,116,137,-21,0.12513484358144553,0.14778856526429343,-0.022653721682847898
2012,SD,980,119,154,-35,0.12142857142857143,0.15714285714285714,-0.03571428571428571
2013,SD,1410,173,168,5,0.1226950354609929,0.11914893617021277,0.0035460992907801418
2014,SD,1652,207,194,13,0.12530266343825666,0.11743341404358354,0.007869249394673124
2015,SD,1848,268,248,20,0.14502164502164502,0.1341991341991342,0.010822510822510822
2016,SD,2384,297,278,19,0.12458053691275167,0.11661073825503356,0.007969798657718121
2017,SD,2434,297,328,-31,0.12202136400986031,0.13475760065735415,-0.012736236647493838
2018,SD,2712,313,380,-67,0.11541297935103245,0.140117994100295,-0.024705014749262538
2019,SD,3079,383,393,-10,0.1243910360506658,0.1276388437804482,-0.003247807729782397
2020,SD,3653,418,521,-103,0.11442649876813578,0.14262250205310703,-0.028196003284971256
2021,SD,4318,533,540,-7,0.12343677628531728,0.12505789717461788,-0.001621120889300602
2022,SD,4772,512,538,-26,0.10729253981559095,0.11274098910310143,-0.005448449287510477
2023,SD,4531,649,686,-37,0.1432354888545575,0.15140145663209004,-0.008165967777532554
2024,SD,4276,666,832,-166,0.1557530402245089,0.19457436856875585,-0.03882132834424696
2025,SD,4543,1005,931,74,0.2212194585075941,0.2049306625577812,0.0162887959498129
1998,SE,20733,0,0,0,0.0,0.0,0.0
1999,SE,21506,1169,1109,60,0.05435692364921417,0.05156700455686785,0.002789919092346322
2000,SE,21810,1532,1533,-1,0.07024300779458964,0.0702888583218707,-4.585052728106373e-05
2001,SE,22534,1817,1797,20,0.08063370906186207,0.07974616135617289,0.0008875477056891808
2002,SE,25087,2017,2334,-317,0.08040020727867023,0.0930362339060071,-0.012636026627336868
2003,SE,25909,2232,2370,-138,0.08614767069358138,0.09147400517194797,-0.0053263344783665905
2004,SE,26621,2490,2465,25,0.09353517899402727,0.09259607077119568,0.0009391082228315991
2005,SE,28495,2567,2789,-222,0.09008597999649061,0.09787682049482366,-0.007790840498333041
2006,SE,29807,2757,3033,-276,0.09249505149797027,0.10175462139765827,-0.009259569899687993
2007,SE,29536,2842,3226,-384,0.09622156013001083,0.10922264355362947,-0.013001083423618635
2008,SE,32394,3319,3445,-126,0.10245724516885843,0.1063468543557449,-0.0038896091868864603
2009,SE,33717,3573,3557,16,0.10597028205356349,0.10549574398671294,0.00047453806685055015
2010,SE,34146,3684,3624,60,0.10788965032507468,0.10613248989632754,0.0017571604287471446
2011,SE,36312,3871,3660,211,0.1066038775060586,0.10079312623925975,0.005810751266798854
2012,SE,38917,4189,3755,434,0.10763933499498933,0.09648739625356528,0.011151938741424056
2013,SE,40665,4409,3983,426,0.10842247633099718,0.09794663715726054,0.010475839173736628
2014,SE,43480,5118,4300,818,0.11770929162833486,0.09889604415823366,0.018813247470101196
2015,SE,44926,5262,4599,663,0.11712594043538263,0.10236833904643192,0.01475760138895072
2016,SE,46223,5585,4912,673,0.12082729377149903,0.1062674426151483,0.014559851156350735
2017,SE,46762,5305,5162,143,0.1134468157905992,0.11038877721226636,0.003058038578332834
2018,SE,48332,5506,5085,421,0.1139203840105934,0.10520979889100389,0.008710585119589507
2019,SE,49595,5698,5178,520,0.11489061397318279,0.1044056860570622,0.010484927916120577
2020,SE,51566,5976,5298,678,0.11589031532405072,0.10274211689873172,0.013148198425319009
2021,SE,53803,5999,5337,662,0.1114993587718157,0.09919521216289054,0.012304146608925154
2022,SE,54566,5649,5324,325,0.10352600520470623,0.09756991533189166,0.005956089872814574
2023,SE,55016,6229,5974,255,0.11322160825941545,0.10858659299112985,0.00463501526828559
2024,SE,56408,6303,6164,139,0.11173946957878315,0.10927528010211318,0.002464189476669976
2025,SE,59171,6774,6769,5,0.11448175626573828,0.11439725541227966,8.450085345861993e-05
1998,SG,4570,0,0,0,0.0,0.0,0.0
1999,SG,5585,424,316,108,0.07591763652641002,0.05658012533572068,0.019337511190689348
2000,SG,6420,670,544,126,0.1043613707165109,0.08473520249221184,0.019626168224299065
2001,SG,6997,827,741,86,0.11819351150493068,0.10590252965556667,0.012290981849364013
2002,SG,10562,1193,1077,116,0.11295209240674114,0.10196932399166825,0.010982768415072904
2003,SG,10331,1457,1308,149,0.14103184590068726,0.12660923434323879,0.014422611557448456
2004,SG,11563,1538,1545,-7,0.13301046441234973,0.133615843639194,-0.0006053792268442445
2005,SG,12503,1659,1939,-280,0.13268815484283772,0.15508278013276813,-0.022394625289930418
2006,SG,12761,1807,2205,-398,0.14160332262361883,0.1727921009325288,-0.03118877830890996
2007,SG,12709,1965,2369,-404,0.15461483987725233,0.1864033362184279,-0.031788496341175546
2008,SG,13882,2345,2447,-102,0.16892378619795417,0.17627143062959227,-0.007347644431638093
2009,SG,14773,2611,2574,37,0.17674135246733907,0.1742367833209233,0.0025045691464157583
2010,SG,16106,2724,2788,-64,0.1691295169502049,0.17310319135725816,-0.003973674407053272
2011,SG,17428,3089,3140,-51,0.1772435161808584,0.18016984163415195,-0.0029263254532935507
2012,SG,18589,3421,3217,204,0.1840335682392813,0.17305933616655012,0.010974232072731184
2013,SG,19819,3611,3532,79,0.18219890004541098,0.17821282607598768,0.003986073969423281
2014,SG,20814,3738,3735,3,0.17959066013260305,0.17944652637647737,0.00014413375612568464
2015,SG,21929,3881,3934,-53,0.1769802544575676,0.17939714533266451,-0.0024168908750969035
2016,SG,22990,4097,3966,131,0.17820791648542844,0.17250978686385385,0.005698129621574598
2017,SG,23385,4106,4219,-113,0.17558263844344665,0.18041479580927947,-0.004832157365832799
2018,SG,24337,4024,4491,-467,0.165344948021531,0.1845338373669721,-0.019188889345441097
2019,SG,24668,4023,4665,-642,0.16308577914707312,0.1891113993838171,-0.02602562023674396
2020,SG,27618,4282,4779,-497,0.1550438120066623,0.17303932218118617,-0.01799551017452386
2021,SG,28105,4101,4814,-713,0.14591709660202812,0.17128624799857678,-0.025369151396548658
2022,SG,27634,3614,4531,-917,0.13078092205254396,0.16396468118983862,-0.033183759137294634
2023,SG,28988,4822,5321,-499,0.16634469435628535,0.18355871395060025,-0.01721401959431489
2024,SG,29514,5287,6308,-1021,0.17913532560818596,0.21372907772582503,-0.034593752117639084
2025,SG,31193,6340,6733,-393,0.20325072933029847,0.21584970987080435,-0.012598980540505882
1998,SI,1906,0,0,0,0.0,0.0,0.0
1999,SI,2039,91,107,-16,0.04462972045120157,0.05247670426679745,-0.00784698381559588
2000,SI,2402,152,151,1,0.06328059950041633,0.06286427976686094,0.00041631973355537054
2001,SI,2550,196,187,9,0.07686274509803921,0.07333333333333333,0.0035294117647058825
2002,SI,3183,196,247,-51,0.06157712849513038,0.07759974866478166,-0.016022620169651274
2003,SI,3470,266,236,30,0.07665706051873199,0.06801152737752161,0.008645533141210375
2004,SI,3742,292,266,26,0.07803313735970069,0.07108498129342597,0.00694815606627472
2005,SI,3976,372,321,51,0.09356136820925554,0.08073440643863179,0.012826961770623743
2006,SI,4228,386,355,31,0.0912961210974456,0.08396404919583728,0.007332071901608325
2007,SI,4673,457,462,-5,0.09779584849133319,0.09886582495185106,-0.0010699764605178687
2008,SI,5006,457,503,-46,0.0912904514582501,0.10047942469037155,-0.009188973232121454
2009,SI,5368,501,512,-11,0.09333084947839046,0.09538002980625931,-0.0020491803278688526
2010,SI,5496,514,574,-60,0.09352256186317322,0.1044395924308588,-0.010917030567685589
2011,SI,6185,598,576,22,0.09668552950687147,0.0931285367825384,0.0035569927243330637
2012,SI,6450,515,691,-176,0.07984496124031008,0.10713178294573643,-0.027286821705426356
2013,SI,7011,653,703,-50,0.09313935244615604,0.1002710027100271,-0.007131650263871059
2014,SI,7481,740,768,-28,0.09891725705119636,0.10266007218286326,-0.0037428151316668897
2015,SI,7943,796,788,8,0.10021402492760921,0.09920684879768349,0.0010071761299257208
2016,SI,8009,809,904,-95,0.10101136221750531,0.11287301785491322,-0.011861655637407917
2017,SI,8066,831,944,-113,0.10302504339201587,0.11703446565831888,-0.014009422266303001
2018,SI,8602,919,945,-26,0.10683561962334341,0.10985817251801906,-0.003022552894675657
2019,SI,8641,902,989,-87,0.10438606642749682,0.11445434556185627,-0.010068279134359448
2020,SI,9655,989,1071,-82,0.10243397203521491,0.11092698083894355,-0.008493008803728637
2021,SI,10563,1019,1098,-79,0.0964688062103569,0.10394774211871627,-0.007478935908359368
2022,SI,10503,938,1042,-104,0.08930781681424355,0.09920974959535371,-0.00990193278111016
2023,SI,10700,1153,1103,50,0.1077570093457944,0.10308411214953271,0.004672897196261682
2024,SI,11499,1192,1066,126,0.10366118792938517,0.09270371336637968,0.010957474563005479
2025,SI,12983,1696,1187,509,0.1306323654009089,0.09142725102056536,0.03920511438034353
1998,SJ,4,0,0,0,0.0,0.0,0.0
1999,SJ,11,4,0,4,0.36363636363636365,0.0,0.36363636363636365
2000,SJ,3,3,5,-2,1.0,1.6666666666666667,-0.6666666666666666
2001,SJ,1,0,2,-2,0.0,2.0,-2.0
2002,SJ,9,3,2,1,0.3333333333333333,0.2222222222222222,0.1111111111111111
2003,SJ,5,4,4,0,0.8,0.8,0.0
2004,SJ,10,4,3,1,0.4,0.3,0.1
2005,SJ,10,4,4,0,0.4,0.4,0.0
2006,SJ,8,5,6,-1,0.625,0.75,-0.125
2007,SJ,10,5,6,-1,0.5,0.6,-0.1
2008,SJ,11,8,3,5,0.7272727272727273,0.2727272727272727,0.45454545454545453
2009,SJ,13,9,9,0,0.6923076923076923,0.6923076923076923,0.0
2010,SJ,14,5,7,-2,0.35714285714285715,0.5,-0.14285714285714285
2011,SJ,17,8,9,-1,0.47058823529411764,0.5294117647058824,-0.058823529411764705
2012,SJ,31,14,4,10,0.45161290322580644,0.12903225806451613,0.3225806451612903
2013,SJ,23,7,15,-8,0.30434782608695654,0.6521739130434783,-0.34782608695652173
2014,SJ,26,10,11,-1,0.38461538461538464,0.4230769230769231,-0.038461538461538464
2015,SJ,22,13,14,-1,0.5909090909090909,0.6363636363636364,-0.045454545454545456
2016,SJ,20,9,14,-5,0.45,0.7,-0.25
2017,SJ,25,10,11,-1,0.4,0.44,-0.04
2018,SJ,32,9,6,3,0.28125,0.1875,0.09375
2019,SJ,27,5,8,-3,0.18518518518518517,0.2962962962962963,-0.1111111111111111
2020,SJ,29,11,15,-4,0.3793103448275862,0.5172413793103449,-0.13793103448275862
2021,SJ,29,11,9,2,0.3793103448275862,0.3103448275862069,0.06896551724137931
2022,SJ,30,12,12,0,0.4,0.4,0.0
2023,SJ,44,21,20,1,0.4772727272727273,0.45454545454545453,0.022727272727272728
2024,SJ,61,23,17,6,0.3770491803278688,0.2786885245901639,0.09836065573770492
2025,SJ,67,23,11,12,0.34328358208955223,0.16417910447761194,0.1791044776119403
1998,SK,2838,0,0,0,0.0,0.0,0.0
1999,SK,2990,312,309,3,0.10434782608695652,0.10334448160535117,0.001003344481605351
2000,SK,3270,451,445,6,0.13792048929663608,0.13608562691131498,0.001834862385321101
2001,SK,3336,492,551,-59,0.1474820143884892,0.16516786570743405,-0.017685851318944845
2002,SK,3512,532,666,-134,0.15148063781321183,0.1896355353075171,-0.038154897494305236
2003,SK,3578,524,688,-164,0.14645053102291783,0.19228619340413639,-0.045835662381218556
2004,SK,3928,607,681,-74,0.1545315682281059,0.17337067209775966,-0.01883910386965377
2005,SK,4169,666,798,-132,0.15975053969776926,0.19141280882705686,-0.0316622691292876
2006,SK,4765,735,754,-19,0.15424973767051417,0.15823714585519413,-0.003987408184679958
2007,SK,5083,750,907,-157,0.14755065905961046,0.17843793035608893,-0.030887271296478457
2008,SK,5861,890,945,-55,0.1518512199283399,0.16123528408121482,-0.009384064152874936
2009,SK,6243,961,945,16,0.15393240429280794,0.1513695338779433,0.0025628704148646484
2010,SK,6808,970,976,-6,0.14247943595769683,0.14336075205640422,-0.0008813160987074031
2011,SK,7469,875,1109,-234,0.11715089034676664,0.14848038559378765,-0.03132949524702102
2012,SK,8569,965,1072,-107,0.11261524098494574,0.12510211226514178,-0.012486871280196056
2013,SK,9662,1079,1142,-63,0.11167460153177396,0.11819499068515835,-0.0065203891533843926
2014,SK,11071,1189,1193,-4,0.10739770571764068,0.10775901002619456,-0.0003613043085538795
2015,SK,11044,1191,1304,-113,0.10784136182542557,0.1180731618978631,-0.010231800072437522
2016,SK,11726,1266,1329,-63,0.10796520552618113,0.11333788163056456,-0.005372676104383422
2017,SK,11926,1258,1440,-182,0.10548381687070267,0.12074459164849907,-0.015260774777796412
2018,SK,12206,1347,1410,-63,0.11035556283794855,0.11551695887268557,-0.005161396034737015
2019,SK,13048,1524,1551,-27,0.11679950950337216,0.11886879215205395,-0.00206928264868179
2020,SK,13465,1416,1655,-239,0.10516152989231341,0.12291125139249907,-0.017749721500185667
2021,SK,13908,1375,1604,-229,0.09886396318665516,0.11532930687374174,-0.01646534368708657
2022,SK,13853,1271,1350,-79,0.09174907962174259,0.09745181549122933,-0.005702735869486754
2023,SK,13906,1519,1449,70,0.10923342442111318,0.10419962606069323,0.005033798360419963
2024,SK,13917,1692,1409,283,0.12157792627721492,0.10124308399798808,0.020334842279226845
2025,SK,15491,2437,1747,690,0.1573171518946485,0.11277515977018915,0.04454199212445936
1998,SL,12,0,0,0,0.0,0.0,0.0
1999,SL,14,1,1,0,0.07142857142857142,0.07142857142857142,0.0
2000,SL,24,0,2,-2,0.0,0.08333333333333333,-0.08333333333333333
2001,SL,27,0,3,-3,0.0,0.1111111111111111,-0.1111111111111111
2002,SL,18,1,1,0,0.05555555555555555,0.05555555555555555,0.0
2003,SL,32,7,4,3,0.21875,0.125,0.09375
2004,SL,28,3,5,-2,0.10714285714285714,0.17857142857142858,-0.07142857142857142
2005,SL,27,3,6,-3,0.1111111111111111,0.2222222222222222,-0.1111111111111111
2006,SL,29,4,4,0,0.13793103448275862,0.13793103448275862,0.0
2007,SL,26,5,7,-2,0.19230769230769232,0.2692307692307692,-0.07692307692307693
2008,SL,36,8,6,2,0.2222222222222222,0.16666666666666666,0.05555555555555555
2009,SL,37,5,8,-3,0.13513513513513514,0.21621621621621623,-0.08108108108108109
2010,SL,75,13,7,6,0.17333333333333334,0.09333333333333334,0.08
2011,SL,71,8,11,-3,0.11267605633802817,0.15492957746478872,-0.04225352112676056
2012,SL,83,12,5,7,0.14457831325301204,0.060240963855421686,0.08433734939759036
2013,SL,87,13,11,2,0.14942528735632185,0.12643678160919541,0.022988505747126436
2014,SL,109,13,13,0,0.11926605504587157,0.11926605504587157,0.0
2015,SL,204,39,17,22,0.19117647058823528,0.08333333333333333,0.10784313725490197
2016,SL,272,52,20,32,0.19117647058823528,0.07352941176470588,0.11764705882352941
2017,SL,322,50,36,14,0.15527950310559005,0.11180124223602485,0.043478260869565216
2018,SL,256,35,35,0,0.13671875,0.13671875,0.0
2019,SL,250,46,34,12,0.184,0.136,0.048
2020,SL,418,82,55,27,0.19617224880382775,0.13157894736842105,0.0645933014354067
2021,SL,571,95,55,40,0.16637478108581435,0.09632224168126094,0.07005253940455342
2022,SL,602,77,60,17,0.12790697674418605,0.09966777408637874,0.02823920265780731
2023,SL,627,87,88,-1,0.13875598086124402,0.14035087719298245,-0.001594896331738437
2024,SL,671,85,108,-23,0.12667660208643816,0.16095380029806258,-0.03427719821162444
2025,SL,724,118,118,0,0.16298342541436464,0.16298342541436464,0.0
1998,SM,15,0,0,0,0.0,0.0,0.0
1999,SM,7,1,1,0,0.14285714285714285,0.14285714285714285,0.0
2000,SM,9,0,5,-5,0.0,0.5555555555555556,-0.5555555555555556
2001,SM,5,1,1,0,0.2,0.2,0.0
2002,SM,6,1,5,-4,0.16666666666666666,0.8333333333333334,-0.6666666666666666
2003,SM,3,0,2,-2,0.0,0.6666666666666666,-0.6666666666666666
2004,SM,5,2,1,1,0.4,0.2,0.2
2005,SM,11,4,2,2,0.36363636363636365,0.18181818181818182,0.18181818181818182
2006,SM,12,8,4,4,0.6666666666666666,0.3333333333333333,0.3333333333333333
2007,SM,15,8,4,4,0.5333333333333333,0.26666666666666666,0.26666666666666666
2008,SM,18,7,8,-1,0.3888888888888889,0.4444444444444444,-0.05555555555555555
2009,SM,17,6,8,-2,0.35294117647058826,0.47058823529411764,-0.11764705882352941
2010,SM,21,4,4,0,0.19047619047619047,0.19047619047619047,0.0
2011,SM,33,16,10,6,0.48484848484848486,0.30303030303030304,0.18181818181818182
2012,SM,32,11,12,-1,0.34375,0.375,-0.03125
2013,SM,31,8,10,-2,0.25806451612903225,0.3225806451612903,-0.06451612903225806
2014,SM,26,8,7,1,0.3076923076923077,0.2692307692307692,0.038461538461538464
2015,SM,45,18,10,8,0.4,0.2222222222222222,0.17777777777777778
2016,SM,40,15,9,6,0.375,0.225,0.15
2017,SM,42,20,20,0,0.47619047619047616,0.47619047619047616,0.0
2018,SM,44,15,21,-6,0.3409090909090909,0.4772727272727273,-0.13636363636363635
2019,SM,59,24,12,12,0.4067796610169492,0.2033898305084746,0.2033898305084746
2020,SM,61,22,18,4,0.36065573770491804,0.29508196721311475,0.06557377049180328
2021,SM,72,19,18,1,0.2638888888888889,0.25,0.013888888888888888
2022,SM,48,16,18,-2,0.3333333333333333,0.375,-0.041666666666666664
2023,SM,57,12,21,-9,0.21052631578947367,0.3684210526315789,-0.15789473684210525
2024,SM,53,10,13,-3,0.18867924528301888,0.24528301886792453,-0.05660377358490566
2025,SM,91,33,10,23,0.3626373626373626,0.10989010989010989,0.25274725274725274
1998,SN,242,0,0,0,0.0,0.0,0.0
1999,SN,316,27,15,12,0.08544303797468354,0.04746835443037975,0.0379746835443038
2000,SN,515,36,36,0,0.06990291262135923,0.06990291262135923,0.0
2001,SN,506,39,34,5,0.07707509881422925,0.06719367588932806,0.009881422924901186
2002,SN,549,46,53,-7,0.08378870673952642,0.0965391621129326,-0.012750455373406194
2003,SN,641,66,67,-1,0.1029641185647426,0.10452418096723869,-0.0015600624024961
2004,SN,708,78,86,-8,0.11016949152542373,0.12146892655367232,-0.011299435028248588
2005,SN,720,86,85,1,0.11944444444444445,0.11805555555555555,0.001388888888888889
2006,SN,695,94,109,-15,0.13525179856115108,0.15683453237410072,-0.02158273381294964
2007,SN,865,119,107,12,0.1375722543352601,0.12369942196531791,0.013872832369942197
2008,SN,832,96,138,-42,0.11538461538461539,0.1658653846153846,-0.05048076923076923
2009,SN,861,130,139,-9,0.15098722415795587,0.16144018583042974,-0.010452961672473868
2010,SN,1081,160,129,31,0.14801110083256244,0.11933395004625347,0.028677150786308975
2011,SN,1222,151,153,-2,0.12356792144026187,0.12520458265139117,-0.0016366612111292963
2012,SN,1330,160,173,-13,0.12030075187969924,0.13007518796992482,-0.009774436090225564
2013,SN,1684,213,180,33,0.12648456057007126,0.10688836104513064,0.019596199524940617
2014,SN,1908,236,168,68,0.12368972746331237,0.0880503144654088,0.03563941299790356
2015,SN,1920,218,242,-24,0.11354166666666667,0.12604166666666666,-0.0125
2016,SN,2126,247,228,19,0.11618062088428975,0.10724365004703669,0.008936970837253057
2017,SN,2489,286,231,55,0.11490558457211732,0.09280835676978706,0.02209722780233025
2018,SN,2541,269,256,13,0.1058638331365604,0.10074773711137347,0.005116096025186935
2019,SN,2825,276,286,-10,0.09769911504424779,0.10123893805309735,-0.0035398230088495575
2020,SN,3352,354,333,21,0.10560859188544153,0.09934367541766109,0.0062649164677804296
2021,SN,3520,372,375,-3,0.10568181818181818,0.10653409090909091,-0.0008522727272727272
2022,SN,3854,328,300,28,0.0851063829787234,0.07784120394395433,0.007265179034769071
2023,SN,4086,354,390,-36,0.08663729809104258,0.09544787077826726,-0.00881057268722467
2024,SN,3685,362,373,-11,0.09823609226594301,0.10122116689280869,-0.0029850746268656717
2025,SN,3790,450,475,-25,0.11873350923482849,0.12532981530343007,-0.006596306068601583
1998,SO,11,0,0,0,0.0,0.0,0.0
1999,SO,15,2,4,-2,0.13333333333333333,0.26666666666666666,-0.13333333333333333
2000,SO,24,7,4,3,0.2916666666666667,0.16666666666666666,0.125
2001,SO,13,0,4,-4,0.0,0.3076923076923077,-0.3076923076923077
2002,SO,24,3,4,-1,0.125,0.16666666666666666,-0.041666666666666664
2003,SO,22,3,8,-5,0.13636363636363635,0.36363636363636365,-0.22727272727272727
2004,SO,27,7,4,3,0.25925925925925924,0.14814814814814814,0.1111111111111111
2005,SO,19,8,6,2,0.42105263157894735,0.3157894736842105,0.10526315789473684
2006,SO,35,8,8,0,0.22857142857142856,0.22857142857142856,0.0
2007,SO,41,15,8,7,0.36585365853658536,0.1951219512195122,0.17073170731707318
2008,SO,55,14,16,-2,0.2545454545454545,0.2909090909090909,-0.03636363636363636
2009,SO,88,26,19,7,0.29545454545454547,0.2159090909090909,0.07954545454545454
2010,SO,70,34,20,14,0.4857142857142857,0.2857142857142857,0.2
2011,SO,70,31,28,3,0.44285714285714284,0.4,0.04285714285714286
2012,SO,112,33,44,-11,0.29464285714285715,0.39285714285714285,-0.09821428571428571
2013,SO,117,48,39,9,0.41025641025641024,0.3333333333333333,0.07692307692307693
2014,SO,128,33,41,-8,0.2578125,0.3203125,-0.0625
2015,SO,118,39,50,-11,0.3305084745762712,0.423728813559322,-0.09322033898305085
2016,SO,166,51,39,12,0.3072289156626506,0.23493975903614459,0.07228915662650602
2017,SO,189,57,43,14,0.30158730158730157,0.2275132275132275,0.07407407407407407
2018,SO,235,84,50,34,0.3574468085106383,0.2127659574468085,0.14468085106382977
2019,SO,212,73,83,-10,0.3443396226415094,0.3915094339622642,-0.04716981132075472
2020,SO,332,101,85,16,0.3042168674698795,0.2560240963855422,0.04819277108433735
2021,SO,458,154,100,54,0.33624454148471616,0.2183406113537118,0.11790393013100436
2022,SO,783,217,146,71,0.2771392081736909,0.18646232439335889,0.09067688378033206
2023,SO,905,219,205,14,0.2419889502762431,0.2265193370165746,0.015469613259668509
2024,SO,1148,303,211,92,0.26393728222996515,0.1837979094076655,0.08013937282229965
2025,SO,1395,317,291,26,0.22724014336917564,0.2086021505376344,0.01863799283154122
1998,SR,9,0,0,0,0.0,0.0,0.0
1999,SR,9,1,3,-2,0.1111111111111111,0.3333333333333333,-0.2222222222222222
2000,SR,9,0,3,-3,0.0,0.3333333333333333,-0.3333333333333333
2001,SR,13,3,2,1,0.23076923076923078,0.15384615384615385,0.07692307692307693
2002,SR,8,1,1,0,0.125,0.125,0.0
2003,SR,21,2,0,2,0.09523809523809523,0.0,0.09523809523809523
2004,SR,40,6,2,4,0.15,0.05,0.1
2005,SR,8,1,1,0,0.125,0.125,0.0
2006,SR,19,2,1,1,0.10526315789473684,0.05263157894736842,0.05263157894736842
2007,SR,22,3,3,0,0.13636363636363635,0.13636363636363635,0.0
2008,SR,35,4,5,-1,0.11428571428571428,0.14285714285714285,-0.02857142857142857
2009,SR,20,4,4,0,0.2,0.2,0.0
2010,SR,13,4,6,-2,0.3076923076923077,0.46153846153846156,-0.15384615384615385
2011,SR,22,3,1,2,0.13636363636363635,0.045454545454545456,0.09090909090909091
2012,SR,28,5,3,2,0.17857142857142858,0.10714285714285714,0.07142857142857142
2013,SR,38,3,5,-2,0.07894736842105263,0.13157894736842105,-0.05263157894736842
2014,SR,38,3,5,-2,0.07894736842105263,0.13157894736842105,-0.05263157894736842
2015,SR,75,15,2,13,0.2,0.02666666666666667,0.17333333333333334
2016,SR,84,12,8,4,0.14285714285714285,0.09523809523809523,0.047619047619047616
2017,SR,94,15,6,9,0.1595744680851064,0.06382978723404255,0.09574468085106383
2018,SR,108,13,12,1,0.12037037037037036,0.1111111111111111,0.009259259259259259
2019,SR,122,14,7,7,0.11475409836065574,0.05737704918032787,0.05737704918032787
2020,SR,118,10,12,-2,0.0847457627118644,0.1016949152542373,-0.01694915254237288
2021,SR,155,18,9,9,0.11612903225806452,0.05806451612903226,0.05806451612903226
2022,SR,128,10,17,-7,0.078125,0.1328125,-0.0546875
2023,SR,181,22,5,17,0.12154696132596685,0.027624309392265192,0.09392265193370165
2024,SR,140,10,29,-19,0.07142857142857142,0.20714285714285716,-0.1357142857142857
2025,SR,163,16,12,4,0.09815950920245399,0.0736196319018405,0.024539877300613498
1998,SS,208,0,0,0,0.0,0.0,0.0
1999,SS,229,67,71,-4,0.2925764192139738,0.31004366812227074,-0.017467248908296942
2000,SS,225,70,87,-17,0.3111111111111111,0.38666666666666666,-0.07555555555555556
2001,SS,245,111,105,6,0.4530612244897959,0.42857142857142855,0.024489795918367346
2002,SS,247,120,125,-5,0.48582995951417,0.5060728744939271,-0.020242914979757085
2003,SS,261,129,134,-5,0.4942528735632184,0.5134099616858238,-0.019157088122605363
2004,SS,191,104,135,-31,0.5445026178010471,0.7068062827225131,-0.16230366492146597
2005,SS,293,152,125,27,0.5187713310580204,0.42662116040955633,0.09215017064846416
2006,SS,323,152,164,-12,0.47058823529411764,0.5077399380804953,-0.03715170278637771
2007,SS,375,205,185,20,0.5466666666666666,0.49333333333333335,0.05333333333333334
2008,SS,331,167,229,-62,0.5045317220543807,0.6918429003021148,-0.18731117824773413
2009,SS,391,207,196,11,0.5294117647058824,0.5012787723785166,0.028132992327365727
2010,SS,382,203,246,-43,0.5314136125654451,0.643979057591623,-0.112565445026178
2011,SS,415,210,248,-38,0.5060240963855421,0.5975903614457831,-0.09156626506024096
2012,SS,435,216,218,-2,0.496551724137931,0.5011494252873563,-0.004597701149425287
2013,SS,527,272,239,33,0.5161290322580645,0.45351043643263755,0.06261859582542695
2014,SS,567,319,300,19,0.562610229276896,0.5291005291005291,0.03350970017636684
2015,SS,626,374,339,35,0.597444089456869,0.5415335463258786,0.05591054313099041
2016,SS,598,340,361,-21,0.568561872909699,0.6036789297658863,-0.03511705685618729
2017,SS,560,285,369,-84,0.5089285714285714,0.6589285714285714,-0.15
2018,SS,633,340,356,-16,0.5371248025276462,0.5624012638230648,-0.02527646129541864
2019,SS,926,449,353,96,0.48488120950323976,0.38120950323974084,0.10367170626349892
2020,SS,1103,550,497,53,0.4986400725294651,0.45058930190389845,0.04805077062556664
2021,SS,1124,523,557,-34,0.4653024911032028,0.49555160142348753,-0.030249110320284697
2022,SS,1617,628,546,82,0.3883735312306741,0.33766233766233766,0.05071119356833643
2023,SS,1497,722,753,-31,0.48229792919171677,0.503006012024048,-0.020708082832331328
2024,SS,1476,659,802,-143,0.4464769647696477,0.5433604336043361,-0.09688346883468835
2025,SS,1017,508,722,-214,0.4995083579154376,0.7099311701081613,-0.21042281219272368
1998,ST,24,0,0,0,0.0,0.0,0.0
1999,ST,36,6,2,4,0.16666666666666666,0.05555555555555555,0.1111111111111111
2000,ST,53,14,11,3,0.2641509433962264,0.20754716981132076,0.05660377358490566
2001,ST,46,6,5,1,0.13043478260869565,0.10869565217391304,0.021739130434782608
2002,ST,49,8,14,-6,0.16326530612244897,0.2857142857142857,-0.12244897959183673
2003,ST,62,11,18,-7,0.1774193548387097,0.2903225806451613,-0.11290322580645161
2004,ST,108,36,18,18,0.3333333333333333,0.16666666666666666,0.16666666666666666
2005,ST,154,65,28,37,0.42207792207792205,0.18181818181818182,0.24025974025974026
2006,ST,116,32,40,-8,0.27586206896551724,0.3448275862068966,-0.06896551724137931
2007,ST,108,32,46,-14,0.2962962962962963,0.42592592592592593,-0.12962962962962962
2008,ST,140,52,45,7,0.37142857142857144,0.32142857142857145,0.05
2009,ST,159,57,45,12,0.3584905660377358,0.2830188679245283,0.07547169811320754
2010,ST,146,38,70,-32,0.2602739726027397,0.4794520547945205,-0.2191780821917808
2011,ST,167,61,70,-9,0.3652694610778443,0.41916167664670656,-0.05389221556886228
2012,ST,172,62,78,-16,0.36046511627906974,0.45348837209302323,-0.09302325581395349
2013,ST,147,49,59,-10,0.3333333333333333,0.4013605442176871,-0.06802721088435375
2014,ST,185,43,80,-37,0.23243243243243245,0.43243243243243246,-0.2
2015,ST,200,81,65,16,0.405,0.325,0.08
2016,ST,328,125,79,46,0.38109756097560976,0.24085365853658536,0.1402439024390244
2017,ST,220,70,94,-24,0.3181818181818182,0.42727272727272725,-0.10909090909090909
2018,ST,212,68,119,-51,0.32075471698113206,0.5613207547169812,-0.24056603773584906
2019,ST,219,91,124,-33,0.4155251141552511,0.5662100456621004,-0.1506849315068493
2020,ST,324,103,138,-35,0.31790123456790126,0.42592592592592593,-0.10802469135802469
2021,ST,388,110,127,-17,0.28350515463917525,0.327319587628866,-0.04381443298969072
2022,ST,722,216,136,80,0.29916897506925205,0.1883656509695291,0.11080332409972299
2023,ST,746,208,184,24,0.27882037533512066,0.24664879356568364,0.032171581769437
2024,ST,608,195,194,1,0.3207236842105263,0.3190789473684211,0.001644736842105263
2025,ST,288,129,197,-68,0.4479166666666667,0.6840277777777778,-0.2361111111111111
1998,SV,78,0,0,0,0.0,0.0,0.0
1999,SV,64,3,3,0,0.046875,0.046875,0.0
2000,SV,90,4,7,-3,0.044444444444444446,0.07777777777777778,-0.03333333333333333
2001,SV,104,18,5,13,0.17307692307692307,0.04807692307692308,0.125
2002,SV,124,14,15,-1,0.11290322580645161,0.12096774193548387,-0.008064516129032258
2003,SV,120,13,15,-2,0.10833333333333334,0.125,-0.016666666666666666
2004,SV,140,18,24,-6,0.12857142857142856,0.17142857142857143,-0.04285714285714286
2005,SV,143,23,28,-5,0.16083916083916083,0.1958041958041958,-0.03496503496503497
2006,SV,183,35,21,14,0.1912568306010929,0.11475409836065574,0.07650273224043716
2007,SV,147,39,24,15,0.2653061224489796,0.16326530612244897,0.10204081632653061
2008,SV,164,40,48,-8,0.24390243902439024,0.2926829268292683,-0.04878048780487805
2009,SV,243,59,41,18,0.24279835390946503,0.16872427983539096,0.07407407407407407
2010,SV,272,57,52,5,0.20955882352941177,0.19117647058823528,0.01838235294117647
2011,SV,251,65,68,-3,0.2589641434262948,0.27091633466135456,-0.01195219123505976
2012,SV,305,68,79,-11,0.22295081967213115,0.25901639344262295,-0.036065573770491806
2013,SV,343,72,72,0,0.2099125364431487,0.2099125364431487,0.0
2014,SV,289,57,83,-26,0.1972318339100346,0.28719723183391005,-0.08996539792387544
2015,SV,411,96,86,10,0.23357664233576642,0.20924574209245742,0.024330900243309004
2016,SV,566,129,107,22,0.22791519434628976,0.18904593639575973,0.038869257950530034
2017,SV,747,160,120,40,0.214190093708166,0.1606425702811245,0.0535475234270415
2018,SV,670,174,135,39,0.25970149253731345,0.20149253731343283,0.058208955223880594
2019,SV,664,129,159,-30,0.19427710843373494,0.2394578313253012,-0.045180722891566265
2020,SV,901,162,145,17,0.17980022197558268,0.1609322974472808,0.018867924528301886
2021,SV,869,172,177,-5,0.19792865362485615,0.20368239355581128,-0.005753739930955121
2022,SV,1061,195,160,35,0.18378887841658811,0.15080113100848255,0.03298774740810556
2023,SV,1019,207,195,12,0.20314033366045142,0.19136408243375858,0.011776251226692836
2024,SV,1158,244,189,55,0.21070811744386875,0.16321243523316062,0.047495682210708115
2025,SV,1331,277,235,42,0.20811419984973703,0.17655897821187078,0.03155522163786627
1998,SX,1,0,0,0,0.0,0.0,0.0
1999,SX,1,0,0,0,0.0,0.0,0.0
2000,SX,2,1,0,1,0.5,0.0,0.5
2001,SX,1,0,0,0,0.0,0.0,0.0
2002,SX,1,1,0,1,1.0,0.0,1.0
2003,SX,4,0,2,-2,0.0,0.5,-0.5
2004,SX,3,1,0,1,0.3333333333333333,0.0,0.3333333333333333
2005,SX,23,2,2,0,0.08695652173913043,0.08695652173913043,0.0
2006,SX,23,5,5,0,0.21739130434782608,0.21739130434782608,0.0
2007,SX,11,2,4,-2,0.18181818181818182,0.36363636363636365,-0.18181818181818182
2008,SX,5,3,3,0,0.6,0.6,0.0
2009,SX,7,2,4,-2,0.2857142857142857,0.5714285714285714,-0.2857142857142857
2010,SX,3,0,4,-4,0.0,1.3333333333333333,-1.3333333333333333
2011,SX,5,2,3,-1,0.4,0.6,-0.2
2012,SX,6,4,3,1,0.6666666666666666,0.5,0.16666666666666666
2013,SX,7,2,6,-4,0.2857142857142857,0.8571428571428571,-0.5714285714285714
2014,SX,18,6,7,-1,0.3333333333333333,0.3888888888888889,-0.05555555555555555
2015,SX,16,9,3,6,0.5625,0.1875,0.375
2016,SX,15,5,7,-2,0.3333333333333333,0.4666666666666667,-0.13333333333333333
2017,SX,19,5,5,0,0.2631578947368421,0.2631578947368421,0.0
2018,SX,23,9,6,3,0.391304347826087,0.2608695652173913,0.13043478260869565
2019,SX,21,8,11,-3,0.38095238095238093,0.5238095238095238,-0.14285714285714285
2020,SX,38,12,8,4,0.3157894736842105,0.21052631578947367,0.10526315789473684
2021,SX,67,24,13,11,0.3582089552238806,0.19402985074626866,0.16417910447761194
2022,SX,81,21,22,-1,0.25925925925925924,0.2716049382716049,-0.012345679012345678
2023,SX,108,18,18,0,0.16666666666666666,0.16666666666666666,0.0
2024,SX,77,16,19,-3,0.2077922077922078,0.24675324675324675,-0.03896103896103896
2025,SX,101,34,23,11,0.33663366336633666,0.22772277227722773,0.10891089108910891
1998,SY,138,0,0,0,0.0,0.0,0.0
1999,SY,160,6,12,-6,0.0375,0.075,-0.0375
2000,SY,200,15,8,7,0.075,0.04,0.035
2001,SY,163,13,20,-7,0.07975460122699386,0.12269938650306748,-0.04294478527607362
2002,SY,181,21,24,-3,0.11602209944751381,0.13259668508287292,-0.016574585635359115
2003,SY,217,27,14,13,0.12442396313364056,0.06451612903225806,0.059907834101382486
2004,SY,264,37,11,26,0.14015151515151514,0.041666666666666664,0.09848484848484848
2005,SY,260,28,26,2,0.1076923076923077,0.1,0.007692307692307693
2006,SY,288,47,29,18,0.16319444444444445,0.10069444444444445,0.0625
2007,SY,306,39,28,11,0.12745098039215685,0.0915032679738562,0.03594771241830065
2008,SY,379,52,34,18,0.13720316622691292,0.08970976253298153,0.047493403693931395
2009,SY,382,50,37,13,0.13089005235602094,0.0968586387434555,0.034031413612565446
2010,SY,568,86,54,32,0.15140845070422534,0.09507042253521127,0.056338028169014086
2011,SY,612,93,48,45,0.15196078431372548,0.0784313725490196,0.07352941176470588
2012,SY,756,96,86,10,0.12698412698412698,0.11375661375661375,0.013227513227513227
2013,SY,667,76,96,-20,0.11394302848575712,0.14392803598200898,-0.029985007496251874
2014,SY,776,94,87,7,0.1211340206185567,0.11211340206185567,0.00902061855670103
2015,SY,832,97,108,-11,0.11658653846153846,0.12980769230769232,-0.013221153846153846
2016,SY,809,76,114,-38,0.09394313967861558,0.14091470951792337,-0.04697156983930779
2017,SY,787,97,128,-31,0.12325285895806862,0.16264294790343076,-0.03939008894536213
2018,SY,942,86,131,-45,0.09129511677282377,0.13906581740976645,-0.04777070063694268
2019,SY,1306,123,141,-18,0.09418070444104135,0.10796324655436447,-0.013782542113323124
2020,SY,1592,136,170,-34,0.08542713567839195,0.10678391959798995,-0.02135678391959799
2021,SY,2017,204,164,40,0.10114030738720872,0.0813088745661874,0.01983143282102132
2022,SY,2604,180,159,21,0.06912442396313365,0.06105990783410138,0.008064516129032258
2023,SY,2954,261,262,-1,0.08835477318889641,0.08869329722410291,-0.00033852403520649965
2024,SY,3343,334,299,35,0.09991026024528867,0.08944062219563266,0.010469638049655998
2025,SY,3409,365,318,47,0.1070695218539161,0.09328248753300088,0.013787034320915225
1998,SZ,23,0,0,0,0.0,0.0,0.0
1999,SZ,23,1,0,1,0.043478260869565216,0.0,0.043478260869565216
2000,SZ,39,2,0,2,0.05128205128205128,0.0,0.05128205128205128
2001,SZ,25,1,5,-4,0.04,0.2,-0.16
2002,SZ,36,4,3,1,0.1111111111111111,0.08333333333333333,0.027777777777777776
2003,SZ,27,1,7,-6,0.037037037037037035,0.25925925925925924,-0.2222222222222222
2004,SZ,58,7,2,5,0.1206896551724138,0.034482758620689655,0.08620689655172414
2005,SZ,34,3,3,0,0.08823529411764706,0.08823529411764706,0.0
2006,SZ,30,4,6,-2,0.13333333333333333,0.2,-0.06666666666666667
2007,SZ,35,5,2,3,0.14285714285714285,0.05714285714285714,0.08571428571428572
2008,SZ,53,3,3,0,0.05660377358490566,0.05660377358490566,0.0
2009,SZ,50,7,3,4,0.14,0.06,0.08
2010,SZ,83,9,8,1,0.10843373493975904,0.0963855421686747,0.012048192771084338
2011,SZ,58,10,11,-1,0.1724137931034483,0.1896551724137931,-0.017241379310344827
2012,SZ,67,11,11,0,0.16417910447761194,0.16417910447761194,0.0
2013,SZ,80,12,14,-2,0.15,0.175,-0.025
2014,SZ,109,21,12,9,0.1926605504587156,0.11009174311926606,0.08256880733944955
2015,SZ,94,10,16,-6,0.10638297872340426,0.1702127659574468,-0.06382978723404255
2016,SZ,100,14,10,4,0.14,0.1,0.04
2017,SZ,126,16,14,2,0.12698412698412698,0.1111111111111111,0.015873015873015872
2018,SZ,138,24,13,11,0.17391304347826086,0.09420289855072464,0.07971014492753623
2019,SZ,224,31,20,11,0.13839285714285715,0.08928571428571429,0.049107142857142856
2020,SZ,245,45,18,27,0.1836734693877551,0.07346938775510205,0.11020408163265306
2021,SZ,210,39,30,9,0.18571428571428572,0.14285714285714285,0.04285714285714286
2022,SZ,269,43,27,16,0.15985130111524162,0.10037174721189591,0.05947955390334572
2023,SZ,232,45,41,4,0.1939655172413793,0.17672413793103448,0.017241379310344827
2024,SZ,254,37,38,-1,0.14566929133858267,0.14960629921259844,-0.003937007874015748
2025,SZ,276,44,45,-1,0.15942028985507245,0.16304347826086957,-0.0036231884057971015
1998,TC,1,0,0,0,0.0,0.0,0.0
2002,TC,2,0,0,0,0.0,0.0,0.0
2003,TC,1,1,1,0,1.0,1.0,0.0
2004,TC,1,0,1,-1,0.0,1.0,-1.0
2006,TC,1,1,0,1,1.0,0.0,1.0
2007,TC,1,0,0,0,0.0,0.0,0.0
2010,TC,1,1,1,0,1.0,1.0,0.0
2013,TC,1,0,0,0,0.0,0.0,0.0
2014,TC,1,0,0,0,0.0,0.0,0.0
2015,TC,3,2,0,2,0.6666666666666666,0.0,0.6666666666666666
2016,TC,8,3,2,1,0.375,0.25,0.125
2017,TC,5,1,1,0,0.2,0.2,0.0
2018,TC,8,1,0,1,0.125,0.0,0.125
2019,TC,19,2,0,2,0.10526315789473684,0.0,0.10526315789473684
2020,TC,13,3,0,3,0.23076923076923078,0.0,0.23076923076923078
2021,TC,11,0,4,-4,0.0,0.36363636363636365,-0.36363636363636365
2022,TC,15,2,0,2,0.13333333333333333,0.0,0.13333333333333333
2023,TC,33,7,2,5,0.21212121212121213,0.06060606060606061,0.15151515151515152
2024,TC,49,1,4,-3,0.02040816326530612,0.08163265306122448,-0.061224489795918366
2025,TC,37,4,4,0,0.10810810810810811,0.10810810810810811,0.0
1998,TD,5,0,0,0,0.0,0.0,0.0
1999,TD,15,3,0,3,0.2,0.0,0.2
2000,TD,29,5,3,2,0.1724137931034483,0.10344827586206896,0.06896551724137931
2001,TD,15,2,3,-1,0.13333333333333333,0.2,-0.06666666666666667
2002,TD,38,3,4,-1,0.07894736842105263,0.10526315789473684,-0.02631578947368421
2003,TD,47,1,3,-2,0.02127659574468085,0.06382978723404255,-0.0425531914893617
2004,TD,25,0,4,-4,0.0,0.16,-0.16
2005,TD,38,3,1,2,0.07894736842105263,0.02631578947368421,0.05263157894736842
2006,TD,36,5,6,-1,0.1388888888888889,0.16666666666666666,-0.027777777777777776
2007,TD,32,2,1,1,0.0625,0.03125,0.03125
2008,TD,27,1,5,-4,0.037037037037037035,0.18518518518518517,-0.14814814814814814
2009,TD,42,3,6,-3,0.07142857142857142,0.14285714285714285,-0.07142857142857142
2010,TD,23,3,2,1,0.13043478260869565,0.08695652173913043,0.043478260869565216
2011,TD,44,4,6,-2,0.09090909090909091,0.13636363636363635,-0.045454545454545456
2012,TD,38,7,6,1,0.18421052631578946,0.15789473684210525,0.02631578947368421
2013,TD,73,10,8,2,0.136986301369863,0.1095890410958904,0.0273972602739726
2014,TD,85,6,4,2,0.07058823529411765,0.047058823529411764,0.023529411764705882
2015,TD,114,23,8,15,0.20175438596491227,0.07017543859649122,0.13157894736842105
2016,TD,131,18,17,1,0.13740458015267176,0.1297709923664122,0.007633587786259542
2017,TD,277,83,16,67,0.2996389891696751,0.05776173285198556,0.24187725631768953
2018,TD,129,18,38,-20,0.13953488372093023,0.29457364341085274,-0.15503875968992248
2019,TD,162,26,24,2,0.16049382716049382,0.14814814814814814,0.012345679012345678
2020,TD,209,31,17,14,0.14832535885167464,0.08133971291866028,0.06698564593301436
2021,TD,325,39,37,2,0.12,0.11384615384615385,0.006153846153846154
2022,TD,420,30,24,6,0.07142857142857142,0.05714285714285714,0.014285714285714285
2023,TD,522,67,42,25,0.12835249042145594,0.08045977011494253,0.04789272030651341
2024,TD,508,69,52,17,0.13582677165354332,0.10236220472440945,0.03346456692913386
2025,TD,417,49,42,7,0.11750599520383694,0.10071942446043165,0.016786570743405275
1998,TG,49,0,0,0,0.0,0.0,0.0
1999,TG,69,2,2,0,0.028985507246376812,0.028985507246376812,0.0
2000,TG,71,5,3,2,0.07042253521126761,0.04225352112676056,0.028169014084507043
2001,TG,85,4,5,-1,0.047058823529411764,0.058823529411764705,-0.011764705882352941
2002,TG,94,10,5,5,0.10638297872340426,0.05319148936170213,0.05319148936170213
2003,TG,113,5,9,-4,0.04424778761061947,0.07964601769911504,-0.035398230088495575
2004,TG,109,7,9,-2,0.06422018348623854,0.08256880733944955,-0.01834862385321101
2005,TG,112,6,13,-7,0.05357142857142857,0.11607142857142858,-0.0625
2006,TG,143,21,9,12,0.14685314685314685,0.06293706293706294,0.08391608391608392
2007,TG,171,19,21,-2,0.1111111111111111,0.12280701754385964,-0.011695906432748537
2008,TG,139,16,23,-7,0.11510791366906475,0.16546762589928057,-0.050359712230215826
2009,TG,174,12,19,-7,0.06896551724137931,0.10919540229885058,-0.040229885057471264
2010,TG,269,21,16,5,0.07806691449814127,0.05947955390334572,0.01858736059479554
2011,TG,218,20,19,1,0.09174311926605505,0.0871559633027523,0.0045871559633027525
2012,TG,305,28,29,-1,0.09180327868852459,0.09508196721311475,-0.003278688524590164
2013,TG,443,23,26,-3,0.05191873589164785,0.05869074492099323,-0.006772009029345372
2014,TG,527,40,33,7,0.07590132827324478,0.06261859582542695,0.013282732447817837
2015,TG,609,42,38,4,0.06896551724137931,0.06239737274220033,0.006568144499178982
2016,TG,674,54,50,4,0.08011869436201781,0.07418397626112759,0.005934718100890208
2017,TG,739,67,47,20,0.09066305818673884,0.06359945872801083,0.02706359945872801
2018,TG,887,79,62,17,0.08906426155580609,0.06989853438556934,0.019165727170236752
2019,TG,878,56,88,-32,0.06378132118451026,0.10022779043280182,-0.03644646924829157
2020,TG,1016,86,67,19,0.08464566929133858,0.06594488188976377,0.018700787401574805
2021,TG,1207,67,84,-17,0.05550952775476388,0.0695940347970174,-0.014084507042253521
2022,TG,1429,87,76,11,0.06088173547935619,0.05318404478656403,0.007697690692792162
2023,TG,1546,114,74,40,0.07373868046571798,0.047865459249676584,0.0258732212160414
2024,TG,1439,133,134,-1,0.09242529534398888,0.09312022237665045,-0.0006949270326615705
2025,TG,1507,133,165,-32,0.08825481088254811,0.10948905109489052,-0.021234240212342402
1998,TH,2147,0,0,0,0.0,0.0,0.0
1999,TH,2508,124,83,41,0.049441786283891544,0.033094098883572565,0.01634768740031898
2000,TH,3034,198,160,38,0.06526038233355307,0.05273566249176005,0.012524719841793012
2001,TH,3340,269,216,53,0.08053892215568863,0.06467065868263473,0.01586826347305389
2002,TH,4528,322,285,37,0.071113074204947,0.06294169611307421,0.008171378091872792
2003,TH,5418,502,315,187,0.09265411590992986,0.05813953488372093,0.03451458102620893
2004,TH,5944,498,371,127,0.08378196500672948,0.06241588156123822,0.021366083445491253
2005,TH,7008,603,421,182,0.0860445205479452,0.06007420091324201,0.025970319634703195
2006,TH,8890,775,530,245,0.08717660292463442,0.05961754780652419,0.027559055118110236
2007,TH,9237,700,563,137,0.07578218036158926,0.06095052506224965,0.014831655299339613
2008,TH,11244,787,662,125,0.0699928850942725,0.05887584489505514,0.01111704019921736
2009,TH,12034,922,729,193,0.07661625394714974,0.060578361309622734,0.01603789263752701
2010,TH,14382,1021,727,294,0.07099151717424558,0.05054929773327771,0.020442219440967878
2011,TH,15478,931,813,118,0.0601498901666882,0.05252616617133997,0.007623723995348236
2012,TH,18406,1040,837,203,0.05650331413669456,0.045474301858089754,0.011029012278604802
2013,TH,19769,1132,895,237,0.05726136880975264,0.045272902018311495,0.011988466791441145
2014,TH,22671,1276,905,371,0.056283357593401265,0.0399188390454766,0.016364518547924662
2015,TH,24105,1436,1050,386,0.059572702758763744,0.043559427504667084,0.01601327525409666
2016,TH,25428,1489,1143,346,0.058557495674060094,0.04495044832468145,0.013607047349378638
2017,TH,29251,1608,1220,388,0.05497247957334792,0.04170797579569929,0.013264503777648628
2018,TH,30983,1594,1267,327,0.0514475680211729,0.040893393151082855,0.01055417487009005
2019,TH,32076,1574,1496,78,0.04907095647836389,0.04663923182441701,0.0024317246539468764
2020,TH,34022,1731,1563,168,0.05087884310152255,0.045940861795308915,0.004937981306213627
2021,TH,39072,2053,1556,497,0.0525440212940213,0.03982391482391483,0.01272010647010647
2022,TH,42862,1894,1562,332,0.044188325323130044,0.03644253651252858,0.007745788810601465
2023,TH,46700,2394,1828,566,0.05126338329764454,0.039143468950749466,0.012119914346895074
2024,TH,51722,2636,2146,490,0.05096477321062604,0.041491048296662926,0.009473724913963111
2025,TH,59441,3044,2792,252,0.051210443969650576,0.04697094598004744,0.004239497989603136
1998,TJ,265,0,0,0,0.0,0.0,0.0
1999,TJ,282,66,56,10,0.23404255319148937,0.19858156028368795,0.03546099290780142
2000,TJ,232,54,127,-73,0.23275862068965517,0.5474137931034483,-0.3146551724137931
2001,TJ,198,58,112,-54,0.29292929292929293,0.5656565656565656,-0.2727272727272727
2002,TJ,236,76,89,-13,0.3220338983050847,0.3771186440677966,-0.05508474576271186
2003,TJ,208,68,101,-33,0.3269230769230769,0.4855769230769231,-0.15865384615384615
2004,TJ,219,96,83,13,0.4383561643835616,0.3789954337899543,0.0593607305936073
2005,TJ,271,115,95,20,0.42435424354243545,0.3505535055350554,0.07380073800738007
2006,TJ,369,161,136,25,0.4363143631436314,0.3685636856368564,0.06775067750677506
2007,TJ,296,119,179,-60,0.40202702702702703,0.6047297297297297,-0.20270270270270271
2008,TJ,1697,1081,120,961,0.6370064820271066,0.07071302298173247,0.5662934590453742
2009,TJ,1848,864,450,414,0.4675324675324675,0.2435064935064935,0.22402597402597402
2010,TJ,1948,798,576,222,0.40965092402464065,0.29568788501026694,0.11396303901437371
2011,TJ,1976,712,655,57,0.3603238866396761,0.3314777327935223,0.028846153846153848
2012,TJ,1889,705,759,-54,0.37321334039174164,0.40179989412387507,-0.028586553732133403
2013,TJ,1780,619,827,-208,0.34775280898876404,0.4646067415730337,-0.11685393258426967
2014,TJ,1878,631,703,-72,0.3359957401490948,0.37433439829605963,-0.038338658146964855
2015,TJ,1413,435,1117,-682,0.3078556263269639,0.7905166312809625,-0.4826610049539986
2016,TJ,1054,243,989,-746,0.23055028462998103,0.9383301707779886,-0.7077798861480076
2017,TJ,1255,297,657,-360,0.23665338645418327,0.5235059760956176,-0.2868525896414343
2018,TJ,1493,357,617,-260,0.2391158740790355,0.4132618888144675,-0.174146014735432
2019,TJ,1991,505,606,-101,0.2536413862380713,0.30436966348568556,-0.050728277247614265
2020,TJ,2231,506,640,-134,0.2268041237113402,0.2868668758404303,-0.0600627521290901
2021,TJ,2530,610,638,-28,0.24110671936758893,0.25217391304347825,-0.011067193675889328
2022,TJ,2767,672,636,36,0.24286230574629564,0.2298518250813155,0.013010480664980123
2023,TJ,2652,672,746,-74,0.25339366515837103,0.2812971342383107,-0.02790346907993967
2024,TJ,3091,927,669,258,0.2999029440310579,0.21643481074086057,0.08346813329019735
2025,TJ,3797,1165,706,459,0.3068211746115354,0.18593626547274164,0.12088490913879378
2002,TL,2,0,0,0,0.0,0.0,0.0
2003,TL,2,1,0,1,0.5,0.0,0.5
2004,TL,1,0,1,-1,0.0,1.0,-1.0
2005,TL,6,1,0,1,0.16666666666666666,0.0,0.16666666666666666
2006,TL,1,0,1,-1,0.0,1.0,-1.0
2007,TL,6,0,0,0,0.0,0.0,0.0
2008,TL,1,0,0,0,0.0,0.0,0.0
2009,TL,13,6,1,5,0.46153846153846156,0.07692307692307693,0.38461538461538464
2010,TL,16,5,1,4,0.3125,0.0625,0.25
2011,TL,13,2,1,1,0.15384615384615385,0.07692307692307693,0.07692307692307693
2012,TL,24,1,3,-2,0.041666666666666664,0.125,-0.08333333333333333
2013,TL,31,7,9,-2,0.22580645161290322,0.2903225806451613,-0.06451612903225806
2014,TL,35,8,4,4,0.22857142857142856,0.11428571428571428,0.11428571428571428
2015,TL,32,8,5,3,0.25,0.15625,0.09375
2016,TL,38,8,10,-2,0.21052631578947367,0.2631578947368421,-0.05263157894736842
2017,TL,78,19,8,11,0.24358974358974358,0.10256410256410256,0.14102564102564102
2018,TL,83,14,13,1,0.1686746987951807,0.1566265060240964,0.012048192771084338
2019,TL,102,26,14,12,0.2549019607843137,0.13725490196078433,0.11764705882352941
2020,TL,119,29,19,10,0.24369747899159663,0.15966386554621848,0.08403361344537816
2021,TL,150,26,28,-2,0.17333333333333334,0.18666666666666668,-0.013333333333333334
2022,TL,256,39,13,26,0.15234375,0.05078125,0.1015625
2023,TL,325,45,28,17,0.13846153846153847,0.08615384615384615,0.052307692307692305
2024,TL,430,75,38,37,0.1744186046511628,0.08837209302325581,0.08604651162790698
2025,TL,463,70,49,21,0.1511879049676026,0.10583153347732181,0.04535637149028078
1998,TM,31,0,0,0,0.0,0.0,0.0
1999,TM,12,0,2,-2,0.0,0.16666666666666666,-0.16666666666666666
2000,TM,18,3,1,2,0.16666666666666666,0.05555555555555555,0.1111111111111111
2001,TM,18,1,3,-2,0.05555555555555555,0.16666666666666666,-0.1111111111111111
2002,TM,32,4,0,4,0.125,0.0,0.125
2003,TM,13,1,6,-5,0.07692307692307693,0.46153846153846156,-0.38461538461538464
2004,TM,9,1,2,-1,0.1111111111111111,0.2222222222222222,-0.1111111111111111
2005,TM,10,2,2,0,0.2,0.2,0.0
2006,TM,23,5,2,3,0.21739130434782608,0.08695652173913043,0.13043478260869565
2007,TM,20,1,1,0,0.05,0.05,0.0
2008,TM,19,5,4,1,0.2631578947368421,0.21052631578947367,0.05263157894736842
2009,TM,18,4,8,-4,0.2222222222222222,0.4444444444444444,-0.2222222222222222
2010,TM,16,4,3,1,0.25,0.1875,0.0625
2011,TM,41,7,1,6,0.17073170731707318,0.024390243902439025,0.14634146341463414
2012,TM,21,5,11,-6,0.23809523809523808,0.5238095238095238,-0.2857142857142857
2013,TM,21,4,8,-4,0.19047619047619047,0.38095238095238093,-0.19047619047619047
2014,TM,32,10,7,3,0.3125,0.21875,0.09375
2015,TM,32,4,9,-5,0.125,0.28125,-0.15625
2016,TM,45,16,12,4,0.35555555555555557,0.26666666666666666,0.08888888888888889
2017,TM,83,18,16,2,0.21686746987951808,0.1927710843373494,0.024096385542168676
2018,TM,94,27,20,7,0.2872340425531915,0.2127659574468085,0.07446808510638298
2019,TM,109,40,33,7,0.3669724770642202,0.30275229357798167,0.06422018348623854
2020,TM,122,29,36,-7,0.23770491803278687,0.29508196721311475,-0.05737704918032787
2021,TM,159,24,41,-17,0.1509433962264151,0.2578616352201258,-0.1069182389937107
2022,TM,377,27,25,2,0.07161803713527852,0.06631299734748011,0.005305039787798408
2023,TM,480,27,23,4,0.05625,0.04791666666666667,0.008333333333333333
2024,TM,228,23,39,-16,0.10087719298245613,0.17105263157894737,-0.07017543859649122
2025,TM,370,34,29,5,0.0918918918918919,0.07837837837837838,0.013513513513513514
1998,TN,804,0,0,0,0.0,0.0,0.0
1999,TN,872,74,81,-7,0.08486238532110092,0.09288990825688073,-0.008027522935779817
2000,TN,1194,134,110,24,0.11222780569514237,0.09212730318257957,0.020100502512562814
2001,TN,1472,173,117,56,0.11752717391304347,0.07948369565217392,0.03804347826086957
2002,TN,1605,166,193,-27,0.10342679127725857,0.12024922118380062,-0.016822429906542057
2003,TN,2129,248,173,75,0.11648661343353688,0.08125880695162048,0.035227806481916396
2004,TN,3221,365,259,106,0.11331884507916797,0.08040981061782056,0.03290903446134741
2005,TN,3809,333,339,-6,0.08742452087161985,0.08899973746390129,-0.0015752165922814387
2006,TN,4759,476,371,105,0.10002101281781887,0.07795755410800588,0.022063458709812987
2007,TN,5359,516,465,51,0.09628662063817876,0.08676991976114946,0.009516700877029296
2008,TN,6337,587,486,101,0.0926305822944611,0.07669244121824208,0.01593814107621903
2009,TN,7025,634,542,92,0.0902491103202847,0.07715302491103203,0.013096085409252669
2010,TN,7387,636,693,-57,0.08609719777988357,0.09381345607147693,-0.00771625829159334
2011,TN,8718,772,609,163,0.08855242027988071,0.0698554714384033,0.018696948841477403
2012,TN,9817,747,707,40,0.07609249261485179,0.07201792808393603,0.0040745645309157585
2013,TN,10804,765,846,-81,0.07080710847834136,0.07830433172898926,-0.007497223250647909
2014,TN,11778,900,907,-7,0.07641365257259297,0.07700798098149092,-0.0005943284088979453
2015,TN,13161,1024,844,180,0.0778056378694628,0.0641288655877213,0.013676772281741509
2016,TN,14537,1041,954,87,0.0716103735296141,0.06562564490610168,0.005984728623512417
2017,TN,14930,986,974,12,0.06604152712659075,0.0652377762893503,0.0008037508372404555
2018,TN,15090,1012,1041,-29,0.06706428098078197,0.06898608349900597,-0.0019218025182239893
2019,TN,14326,933,1188,-255,0.06512634371073572,0.08292614826190144,-0.017799804551165713
2020,TN,15384,1079,1236,-157,0.07013780551222049,0.08034321372854915,-0.010205408216328654
2021,TN,17582,1217,1356,-139,0.06921851893982482,0.07712433170287794,-0.007905812763053122
2022,TN,21258,975,1144,-169,0.045865086085238496,0.05381503434001317,-0.007949948254774674
2023,TN,19743,1131,1479,-348,0.05728612672846072,0.07491262726029478,-0.017626500531834066
2024,TN,20804,1343,1652,-309,0.06455489328975197,0.07940780619111709,-0.014852912901365123
2025,TN,21388,1470,2026,-556,0.06873012904432392,0.09472601458761923,-0.025995885543295304
1998,TO,5,0,0,0,0.0,0.0,0.0
1999,TO,8,0,2,-2,0.0,0.25,-0.25
2000,TO,14,0,3,-3,0.0,0.21428571428571427,-0.21428571428571427
2001,TO,2,0,1,-1,0.0,0.5,-0.5
2002,TO,7,4,1,3,0.5714285714285714,0.14285714285714285,0.42857142857142855
2003,TO,6,1,3,-2,0.16666666666666666,0.5,-0.3333333333333333
2004,TO,6,1,2,-1,0.16666666666666666,0.3333333333333333,-0.16666666666666666
2005,TO,3,0,1,-1,0.0,0.3333333333333333,-0.3333333333333333
2006,TO,11,2,2,0,0.18181818181818182,0.18181818181818182,0.0
2007,TO,9,3,3,0,0.3333333333333333,0.3333333333333333,0.0
2008,TO,8,0,1,-1,0.0,0.125,-0.125
2009,TO,11,1,2,-1,0.09090909090909091,0.18181818181818182,-0.09090909090909091
2010,TO,12,3,4,-1,0.25,0.3333333333333333,-0.08333333333333333
2011,TO,4,0,4,-4,0.0,1.0,-1.0
2012,TO,19,3,2,1,0.15789473684210525,0.10526315789473684,0.05263157894736842
2013,TO,15,4,2,2,0.26666666666666666,0.13333333333333333,0.13333333333333333
2014,TO,14,3,2,1,0.21428571428571427,0.14285714285714285,0.07142857142857142
2015,TO,16,2,4,-2,0.125,0.25,-0.125
2016,TO,39,7,4,3,0.1794871794871795,0.10256410256410256,0.07692307692307693
2017,TO,30,13,5,8,0.43333333333333335,0.16666666666666666,0.26666666666666666
2018,TO,37,6,9,-3,0.16216216216216217,0.24324324324324326,-0.08108108108108109
2019,TO,58,19,7,12,0.3275862068965517,0.1206896551724138,0.20689655172413793
2020,TO,59,17,13,4,0.288135593220339,0.22033898305084745,0.06779661016949153
2021,TO,62,13,14,-1,0.20967741935483872,0.22580645161290322,-0.016129032258064516
2022,TO,76,20,17,3,0.2631578947368421,0.2236842105263158,0.039473684210526314
2023,TO,96,17,16,1,0.17708333333333334,0.16666666666666666,0.010416666666666666
2024,TO,111,28,28,0,0.25225225225225223,0.25225225225225223,0.0
2025,TO,156,37,34,3,0.23717948717948717,0.21794871794871795,0.019230769230769232
1998,TR,9291,0,0,0,0.0,0.0,0.0
1999,TR,10187,265,238,27,0.02601354667713753,0.023363109845882007,0.002650436831255522
2000,TR,11569,383,396,-13,0.03310571354481805,0.03422940617166566,-0.00112369262684761
2001,TR,13457,568,437,131,0.042208516013970424,0.032473805454410344,0.00973471055956008
2002,TR,16958,640,551,89,0.03774029956362779,0.0324920391555608,0.005248260408066989
2003,TR,20988,852,748,104,0.04059462550028588,0.03563941299790356,0.004955212502382313
2004,TR,25489,1017,802,215,0.03989956451802738,0.031464553336733495,0.008435011181293892
2005,TR,28146,1049,968,81,0.03726994954878136,0.03439209834434733,0.0028778512044340225
2006,TR,30860,1189,1105,84,0.03852883992222942,0.03580686973428386,0.002721970187945561
2007,TR,33119,1244,1127,117,0.037561520577312116,0.03402880521754884,0.003532715359763278
2008,TR,34290,1201,1296,-95,0.035024788568095655,0.03779527559055118,-0.0027704870224555265
2009,TR,37923,1473,1462,11,0.038841863776599955,0.03855180233631306,0.00029006144028689715
2010,TR,40968,1583,1594,-11,0.03863991407928139,0.03890841632493654,-0.0002685022456551455
2011,TR,47472,1964,1671,293,0.041371755982473876,0.03519969666329626,0.006172059319177621
2012,TR,52264,2218,2191,27,0.042438389713760905,0.04192178172355732,0.0005166079902035818
2013,TR,60472,2560,2282,278,0.0423336420161397,0.03773647307844953,0.004597168937690171
2014,TR,69846,2822,2514,308,0.04040317269421298,0.03599347135125848,0.0044097013429545
2015,TR,79100,2944,2674,270,0.03721871049304678,0.033805309734513275,0.003413400758533502
2016,TR,85361,3035,3003,32,0.03555487869167418,0.035180000234299035,0.0003748784573751479
2017,TR,88242,2980,3162,-182,0.033770766755059946,0.035833276670973004,-0.0020625099159130573
2018,TR,95470,3167,3561,-394,0.03317272441604693,0.037299675290667224,-0.0041269508746203
2019,TR,107652,3584,3958,-374,0.03329246089250548,0.03676661836287296,-0.0034741574703674805
2020,TR,117904,3892,4139,-247,0.03300990636449993,0.03510483104898901,-0.002094924684489076
2021,TR,133068,4130,4340,-210,0.031036763158685785,0.03261490365827998,-0.0015781404995941924
2022,TR,147929,3820,4747,-927,0.025823198967072043,0.03208971871641125,-0.00626651974933921
2023,TR,151477,4823,5684,-861,0.03183981726598758,0.037523848505053574,-0.005684031239065997
2024,TR,151348,5016,6030,-1014,0.033142162433596745,0.039841953643259244,-0.006699791209662499
2025,TR,163436,5496,6975,-1479,0.03362784209109376,0.04267725592892631,-0.009049413837832546
1998,TT,127,0,0,0,0.0,0.0,0.0
1999,TT,146,13,12,1,0.08904109589041095,0.0821917808219178,0.00684931506849315
2000,TT,149,18,23,-5,0.12080536912751678,0.15436241610738255,-0.03355704697986577
2001,TT,178,28,26,2,0.15730337078651685,0.14606741573033707,0.011235955056179775
2002,TT,201,37,32,5,0.18407960199004975,0.15920398009950248,0.024875621890547265
2003,TT,224,29,38,-9,0.12946428571428573,0.16964285714285715,-0.04017857142857143
2004,TT,177,33,43,-10,0.1864406779661017,0.24293785310734464,-0.05649717514124294
2005,TT,259,41,34,7,0.1583011583011583,0.13127413127413126,0.02702702702702703
2006,TT,235,47,34,13,0.2,0.14468085106382977,0.05531914893617021
2007,TT,315,67,43,24,0.2126984126984127,0.1365079365079365,0.0761904761904762
2008,TT,299,62,58,4,0.20735785953177258,0.1939799331103679,0.013377926421404682
2009,TT,377,76,56,20,0.20159151193633953,0.14854111405835543,0.05305039787798409
2010,TT,368,73,73,0,0.1983695652173913,0.1983695652173913,0.0
2011,TT,395,73,85,-12,0.1848101265822785,0.21518987341772153,-0.030379746835443037
2012,TT,464,84,92,-8,0.1810344827586207,0.19827586206896552,-0.017241379310344827
2013,TT,442,96,99,-3,0.2171945701357466,0.2239819004524887,-0.006787330316742082
2014,TT,533,102,106,-4,0.19136960600375236,0.19887429643527205,-0.0075046904315197
2015,TT,503,97,86,11,0.19284294234592445,0.1709741550695825,0.02186878727634195
2016,TT,678,151,85,66,0.22271386430678466,0.12536873156342182,0.09734513274336283
2017,TT,734,120,79,41,0.16348773841961853,0.10762942779291552,0.055858310626702996
2018,TT,802,127,133,-6,0.15835411471321695,0.1658354114713217,-0.007481296758104738
2019,TT,766,123,120,3,0.16057441253263707,0.1566579634464752,0.0039164490861618795
2020,TT,911,137,159,-22,0.150384193194292,0.17453347969264543,-0.024149286498353458
2021,TT,829,153,171,-18,0.18455971049457176,0.20627261761158022,-0.021712907117008445
2022,TT,838,145,158,-13,0.1730310262529833,0.18854415274463007,-0.015513126491646777
2023,TT,911,180,144,36,0.19758507135016465,0.15806805708013172,0.03951701427003293
2024,TT,891,142,192,-50,0.15937149270482603,0.21548821548821548,-0.05611672278338945
2025,TT,918,163,160,3,0.1775599128540305,0.17429193899782136,0.0032679738562091504
1998,TV,2,0,0,0,0.0,0.0,0.0
2001,TV,1,0,0,0,0.0,0.0,0.0
2002,TV,1,0,0,0,0.0,0.0,0.0
2005,TV,1,0,0,0,0.0,0.0,0.0
2006,TV,3,0,0,0,0.0,0.0,0.0
2007,TV,1,0,0,0,0.0,0.0,0.0
2008,TV,1,0,0,0,0.0,0.0,0.0
2009,TV,3,1,0,1,0.3333333333333333,0.0,0.3333333333333333
2011,TV,1,0,0,0,0.0,0.0,0.0
2012,TV,2,0,1,-1,0.0,0.5,-0.5
2013,TV,2,0,0,0,0.0,0.0,0.0
2014,TV,5,0,0,0,0.0,0.0,0.0
2015,TV,2,0,0,0,0.0,0.0,0.0
2016,TV,1,0,0,0,0.0,0.0,0.0
2017,TV,5,0,0,0,0.0,0.0,0.0
2018,TV,3,0,0,0,0.0,0.0,0.0
2019,TV,1,0,0,0,0.0,0.0,0.0
2020,TV,1,0,0,0,0.0,0.0,0.0
2021,TV,7,2,0,2,0.2857142857142857,0.0,0.2857142857142857
2022,TV,11,1,1,0,0.09090909090909091,0.09090909090909091,0.0
2023,TV,8,0,0,0,0.0,0.0,0.0
2024,TV,13,1,0,1,0.07692307692307693,0.0,0.07692307692307693
2025,TV,1,0,8,-8,0.0,8.0,-8.0
1998,TW,17797,0,0,0,0.0,0.0,0.0
1999,TW,19686,631,562,69,0.03205323580209286,0.028548206847505843,0.003505028954587016
2000,TW,22688,1303,1014,289,0.05743124118476728,0.04469322990126939,0.012738011283497884
2001,TW,25738,1878,1671,207,0.07296604242753904,0.06492345947626078,0.008042582951278266
2002,TW,35701,2709,2653,56,0.0758802274446094,0.07431164393154253,0.0015685835130668608
2003,TW,35843,3151,3293,-142,0.08791116814998745,0.09187289010406495,-0.003961721954077505
2004,TW,39851,3353,3696,-343,0.08413841559810294,0.09274547690145793,-0.008607061303354997
2005,TW,45880,3709,4453,-744,0.08084132519616391,0.09705754141238013,-0.016216216216216217
2006,TW,51726,4241,4861,-620,0.08198971503692534,0.09397595019912616,-0.011986235162200827
2007,TW,53771,4002,5110,-1108,0.0744267356009745,0.09503263841103941,-0.020605902810064906
2008,TW,58000,4263,5427,-1164,0.0735,0.09356896551724138,-0.02006896551724138
2009,TW,61553,4550,5305,-755,0.07392003639140253,0.08618588858382208,-0.012265852192419541
2010,TW,67645,5036,5791,-755,0.07444748318427083,0.08560869243846551,-0.011161209254194693
2011,TW,72077,5406,5985,-579,0.07500312166155639,0.08303619740000277,-0.008033075738446385
2012,TW,73186,5620,6089,-469,0.07679064301915667,0.08319897248107562,-0.006408329461918947
2013,TW,75543,5552,6642,-1090,0.07349456600876322,0.08792343433541162,-0.014428868326648399
2014,TW,74277,5465,6682,-1217,0.07357593871588783,0.08996055306487877,-0.01638461434899094
2015,TW,69778,5467,6841,-1374,0.07834847659720828,0.09803949668950099,-0.0196910200922927
2016,TW,66559,5263,6315,-1052,0.07907270241439926,0.0948782283387671,-0.015805525924367854
2017,TW,66114,5255,6316,-1061,0.07948392171098406,0.09553195994796866,-0.016048038236984603
2018,TW,64958,5154,6668,-1514,0.07934357584901013,0.10265094368668987,-0.02330736783767973
2019,TW,65843,5163,7249,-2086,0.07841380253026138,0.11009522652370032,-0.031681423993438936
2020,TW,68448,5709,7128,-1419,0.08340638148667602,0.1041374474053296,-0.020731065918653577
2021,TW,70519,5955,6916,-961,0.0844453267913612,0.09807285979665055,-0.013627533005289355
2022,TW,69909,5438,6297,-859,0.07778683717404054,0.09007423936832168,-0.012287402194281137
2023,TW,69500,6284,8443,-2159,0.09041726618705036,0.12148201438848921,-0.031064748201438848
2024,TW,70647,7130,10361,-3231,0.10092431384205981,0.14665873993233966,-0.04573442609027984
2025,TW,71078,8833,10797,-1964,0.1242719266158305,0.15190354258701708,-0.027631615971186584
1998,TZ,401,0,0,0,0.0,0.0,0.0
1999,TZ,419,56,47,9,0.13365155131264916,0.11217183770883055,0.021479713603818614
2000,TZ,718,62,60,2,0.08635097493036212,0.08356545961002786,0.002785515320334262
2001,TZ,800,85,78,7,0.10625,0.0975,0.00875
2002,TZ,894,88,113,-25,0.09843400447427293,0.12639821029082773,-0.02796420581655481
2003,TZ,829,104,112,-8,0.12545235223160434,0.13510253317249699,-0.009650180940892641
2004,TZ,1010,136,118,18,0.13465346534653466,0.11683168316831684,0.01782178217821782
2005,TZ,1068,117,127,-10,0.10955056179775281,0.11891385767790262,-0.009363295880149813
2006,TZ,1293,160,138,22,0.12374323279195669,0.10672853828306264,0.017014694508894045
2007,TZ,1325,171,171,0,0.1290566037735849,0.1290566037735849,0.0
2008,TZ,1424,163,172,-9,0.11446629213483146,0.12078651685393259,-0.006320224719101123
2009,TZ,1654,233,173,60,0.14087061668681983,0.10459492140266022,0.036275695284159616
2010,TZ,1640,207,229,-22,0.12621951219512195,0.13963414634146343,-0.013414634146341463
2011,TZ,1775,251,230,21,0.14140845070422536,0.1295774647887324,0.011830985915492958
2012,TZ,2008,271,212,59,0.1349601593625498,0.10557768924302789,0.029382470119521914
2013,TZ,2235,361,291,70,0.16152125279642057,0.13020134228187918,0.03131991051454139
2014,TZ,2765,309,336,-27,0.11175406871609403,0.12151898734177215,-0.00976491862567812
2015,TZ,2945,467,319,148,0.15857385398981325,0.10831918505942276,0.05025466893039049
2016,TZ,2769,321,496,-175,0.11592632719393282,0.17912603828096785,-0.06319971108703504
2017,TZ,3095,314,303,11,0.10145395799676898,0.09789983844911147,0.003554119547657512
2018,TZ,3401,344,343,1,0.10114672155248457,0.10085269038518083,0.00029403116730373417
2019,TZ,3807,370,392,-22,0.09718938796952982,0.10296821644339375,-0.005778828473863935
2020,TZ,4644,408,401,7,0.08785529715762273,0.0863479758828596,0.0015073212747631353
2021,TZ,5388,542,399,143,0.1005939123979213,0.07405345211581292,0.02654046028210839
2022,TZ,6552,498,453,45,0.076007326007326,0.06913919413919414,0.006868131868131868
2023,TZ,7763,652,513,139,0.08398814891150329,0.06608269998711838,0.017905448924384903
2024,TZ,8756,649,618,31,0.07412060301507538,0.07058017359524897,0.003540429419826405
2025,TZ,9946,781,717,64,0.07852402976070783,0.07208928212346671,0.006434747637241102
1998,UA,5231,0,0,0,0.0,0.0,0.0
1999,UA,5690,221,238,-17,0.03884007029876977,0.041827768014059755,-0.0029876977152899823
2000,UA,6680,340,402,-62,0.05089820359281437,0.060179640718562875,-0.009281437125748504
2001,UA,7275,380,481,-101,0.05223367697594502,0.0661168384879725,-0.013883161512027491
2002,UA,8451,466,509,-43,0.05514140338421489,0.060229558632114544,-0.005088155247899657
2003,UA,8545,450,592,-142,0.0526623756582797,0.0692802808660035,-0.016617905207723816
2004,UA,9066,487,572,-85,0.05371718508713876,0.06309287447606442,-0.009375689388925657
2005,UA,8879,496,640,-144,0.05586214663813493,0.07208018921049668,-0.016218042572361754
2006,UA,10281,586,666,-80,0.056998346464351715,0.06477969069156697,-0.007781344227215252
2007,UA,10547,564,666,-102,0.053474921778704845,0.06314591827059828,-0.00967099649189343
2008,UA,10824,724,757,-33,0.06688839615668885,0.06993717664449371,-0.003048780487804878
2009,UA,11532,789,834,-45,0.06841831425598335,0.07232049947970863,-0.003902185223725286
2010,UA,12497,759,878,-119,0.060734576298311596,0.07025686164679523,-0.009522285348483636
2011,UA,13327,786,974,-188,0.05897801455691454,0.07308471523973888,-0.014106700682824342
2012,UA,16475,949,963,-14,0.05760242792109256,0.05845220030349014,-0.0008497723823975721
2013,UA,20006,1081,1057,24,0.05403378986304109,0.05283414975507348,0.0011996401079676098
2014,UA,21948,1150,1312,-162,0.05239657371970111,0.0597776562784764,-0.007381082558775287
2015,UA,23609,1306,1428,-122,0.055317887246389086,0.06048540810707781,-0.00516752086068872
2016,UA,29336,1499,1696,-197,0.051097627488410145,0.05781292609762749,-0.006715298609217344
2017,UA,36487,1741,1806,-65,0.047715624743059175,0.04949708115219119,-0.0017814564091320196
2018,UA,47513,2068,2209,-141,0.043524930019152655,0.04649253888409488,-0.0029676088649422264
2019,UA,63059,2718,2716,2,0.043102491317654895,0.04307077498850283,3.171632915206394e-05
2020,UA,72163,3206,3131,75,0.04442719953438743,0.04338788575862977,0.0010393137757576598
2021,UA,77028,3320,3416,-96,0.043101209949628703,0.044347509996364956,-0.0012463000467362517
2022,UA,73534,2882,2917,-35,0.03919275437212718,0.039668724671580495,-0.0004759702994533141
2023,UA,78154,3712,4224,-512,0.04749596949612304,0.054047137702484836,-0.006551168206361799
2024,UA,71521,3562,4961,-1399,0.04980355420086408,0.06936424266998505,-0.019560688469120957
2025,UA,67134,4076,6228,-2152,0.06071439211129979,0.09276968451157387,-0.03205529240027408
1998,UG,286,0,0,0,0.0,0.0,0.0
1999,UG,300,31,24,7,0.10333333333333333,0.08,0.023333333333333334
2000,UG,590,52,43,9,0.08813559322033898,0.07288135593220339,0.015254237288135594
2001,UG,667,72,70,2,0.10794602698650675,0.10494752623688156,0.0029985007496251873
2002,UG,776,70,86,-16,0.09020618556701031,0.11082474226804123,-0.020618556701030927
2003,UG,822,113,70,43,0.13746958637469586,0.0851581508515815,0.052311435523114354
2004,UG,926,117,108,9,0.1263498920086393,0.11663066954643629,0.009719222462203024
2005,UG,939,117,114,3,0.12460063897763578,0.12140575079872204,0.003194888178913738
2006,UG,1132,125,132,-7,0.11042402826855123,0.1166077738515901,-0.006183745583038869
2007,UG,1057,141,130,11,0.13339640491958374,0.12298959318826869,0.010406811731315043
2008,UG,1300,145,165,-20,0.11153846153846154,0.12692307692307692,-0.015384615384615385
2009,UG,1418,166,183,-17,0.11706629055007052,0.12905500705218617,-0.011988716502115656
2010,UG,1704,193,171,22,0.11326291079812206,0.10035211267605634,0.012910798122065728
2011,UG,1953,183,213,-30,0.09370199692780339,0.10906298003072197,-0.015360983102918587
2012,UG,2151,250,225,25,0.11622501162250116,0.10460251046025104,0.011622501162250116
2013,UG,2346,280,292,-12,0.11935208866155157,0.12446717817561807,-0.005115089514066497
2014,UG,2852,343,296,47,0.12026647966339411,0.10378681626928471,0.016479663394109396
2015,UG,2849,321,346,-25,0.11267111267111267,0.12144612144612145,-0.008775008775008775
2016,UG,2875,305,391,-86,0.10608695652173913,0.136,-0.02991304347826087
2017,UG,3350,370,351,19,0.11044776119402985,0.10477611940298508,0.005671641791044776
2018,UG,3761,357,425,-68,0.09492156341398564,0.11300186120712577,-0.01808029779314012
2019,UG,4294,374,392,-18,0.08709827666511412,0.09129017233348859,-0.004191895668374476
2020,UG,5452,516,479,37,0.0946441672780631,0.08785766691122524,0.006786500366837858
2021,UG,6205,516,509,7,0.08315874294923449,0.08203062046736503,0.0011281224818694602
2022,UG,7136,511,449,62,0.07160874439461884,0.06292040358744394,0.008688340807174889
2023,UG,8498,662,577,85,0.07790068251353259,0.06789832901859261,0.010002353494939985
2024,UG,9851,738,670,68,0.07491625215714141,0.06801339965485738,0.006902852502284032
2025,UG,11602,1138,757,381,0.09808653680399931,0.0652473711429064,0.03283916566109291
1998,US,519019,0,0,0,0.0,0.0,0.0
1999,US,524980,21761,20749,1012,0.041451102899158064,0.03952341041563488,0.0019276924835231817
2000,US,546289,31209,30453,756,0.05712910199546394,0.055745219105638226,0.001383882889825715
2001,US,554836,37758,35925,1833,0.0680525416519476,0.06474886272700402,0.003303678924943587
2002,US,676973,47320,44121,3199,0.06989939037450534,0.06517394342167265,0.004725446952832683
2003,US,676593,51174,50235,939,0.07563483512244437,0.0742469993038651,0.001387835818579264
2004,US,693284,53938,55960,-2022,0.07780072812873223,0.08071728180659009,-0.0029165536778578477
2005,US,752525,60137,62477,-2340,0.07991362413208863,0.08302315537689778,-0.0031095312448091426
2006,US,785597,64437,71133,-6696,0.08202297106531721,0.0905464252027439,-0.008523454137426697
2007,US,790333,67641,75104,-7463,0.0855854430980359,0.09502829819835436,-0.009442855100318474
2008,US,836488,74356,81209,-6853,0.08889069538355601,0.09708328152944215,-0.008192586145886133
2009,US,860425,79596,86718,-7122,0.0925077723218177,0.10078507714211,-0.008277304820292297
2010,US,896537,83207,89664,-6457,0.09280933190710479,0.10001148865021744,-0.0072021567431126655
2011,US,952169,87781,95362,-7581,0.09219056701068823,0.10015238891415285,-0.007961821903464616
2012,US,1001534,93608,99121,-5513,0.09346462526484373,0.09896918127592273,-0.005504556011079005
2013,US,1039223,97510,104743,-7233,0.09382971700972746,0.1007897246308059,-0.00696000762107844
2014,US,1080184,103529,108416,-4887,0.09584385623190123,0.10036808543729586,-0.0045242292053946365
2015,US,1111364,107695,111136,-3441,0.09690344477596899,0.09999964008191736,-0.003096195305948366
2016,US,1141333,111675,114834,-3159,0.09784611502515042,0.10061393125406871,-0.002767816228918291
2017,US,1182189,114684,119695,-5011,0.09700986898034071,0.1012486159150525,-0.004238746934711793
2018,US,1232622,118131,122497,-4366,0.09583716662529145,0.09937920952246512,-0.003542042897173667
2019,US,1290156,124652,127376,-2724,0.09661777335454007,0.09872914593273992,-0.0021113725781998455
2020,US,1394237,134926,135401,-475,0.09677407786481064,0.09711476599745954,-0.0003406881326488969
2021,US,1377648,126517,142056,-15539,0.09183550515080775,0.10311487404620048,-0.011279368895392727
2022,US,1419955,121716,128693,-6977,0.08571820937987472,0.0906317453722125,-0.004913535992337785
2023,US,1476171,157542,148799,8743,0.10672340806044828,0.10080065249893136,0.005922755561516924
2024,US,1513052,165176,169652,-4476,0.10916743112596262,0.11212569032657173,-0.0029582592006091
2025,US,1579384,189258,177593,11665,0.11983026293795555,0.11244447202200351,0.007385790915952042
1998,UY,613,0,0,0,0.0,0.0,0.0
1999,UY,614,47,46,1,0.07654723127035831,0.0749185667752443,0.0016286644951140066
2000,UY,734,87,78,9,0.11852861035422343,0.10626702997275204,0.01226158038147139
2001,UY,881,107,92,15,0.12145289443813848,0.10442678774120318,0.0170261066969353
2002,UY,1005,124,119,5,0.12338308457711443,0.11840796019900497,0.004975124378109453
2003,UY,1022,116,161,-45,0.11350293542074363,0.15753424657534246,-0.04403131115459882
2004,UY,1229,184,164,20,0.1497152156224573,0.13344182262001628,0.01627339300244101
2005,UY,1484,210,187,23,0.14150943396226415,0.12601078167115903,0.01549865229110512
2006,UY,1697,240,269,-29,0.14142604596346495,0.1585150265173836,-0.01708898055391868
2007,UY,1730,225,274,-49,0.13005780346820808,0.15838150289017341,-0.028323699421965318
2008,UY,1884,338,313,25,0.17940552016985137,0.16613588110403396,0.01326963906581741
2009,UY,1997,313,354,-41,0.15673510265398097,0.1772658988482724,-0.020530796194291438
2010,UY,2518,378,374,4,0.15011914217633043,0.14853057982525814,0.0015885623510722795
2011,UY,2602,370,417,-47,0.14219830899308225,0.16026133743274404,-0.0180630284396618
2012,UY,2869,438,439,-1,0.1526664342976647,0.1530149878006274,-0.0003485535029627048
2013,UY,3020,437,425,12,0.1447019867549669,0.14072847682119205,0.003973509933774834
2014,UY,3321,528,473,55,0.15898825654923215,0.14242697982535382,0.01656127672387835
2015,UY,3727,589,552,37,0.15803595385028174,0.14810839817547625,0.009927555674805473
2016,UY,4084,737,614,123,0.18046033300685602,0.1503428011753183,0.03011753183153771
2017,UY,4520,716,695,21,0.1584070796460177,0.15376106194690264,0.004646017699115044
2018,UY,4681,748,716,32,0.1597949156163213,0.15295876949369794,0.006836146122623371
2019,UY,5149,857,793,64,0.16644008545348613,0.1540104874732958,0.012429597980190329
2020,UY,6070,1060,934,126,0.17462932454695224,0.15387149917627677,0.020757825370675453
2021,UY,6584,1111,978,133,0.16874240583232078,0.1485419198055893,0.02020048602673147
2022,UY,5919,910,948,-38,0.153742186180098,0.16016218955904712,-0.006420003378949147
2023,UY,6713,1253,1110,143,0.18665276329509906,0.16535081185758976,0.02130195143750931
2024,UY,7494,1375,1165,210,0.18348011742727516,0.15545769949292768,0.02802241793434748
2025,UY,6636,1251,1235,16,0.18851717902350815,0.18610608800482217,0.0024110910186859553
1998,UZ,555,0,0,0,0.0,0.0,0.0
1999,UZ,498,58,108,-50,0.11646586345381527,0.21686746987951808,-0.10040160642570281
2000,UZ,620,54,95,-41,0.08709677419354839,0.1532258064516129,-0.06612903225806452
2001,UZ,681,56,79,-23,0.08223201174743025,0.11600587371512482,-0.033773861967694566
2002,UZ,673,64,101,-37,0.0950965824665676,0.150074294205052,-0.0549777117384844
2003,UZ,655,53,91,-38,0.08091603053435115,0.13893129770992366,-0.05801526717557252
2004,UZ,669,81,95,-14,0.1210762331838565,0.14200298953662183,-0.02092675635276532
2005,UZ,676,83,111,-28,0.1227810650887574,0.16420118343195267,-0.04142011834319527
2006,UZ,739,90,81,9,0.12178619756427606,0.10960757780784844,0.012178619756427604
2007,UZ,917,98,111,-13,0.10687022900763359,0.12104689203925845,-0.014176663031624863
2008,UZ,863,111,137,-26,0.12862108922363846,0.15874855156431056,-0.030127462340672075
2009,UZ,857,121,141,-20,0.1411901983663944,0.1645274212368728,-0.023337222870478413
2010,UZ,1048,97,144,-47,0.09255725190839695,0.13740458015267176,-0.04484732824427481
2011,UZ,1038,119,140,-21,0.11464354527938343,0.1348747591522158,-0.02023121387283237
2012,UZ,934,105,151,-46,0.11241970021413276,0.16167023554603854,-0.04925053533190578
2013,UZ,1059,121,150,-29,0.11425873465533522,0.141643059490085,-0.027384324834749764
2014,UZ,1232,133,182,-49,0.10795454545454546,0.14772727272727273,-0.03977272727272727
2015,UZ,1434,162,160,2,0.11297071129707113,0.11157601115760112,0.001394700139470014
2016,UZ,1652,141,177,-36,0.08535108958837773,0.10714285714285714,-0.021791767554479417
2017,UZ,1650,146,171,-25,0.08848484848484849,0.10363636363636364,-0.015151515151515152
2018,UZ,2099,159,171,-12,0.0757503573130062,0.081467365412101,-0.005717008099094807
2019,UZ,4565,221,212,9,0.0484118291347207,0.046440306681270534,0.0019715224534501644
2020,UZ,9850,340,261,79,0.03451776649746193,0.02649746192893401,0.008020304568527918
2021,UZ,20207,433,351,82,0.021428217944276736,0.017370218241203543,0.004057999703073192
2022,UZ,17752,404,321,83,0.022757999098693103,0.018082469580892293,0.004675529517800811
2023,UZ,22949,713,467,246,0.03106889189071419,0.020349470565166238,0.010719421325547955
2024,UZ,20199,682,520,162,0.03376404772513491,0.025743848705381454,0.008020199019753453
2025,UZ,22879,899,790,109,0.03929367542287687,0.03452948118361816,0.004764194239258709
1998,VA,8,0,0,0,0.0,0.0,0.0
1999,VA,8,1,3,-2,0.125,0.375,-0.25
2000,VA,10,1,1,0,0.1,0.1,0.0
2001,VA,4,0,4,-4,0.0,1.0,-1.0
2002,VA,4,2,0,2,0.5,0.0,0.5
2003,VA,14,1,2,-1,0.07142857142857142,0.14285714285714285,-0.07142857142857142
2004,VA,17,7,2,5,0.4117647058823529,0.11764705882352941,0.29411764705882354
2005,VA,16,2,5,-3,0.125,0.3125,-0.1875
2006,VA,21,7,2,5,0.3333333333333333,0.09523809523809523,0.23809523809523808
2007,VA,13,3,7,-4,0.23076923076923078,0.5384615384615384,-0.3076923076923077
2008,VA,11,1,5,-4,0.09090909090909091,0.45454545454545453,-0.36363636363636365
2009,VA,17,4,2,2,0.23529411764705882,0.11764705882352941,0.11764705882352941
2010,VA,10,4,7,-3,0.4,0.7,-0.3
2011,VA,19,9,5,4,0.47368421052631576,0.2631578947368421,0.21052631578947367
2012,VA,19,8,10,-2,0.42105263157894735,0.5263157894736842,-0.10526315789473684
2013,VA,26,11,5,6,0.4230769230769231,0.19230769230769232,0.23076923076923078
2014,VA,21,4,6,-2,0.19047619047619047,0.2857142857142857,-0.09523809523809523
2015,VA,32,4,7,-3,0.125,0.21875,-0.09375
2016,VA,29,8,9,-1,0.27586206896551724,0.3103448275862069,-0.034482758620689655
2017,VA,41,16,14,2,0.3902439024390244,0.34146341463414637,0.04878048780487805
2018,VA,49,22,16,6,0.4489795918367347,0.32653061224489793,0.12244897959183673
2019,VA,33,14,14,0,0.42424242424242425,0.42424242424242425,0.0
2020,VA,36,14,8,6,0.3888888888888889,0.2222222222222222,0.16666666666666666
2021,VA,70,33,13,20,0.4714285714285714,0.18571428571428572,0.2857142857142857
2022,VA,59,23,20,3,0.3898305084745763,0.3389830508474576,0.05084745762711865
2023,VA,80,23,25,-2,0.2875,0.3125,-0.025
2024,VA,63,21,20,1,0.3333333333333333,0.31746031746031744,0.015873015873015872
2025,VA,52,20,17,3,0.38461538461538464,0.3269230769230769,0.057692307692307696
1999,VC,1,1,0,1,1.0,0.0,1.0
2002,VC,1,0,0,0,0.0,0.0,0.0
2003,VC,1,0,0,0,0.0,0.0,0.0
2004,VC,3,1,1,0,0.3333333333333333,0.3333333333333333,0.0
2005,VC,1,0,0,0,0.0,0.0,0.0
2007,VC,2,2,0,2,1.0,0.0,1.0
2008,VC,2,0,1,-1,0.0,0.5,-0.5
2009,VC,6,5,0,5,0.8333333333333334,0.0,0.8333333333333334
2010,VC,4,1,2,-1,0.25,0.5,-0.25
2011,VC,7,1,2,-1,0.14285714285714285,0.2857142857142857,-0.14285714285714285
2012,VC,3,0,1,-1,0.0,0.3333333333333333,-0.3333333333333333
2013,VC,8,3,0,3,0.375,0.0,0.375
2014,VC,6,3,3,0,0.5,0.5,0.0
2015,VC,5,2,2,0,0.4,0.4,0.0
2016,VC,14,5,1,4,0.35714285714285715,0.07142857142857142,0.2857142857142857
2017,VC,20,7,3,4,0.35,0.15,0.2
2018,VC,19,4,3,1,0.21052631578947367,0.15789473684210525,0.05263157894736842
2019,VC,22,7,6,1,0.3181818181818182,0.2727272727272727,0.045454545454545456
2020,VC,22,5,12,-7,0.22727272727272727,0.5454545454545454,-0.3181818181818182
2021,VC,33,9,6,3,0.2727272727272727,0.18181818181818182,0.09090909090909091
2022,VC,59,10,9,1,0.1694915254237288,0.15254237288135594,0.01694915254237288
2023,VC,53,17,21,-4,0.32075471698113206,0.39622641509433965,-0.07547169811320754
2024,VC,33,12,7,5,0.36363636363636365,0.21212121212121213,0.15151515151515152
2025,VC,65,18,17,1,0.27692307692307694,0.26153846153846155,0.015384615384615385
1998,VE,2081,0,0,0,0.0,0.0,0.0
1999,VE,2687,134,119,15,0.049869743208038705,0.044287309266840345,0.005582433941198363
2000,VE,2901,221,177,44,0.07618062736987245,0.06101344364012409,0.015167183729748363
2001,VE,3266,234,270,-36,0.07164727495407226,0.08266993263931414,-0.011022657685241886
2002,VE,3866,339,333,6,0.08768753233316089,0.08613554061045008,0.0015519917227108122
2003,VE,3855,394,412,-18,0.10220492866407263,0.10687418936446173,-0.004669260700389105
2004,VE,3892,376,471,-95,0.09660842754367935,0.1210174717368962,-0.024409044193216854
2005,VE,4736,524,548,-24,0.11064189189189189,0.11570945945945946,-0.005067567567567568
2006,VE,5461,644,681,-37,0.11792711957516938,0.12470243545138253,-0.006775315876213148
2007,VE,6249,762,692,70,0.12193951032165147,0.11073771803488558,0.011201792286765882
2008,VE,6597,753,792,-39,0.11414279217826284,0.12005457025920874,-0.005911778080945885
2009,VE,6869,764,959,-195,0.11122434124326686,0.13961275294802736,-0.02838841170476052
2010,VE,6721,829,923,-94,0.12334474036601696,0.13733075435203096,-0.013986013986013986
2011,VE,6408,813,1036,-223,0.12687265917602997,0.1616729088639201,-0.03480024968789014
2012,VE,5864,817,1063,-246,0.13932469304229195,0.1812755798090041,-0.041950886766712145
2013,VE,6032,879,1094,-215,0.14572281167108753,0.18136604774535808,-0.03564323607427056
2014,VE,5984,830,1191,-361,0.13870320855614973,0.1990307486631016,-0.06032754010695187
2015,VE,5686,793,1307,-514,0.13946535349982414,0.22986282096377067,-0.09039746746394653
2016,VE,5345,861,1289,-428,0.16108512628624883,0.2411599625818522,-0.08007483629560337
2017,VE,5077,801,1398,-597,0.1577703368130786,0.27535946425054164,-0.11758912743746307
2018,VE,4681,720,1270,-550,0.15381328775902586,0.27130954924161504,-0.1174962614825892
2019,VE,4150,732,1276,-544,0.1763855421686747,0.3074698795180723,-0.1310843373493976
2020,VE,4782,829,1368,-539,0.17335842743621915,0.2860727728983689,-0.11271434546214973
2021,VE,5051,939,1253,-314,0.1859037814294199,0.2480696891704613,-0.06216590774104138
2022,VE,4556,819,1103,-284,0.17976294995610184,0.24209833187006147,-0.06233538191395961
2023,VE,4934,1028,1458,-430,0.20835022294284555,0.2955006080259424,-0.08715038508309687
2024,VE,4391,928,1483,-555,0.2113413800956502,0.3377362787519927,-0.1263948986563425
2025,VE,4005,835,1464,-629,0.20848938826466917,0.36554307116104867,-0.15705368289637953
1998,VG,291,0,0,0,0.0,0.0,0.0
1999,VG,320,38,27,11,0.11875,0.084375,0.034375
2000,VG,615,93,47,46,0.15121951219512195,0.07642276422764227,0.07479674796747968
2001,VG,505,42,69,-27,0.08316831683168317,0.13663366336633664,-0.053465346534653464
2002,VG,651,85,55,30,0.130568356374808,0.08448540706605223,0.04608294930875576
2003,VG,574,76,60,16,0.13240418118466898,0.10452961672473868,0.027874564459930314
2004,VG,752,95,59,36,0.12632978723404256,0.07845744680851063,0.047872340425531915
2005,VG,722,146,92,54,0.20221606648199447,0.12742382271468145,0.07479224376731301
2006,VG,785,149,125,24,0.18980891719745224,0.1592356687898089,0.030573248407643312
2007,VG,787,141,182,-41,0.17916137229987295,0.2312579415501906,-0.052096569250317665
2008,VG,775,166,173,-7,0.21419354838709678,0.2232258064516129,-0.00903225806451613
2009,VG,843,185,163,22,0.21945432977461446,0.1933570581257414,0.02609727164887307
2010,VG,1107,238,196,42,0.21499548328816623,0.17705510388437218,0.037940379403794036
2011,VG,975,181,215,-34,0.18564102564102564,0.2205128205128205,-0.03487179487179487
2012,VG,1165,251,196,55,0.21545064377682405,0.1682403433476395,0.04721030042918455
2013,VG,1317,260,203,57,0.19741837509491267,0.15413819286256644,0.04328018223234624
2014,VG,1719,356,249,107,0.20709714950552646,0.14485165794066318,0.062245491564863295
2015,VG,1857,346,281,65,0.18632202477113624,0.1513193322563274,0.03500269251480883
2016,VG,1581,264,326,-62,0.16698292220113853,0.20619860847564833,-0.0392156862745098
2017,VG,1458,236,322,-86,0.16186556927297668,0.22085048010973937,-0.05898491083676269
2018,VG,1394,252,344,-92,0.18077474892395984,0.2467718794835007,-0.06599713055954089
2019,VG,1543,288,303,-15,0.18664938431626701,0.1963707064160726,-0.009721322099805573
2020,VG,1352,223,331,-108,0.16494082840236687,0.2448224852071006,-0.07988165680473373
2021,VG,1557,280,312,-32,0.1798330122029544,0.2003853564547206,-0.020552344251766216
2022,VG,1547,243,240,3,0.1570782159017453,0.15513897866839044,0.0019392372333548805
2023,VG,189,43,469,-426,0.2275132275132275,2.4814814814814814,-2.253968253968254
2024,VG,117,41,401,-360,0.3504273504273504,3.427350427350427,-3.076923076923077
2025,VG,118,48,373,-325,0.4067796610169492,3.1610169491525424,-2.7542372881355934
1998,VI,23,0,0,0,0.0,0.0,0.0
1999,VI,11,0,5,-5,0.0,0.45454545454545453,-0.45454545454545453
2000,VI,22,5,3,2,0.22727272727272727,0.13636363636363635,0.09090909090909091
2001,VI,14,6,3,3,0.42857142857142855,0.21428571428571427,0.21428571428571427
2002,VI,13,4,7,-3,0.3076923076923077,0.5384615384615384,-0.23076923076923078
2003,VI,21,5,4,1,0.23809523809523808,0.19047619047619047,0.047619047619047616
2004,VI,44,10,3,7,0.22727272727272727,0.06818181818181818,0.1590909090909091
2005,VI,28,8,10,-2,0.2857142857142857,0.35714285714285715,-0.07142857142857142
2006,VI,40,11,10,1,0.275,0.25,0.025
2007,VI,37,15,11,4,0.40540540540540543,0.2972972972972973,0.10810810810810811
2008,VI,35,12,16,-4,0.34285714285714286,0.45714285714285713,-0.11428571428571428
2009,VI,32,8,5,3,0.25,0.15625,0.09375
2010,VI,44,12,10,2,0.2727272727272727,0.22727272727272727,0.045454545454545456
2011,VI,51,12,14,-2,0.23529411764705882,0.27450980392156865,-0.0392156862745098
2012,VI,29,7,18,-11,0.2413793103448276,0.6206896551724138,-0.3793103448275862
2013,VI,51,14,10,4,0.27450980392156865,0.19607843137254902,0.0784313725490196
2014,VI,73,15,12,3,0.2054794520547945,0.1643835616438356,0.0410958904109589
2015,VI,41,12,12,0,0.2926829268292683,0.2926829268292683,0.0
2016,VI,74,24,12,12,0.32432432432432434,0.16216216216216217,0.16216216216216217
2017,VI,85,21,31,-10,0.24705882352941178,0.36470588235294116,-0.11764705882352941
2018,VI,74,24,24,0,0.32432432432432434,0.32432432432432434,0.0
2019,VI,90,32,25,7,0.35555555555555557,0.2777777777777778,0.07777777777777778
2020,VI,81,23,24,-1,0.2839506172839506,0.2962962962962963,-0.012345679012345678
2021,VI,164,59,19,40,0.3597560975609756,0.11585365853658537,0.24390243902439024
2022,VI,181,39,27,12,0.2154696132596685,0.14917127071823205,0.06629834254143646
2023,VI,112,31,32,-1,0.2767857142857143,0.2857142857142857,-0.008928571428571428
2024,VI,99,25,39,-14,0.25252525252525254,0.3939393939393939,-0.1414141414141414
2025,VI,101,25,27,-2,0.24752475247524752,0.26732673267326734,-0.019801980198019802
1998,VN,646,0,0,0,0.0,0.0,0.0
1999,VN,867,133,112,21,0.15340253748558247,0.12918108419838523,0.02422145328719723
2000,VN,1203,257,214,43,0.21363258520365752,0.1778886118038238,0.03574397339983375
2001,VN,1440,324,331,-7,0.225,0.2298611111111111,-0.004861111111111111
2002,VN,1602,380,456,-76,0.23720349563046192,0.2846441947565543,-0.04744069912609238
2003,VN,1681,484,526,-42,0.2879238548483046,0.3129089827483641,-0.024985127900059488
2004,VN,1582,421,588,-167,0.2661188369152971,0.37168141592920356,-0.10556257901390645
2005,VN,1723,444,619,-175,0.2576900754497969,0.359257109692397,-0.10156703424260012
2006,VN,2118,553,634,-81,0.26109537299339,0.29933899905571293,-0.03824362606232295
2007,VN,2064,546,694,-148,0.26453488372093026,0.33624031007751937,-0.07170542635658915
2008,VN,2676,651,765,-114,0.24327354260089687,0.2858744394618834,-0.042600896860986545
2009,VN,3385,766,761,5,0.22629246676514034,0.22481536189069423,0.0014771048744460858
2010,VN,3534,786,768,18,0.22241086587436332,0.21731748726655348,0.0050933786078098476
2011,VN,4310,915,859,56,0.2122969837587007,0.19930394431554524,0.012993039443155453
2012,VN,5126,1064,912,152,0.2075692547795552,0.1779165040967616,0.0296527506827936
2013,VN,6197,1126,1001,125,0.18170082297886073,0.16152977247055025,0.020171050508310473
2014,VN,7156,1357,1080,277,0.18963107881498042,0.1509223029625489,0.03870877585243153
2015,VN,7871,1372,1149,223,0.17431076102147122,0.14597890992250032,0.028331851098970906
2016,VN,9737,1673,1213,460,0.17181883537023723,0.12457635822121803,0.047242477149019205
2017,VN,12121,1935,1339,596,0.15964029370513985,0.11046943321508126,0.049170860490058574
2018,VN,14050,2123,1642,481,0.1511032028469751,0.11686832740213524,0.03423487544483986
2019,VN,18544,2631,1657,974,0.14187877480586714,0.08935504745470232,0.0525237273511648
2020,VN,24152,2974,1885,1089,0.12313680026498841,0.07804736667770786,0.045089433587280556
2021,VN,29766,3381,2182,1199,0.1135859705704495,0.07330511321642141,0.04028085735402809
2022,VN,32587,2734,2198,536,0.08389848712676834,0.06745021020652407,0.016448276920244267
2023,VN,37291,3609,2534,1075,0.09677938376551982,0.0679520527741278,0.028827330991392026
2024,VN,42623,4046,2781,1265,0.09492527508622105,0.06524646317715788,0.029678811909063182
2025,VN,46921,5165,3392,1773,0.11007864282517422,0.07229172438780077,0.03778691843737346
1998,VU,6,0,0,0,0.0,0.0,0.0
1999,VU,11,1,3,-2,0.09090909090909091,0.2727272727272727,-0.18181818181818182
2000,VU,16,2,0,2,0.125,0.0,0.125
2001,VU,10,2,1,1,0.2,0.1,0.1
2002,VU,18,4,3,1,0.2222222222222222,0.16666666666666666,0.05555555555555555
2003,VU,14,2,4,-2,0.14285714285714285,0.2857142857142857,-0.14285714285714285
2004,VU,14,1,2,-1,0.07142857142857142,0.14285714285714285,-0.07142857142857142
2005,VU,29,7,6,1,0.2413793103448276,0.20689655172413793,0.034482758620689655
2006,VU,21,3,5,-2,0.14285714285714285,0.23809523809523808,-0.09523809523809523
2007,VU,23,1,2,-1,0.043478260869565216,0.08695652173913043,-0.043478260869565216
2008,VU,19,6,3,3,0.3157894736842105,0.15789473684210525,0.15789473684210525
2009,VU,18,4,4,0,0.2222222222222222,0.2222222222222222,0.0
2010,VU,30,3,6,-3,0.1,0.2,-0.1
2011,VU,29,8,5,3,0.27586206896551724,0.1724137931034483,0.10344827586206896
2012,VU,16,2,7,-5,0.125,0.4375,-0.3125
2013,VU,31,4,6,-2,0.12903225806451613,0.1935483870967742,-0.06451612903225806
2014,VU,31,2,4,-2,0.06451612903225806,0.12903225806451613,-0.06451612903225806
2015,VU,60,7,6,1,0.11666666666666667,0.1,0.016666666666666666
2016,VU,44,7,7,0,0.1590909090909091,0.1590909090909091,0.0
2017,VU,47,12,9,3,0.2553191489361702,0.19148936170212766,0.06382978723404255
2018,VU,50,8,9,-1,0.16,0.18,-0.02
2019,VU,53,14,12,2,0.2641509433962264,0.22641509433962265,0.03773584905660377
2020,VU,85,11,11,0,0.12941176470588237,0.12941176470588237,0.0
2021,VU,90,15,11,4,0.16666666666666666,0.12222222222222222,0.044444444444444446
2022,VU,73,9,7,2,0.1232876712328767,0.0958904109589041,0.0273972602739726
2023,VU,81,14,10,4,0.1728395061728395,0.12345679012345678,0.04938271604938271
2024,VU,106,11,14,-3,0.10377358490566038,0.1320754716981132,-0.02830188679245283
2025,VU,90,9,14,-5,0.1,0.15555555555555556,-0.05555555555555555
1998,WS,5,0,0,0,0.0,0.0,0.0
1999,WS,13,2,2,0,0.15384615384615385,0.15384615384615385,0.0
2000,WS,11,1,2,-1,0.09090909090909091,0.18181818181818182,-0.09090909090909091
2001,WS,9,1,2,-1,0.1111111111111111,0.2222222222222222,-0.1111111111111111
2002,WS,10,3,2,1,0.3,0.2,0.1
2003,WS,8,0,3,-3,0.0,0.375,-0.375
2004,WS,9,0,0,0,0.0,0.0,0.0
2005,WS,13,6,1,5,0.46153846153846156,0.07692307692307693,0.38461538461538464
2006,WS,14,4,2,2,0.2857142857142857,0.14285714285714285,0.14285714285714285
2007,WS,10,1,5,-4,0.1,0.5,-0.4
2008,WS,11,4,3,1,0.36363636363636365,0.2727272727272727,0.09090909090909091
2009,WS,8,3,7,-4,0.375,0.875,-0.5
2010,WS,24,3,2,1,0.125,0.08333333333333333,0.041666666666666664
2011,WS,22,8,3,5,0.36363636363636365,0.13636363636363635,0.22727272727272727
2012,WS,24,7,5,2,0.2916666666666667,0.20833333333333334,0.08333333333333333
2013,WS,21,11,6,5,0.5238095238095238,0.2857142857142857,0.23809523809523808
2014,WS,34,8,7,1,0.23529411764705882,0.20588235294117646,0.029411764705882353
2015,WS,30,7,8,-1,0.23333333333333334,0.26666666666666666,-0.03333333333333333
2016,WS,66,15,4,11,0.22727272727272727,0.06060606060606061,0.16666666666666666
2017,WS,79,13,14,-1,0.16455696202531644,0.17721518987341772,-0.012658227848101266
2018,WS,53,8,4,4,0.1509433962264151,0.07547169811320754,0.07547169811320754
2019,WS,64,8,5,3,0.125,0.078125,0.046875
2020,WS,83,9,11,-2,0.10843373493975904,0.13253012048192772,-0.024096385542168676
2021,WS,101,18,12,6,0.1782178217821782,0.1188118811881188,0.0594059405940594
2022,WS,113,11,19,-8,0.09734513274336283,0.168141592920354,-0.07079646017699115
2023,WS,96,19,14,5,0.19791666666666666,0.14583333333333334,0.052083333333333336
2024,WS,84,13,16,-3,0.15476190476190477,0.19047619047619047,-0.03571428571428571
2025,WS,83,7,7,0,0.08433734939759036,0.08433734939759036,0.0
1998,XK,12,0,0,0,0.0,0.0,0.0
1999,XK,16,3,0,3,0.1875,0.0,0.1875
2000,XK,23,4,5,-1,0.17391304347826086,0.21739130434782608,-0.043478260869565216
2001,XK,16,1,3,-2,0.0625,0.1875,-0.125
2002,XK,33,2,8,-6,0.06060606060606061,0.24242424242424243,-0.18181818181818182
2003,XK,57,5,1,4,0.08771929824561403,0.017543859649122806,0.07017543859649122
2004,XK,48,9,16,-7,0.1875,0.3333333333333333,-0.14583333333333334
2005,XK,54,4,10,-6,0.07407407407407407,0.18518518518518517,-0.1111111111111111
2006,XK,155,14,9,5,0.09032258064516129,0.05806451612903226,0.03225806451612903
2007,XK,195,29,17,12,0.14871794871794872,0.08717948717948718,0.06153846153846154
2008,XK,254,32,21,11,0.12598425196850394,0.08267716535433071,0.04330708661417323
2009,XK,319,26,15,11,0.08150470219435736,0.047021943573667714,0.034482758620689655
2010,XK,347,30,45,-15,0.08645533141210375,0.12968299711815562,-0.043227665706051875
2011,XK,403,36,31,5,0.08933002481389578,0.07692307692307693,0.01240694789081886
2012,XK,507,46,37,9,0.09072978303747535,0.07297830374753451,0.01775147928994083
2013,XK,711,68,43,25,0.09563994374120956,0.06047819971870605,0.035161744022503515
2014,XK,696,65,54,11,0.09339080459770115,0.07758620689655173,0.015804597701149427
2015,XK,852,84,76,8,0.09859154929577464,0.0892018779342723,0.009389671361502348
2016,XK,1049,110,80,30,0.10486177311725453,0.07626310772163966,0.028598665395614873
2017,XK,1210,107,118,-11,0.0884297520661157,0.09752066115702479,-0.00909090909090909
2018,XK,1477,136,96,40,0.09207853757616791,0.06499661475964794,0.027081922816519974
2019,XK,1290,131,141,-10,0.10155038759689923,0.10930232558139535,-0.007751937984496124
2020,XK,1202,146,126,20,0.12146422628951747,0.1048252911813644,0.016638935108153077
2021,XK,1328,149,139,10,0.11219879518072289,0.10466867469879518,0.007530120481927711
2022,XK,1492,125,124,1,0.08378016085790885,0.08310991957104558,0.0006702412868632708
2023,XK,1558,155,157,-2,0.09948652118100128,0.10077021822849808,-0.0012836970474967907
2024,XK,1755,166,151,15,0.0945868945868946,0.08603988603988603,0.008547008547008548
2025,XK,1932,184,189,-5,0.09523809523809523,0.09782608695652174,-0.002587991718426501
1998,YE,103,0,0,0,0.0,0.0,0.0
1999,YE,77,7,8,-1,0.09090909090909091,0.1038961038961039,-0.012987012987012988
2000,YE,122,14,18,-4,0.11475409836065574,0.14754098360655737,-0.03278688524590164
2001,YE,108,20,16,4,0.18518518518518517,0.14814814814814814,0.037037037037037035
2002,YE,95,20,30,-10,0.21052631578947367,0.3157894736842105,-0.10526315789473684
2003,YE,124,17,24,-7,0.13709677419354838,0.1935483870967742,-0.056451612903225805
2004,YE,168,36,22,14,0.21428571428571427,0.13095238095238096,0.08333333333333333
2005,YE,191,46,35,11,0.24083769633507854,0.18324607329842932,0.05759162303664921
2006,YE,207,33,51,-18,0.15942028985507245,0.2463768115942029,-0.08695652173913043
2007,YE,221,51,41,10,0.23076923076923078,0.18552036199095023,0.04524886877828054
2008,YE,266,55,53,2,0.20676691729323307,0.19924812030075187,0.007518796992481203
2009,YE,308,71,72,-1,0.2305194805194805,0.23376623376623376,-0.003246753246753247
2010,YE,473,117,84,33,0.24735729386892177,0.17758985200845667,0.06976744186046512
2011,YE,558,133,109,24,0.23835125448028674,0.1953405017921147,0.043010752688172046
2012,YE,625,152,137,15,0.2432,0.2192,0.024
2013,YE,834,232,165,67,0.27817745803357313,0.19784172661870503,0.0803357314148681
2014,YE,969,272,237,35,0.2807017543859649,0.24458204334365324,0.03611971104231166
2015,YE,763,184,231,-47,0.24115334207077327,0.30275229357798167,-0.061598951507208385
2016,YE,884,187,205,-18,0.21153846153846154,0.2319004524886878,-0.020361990950226245
2017,YE,919,194,204,-10,0.21109902067464636,0.2219804134929271,-0.01088139281828074
2018,YE,1261,298,259,39,0.23632038065027755,0.20539254559873116,0.030927835051546393
2019,YE,1500,362,292,70,0.24133333333333334,0.19466666666666665,0.04666666666666667
2020,YE,1852,406,378,28,0.21922246220302377,0.2041036717062635,0.01511879049676026
2021,YE,2259,504,418,86,0.22310756972111553,0.18503762726870296,0.038069942452412575
2022,YE,2587,561,446,115,0.21685349826053343,0.1724004638577503,0.04445303440278315
2023,YE,3416,863,581,282,0.25263466042154564,0.17008196721311475,0.08255269320843091
2024,YE,4007,911,751,160,0.22735213376590965,0.18742201147991017,0.0399301222859995
2025,YE,4827,1116,813,303,0.23119950279676818,0.16842759477936606,0.06277190801740211
2007,YT,1,0,0,0,0.0,0.0,0.0
2011,YT,1,1,0,1,1.0,0.0,1.0
2013,YT,1,1,0,1,1.0,0.0,1.0
2014,YT,1,0,0,0,0.0,0.0,0.0
2015,YT,1,0,1,-1,0.0,1.0,-1.0
2016,YT,2,0,0,0,0.0,0.0,0.0
2017,YT,4,3,1,2,0.75,0.25,0.5
2018,YT,1,1,2,-1,1.0,2.0,-1.0
2019,YT,4,2,2,0,0.5,0.5,0.0
2020,YT,7,4,2,2,0.5714285714285714,0.2857142857142857,0.2857142857142857
2021,YT,8,2,3,-1,0.25,0.375,-0.125
2022,YT,8,3,3,0,0.375,0.375,0.0
2023,YT,7,2,0,2,0.2857142857142857,0.0,0.2857142857142857
2024,YT,7,2,5,-3,0.2857142857142857,0.7142857142857143,-0.42857142857142855
1998,ZA,5658,0,0,0,0.0,0.0,0.0
1999,ZA,6066,353,385,-32,0.05819320804484009,0.06346851302340917,-0.005275304978569074
2000,ZA,6789,520,551,-31,0.07659449108852556,0.08116070113418766,-0.0045662100456621
2001,ZA,6949,639,699,-60,0.09195567707583825,0.10059001295150381,-0.008634335875665563
2002,ZA,7977,746,802,-56,0.09351886674188291,0.10053904976808324,-0.007020183026200326
2003,ZA,8036,832,906,-74,0.10353409656545545,0.11274265803882529,-0.009208561473369835
2004,ZA,9025,972,920,52,0.10770083102493075,0.10193905817174516,0.005761772853185595
2005,ZA,9698,1064,1056,8,0.10971334295731079,0.1088884306042483,0.0008249123530624871
2006,ZA,10866,1179,1122,57,0.10850358917725014,0.10325786858089453,0.005245720596355604
2007,ZA,11524,1219,1158,61,0.10577924331829226,0.10048594238111767,0.005293300937174592
2008,ZA,13196,1471,1301,170,0.11147317368899666,0.09859048196423159,0.01288269172476508
2009,ZA,14052,1497,1536,-39,0.106532877882152,0.10930828351836037,-0.002775405636208369
2010,ZA,15322,1558,1576,-18,0.10168385328286124,0.102858634642997,-0.0011747813601357526
2011,ZA,18168,1808,1713,95,0.09951563188022898,0.09428665785997357,0.0052289740202553945
2012,ZA,19821,1897,1814,83,0.09570657383583069,0.09151909590838,0.004187477927450683
2013,ZA,21887,2168,1931,237,0.09905423310641019,0.08822588751313565,0.010828345593274547
2014,ZA,24312,2321,2127,194,0.09546725896676539,0.08748766041461006,0.007979598552155314
2015,ZA,24850,2354,2153,201,0.09472837022132796,0.08663983903420523,0.008088531187122737
2016,ZA,26974,2513,2307,206,0.09316378735078223,0.08552680358864091,0.007636983762141321
2017,ZA,27363,2494,2559,-65,0.09114497679348024,0.09352044731937288,-0.0023754705258926287
2018,ZA,29253,2790,2631,159,0.0953748333504256,0.08993949338529382,0.005435339965131782
2019,ZA,30616,2757,3094,-337,0.09005095374967337,0.10105827018552391,-0.011007316435850536
2020,ZA,33108,2781,3332,-551,0.08399782529902139,0.10064032862148121,-0.01664250332245983
2021,ZA,35262,2723,3368,-645,0.07722193863082072,0.09551358402813227,-0.018291645397311554
2022,ZA,37607,2720,3061,-341,0.07232696040630733,0.08139442125136277,-0.009067460845055442
2023,ZA,37588,3370,3730,-360,0.08965627327870597,0.09923379802064489,-0.009577524741938917
2024,ZA,40418,3791,3950,-159,0.09379484388143897,0.0977287347221535,-0.003933890840714533
2025,ZA,42434,4184,4498,-314,0.09860017910166376,0.10599990573596645,-0.007399726634302682
1998,ZM,184,0,0,0,0.0,0.0,0.0
1999,ZM,151,16,19,-3,0.10596026490066225,0.12582781456953643,-0.019867549668874173
2000,ZM,189,26,32,-6,0.13756613756613756,0.1693121693121693,-0.031746031746031744
2001,ZM,208,33,32,1,0.15865384615384615,0.15384615384615385,0.004807692307692308
2002,ZM,252,49,35,14,0.19444444444444445,0.1388888888888889,0.05555555555555555
2003,ZM,337,65,55,10,0.19287833827893175,0.1632047477744807,0.02967359050445104
2004,ZM,265,47,71,-24,0.17735849056603772,0.2679245283018868,-0.09056603773584905
2005,ZM,278,49,63,-14,0.17625899280575538,0.22661870503597123,-0.050359712230215826
2006,ZM,342,53,65,-12,0.15497076023391812,0.19005847953216373,-0.03508771929824561
2007,ZM,326,69,68,1,0.2116564417177914,0.2085889570552147,0.003067484662576687
2008,ZM,402,85,97,-12,0.21144278606965175,0.24129353233830847,-0.029850746268656716
2009,ZM,504,97,99,-2,0.19246031746031747,0.19642857142857142,-0.003968253968253968
2010,ZM,516,100,128,-28,0.1937984496124031,0.24806201550387597,-0.05426356589147287
2011,ZM,582,109,125,-16,0.1872852233676976,0.21477663230240548,-0.027491408934707903
2012,ZM,640,128,121,7,0.2,0.1890625,0.0109375
2013,ZM,879,144,134,10,0.16382252559726962,0.15244596131968147,0.011376564277588168
2014,ZM,1027,190,137,53,0.18500486854917234,0.13339824732229796,0.05160662122687439
2015,ZM,1180,220,194,26,0.1864406779661017,0.16440677966101694,0.022033898305084745
2016,ZM,1288,173,266,-93,0.1343167701863354,0.20652173913043478,-0.07220496894409938
2017,ZM,1337,196,217,-21,0.14659685863874344,0.16230366492146597,-0.015706806282722512
2018,ZM,1462,240,236,4,0.16415868673050615,0.16142270861833105,0.0027359781121751026
2019,ZM,1710,268,262,6,0.1567251461988304,0.15321637426900586,0.0035087719298245615
2020,ZM,2102,308,310,-2,0.14652711703139867,0.14747859181731685,-0.0009514747859181732
2021,ZM,2448,330,326,4,0.13480392156862744,0.13316993464052287,0.0016339869281045752
2022,ZM,2989,374,318,56,0.1251254600200736,0.10639009702241552,0.01873536299765808
2023,ZM,3433,481,449,32,0.14011069035828722,0.13078939702883774,0.00932129332944946
2024,ZM,3786,597,499,98,0.1576862123613312,0.1318013734812467,0.025884838880084523
2025,ZM,4641,767,631,136,0.16526610644257703,0.13596207713854772,0.029304029304029304
1998,ZW,375,0,0,0,0.0,0.0,0.0
1999,ZW,376,24,43,-19,0.06382978723404255,0.11436170212765957,-0.05053191489361702
2000,ZW,410,33,30,3,0.08048780487804878,0.07317073170731707,0.007317073170731708
2001,ZW,430,46,47,-1,0.10697674418604651,0.10930232558139535,-0.002325581395348837
2002,ZW,431,56,72,-16,0.12993039443155452,0.16705336426914152,-0.037122969837587005
2003,ZW,390,56,91,-35,0.14358974358974358,0.23333333333333334,-0.08974358974358974
2004,ZW,414,54,81,-27,0.13043478260869565,0.1956521739130435,-0.06521739130434782
2005,ZW,421,64,95,-31,0.15201900237529692,0.22565320665083136,-0.07363420427553444
2006,ZW,512,72,102,-30,0.140625,0.19921875,-0.05859375
2007,ZW,526,64,121,-57,0.12167300380228137,0.2300380228136882,-0.10836501901140684
2008,ZW,539,96,128,-32,0.17810760667903525,0.23747680890538034,-0.059369202226345084
2009,ZW,466,99,150,-51,0.21244635193133046,0.3218884120171674,-0.10944206008583691
2010,ZW,602,101,160,-59,0.16777408637873753,0.26578073089701,-0.09800664451827243
2011,ZW,703,132,152,-20,0.18776671408250356,0.21621621621621623,-0.02844950213371266
2012,ZW,934,145,177,-32,0.15524625267665954,0.18950749464668093,-0.034261241970021415
2013,ZW,1576,247,186,61,0.1567258883248731,0.11802030456852793,0.038705583756345176
2014,ZW,1656,247,280,-33,0.14915458937198067,0.16908212560386474,-0.019927536231884056
2015,ZW,1566,248,259,-11,0.1583652618135377,0.16538952745849297,-0.0070242656449553
2016,ZW,1439,140,263,-123,0.09728978457261987,0.18276580958999306,-0.08547602501737317
2017,ZW,1656,174,253,-79,0.10507246376811594,0.1527777777777778,-0.04770531400966183
2018,ZW,1888,291,234,57,0.1541313559322034,0.1239406779661017,0.030190677966101694
2019,ZW,2005,270,342,-72,0.13466334164588528,0.17057356608478802,-0.035910224438902745
2020,ZW,2374,329,351,-22,0.13858466722830665,0.14785172704296545,-0.009267059814658803
2021,ZW,2707,332,341,-9,0.1226449944588105,0.1259697081640192,-0.0033247137052087182
2022,ZW,3090,388,365,23,0.1255663430420712,0.11812297734627832,0.00744336569579288
2023,ZW,3192,410,443,-33,0.12844611528822056,0.1387844611528822,-0.010338345864661654
2024,ZW,3364,443,505,-62,0.1316884661117717,0.15011890606420927,-0.018430439952437573
2025,ZW,4303,502,514,-12,0.11666279339995352,0.11945154543341854,-0.0027887520334650244
