year,country,n_researchers_padded,inmigration,outmigration,netmigration,inmigration_rate,outmigration_rate,netmigration_rate
1998,AD,3,0,0,0,0.0,0.0,0.0
1999,AD,3,1,0,1,0.3333333333333333,0.0,0.3333333333333333
2000,AD,10,0,1,-1,0.0,0.1,-0.1
2001,AD,15,1,1,0,0.06666666666666667,0.06666666666666667,0.0
2002,AD,15,2,1,1,0.13333333333333333,0.06666666666666667,0.06666666666666667
2003,AD,19,1,0,1,0.05263157894736842,0.0,0.05263157894736842
2004,AD,25,2,2,0,0.08,0.08,0.0
2005,AD,29,2,0,2,0.06896551724137931,0.0,0.06896551724137931
2006,AD,22,3,2,1,0.13636363636363635,0.09090909090909091,0.045454545454545456
2007,AD,25,0,1,-1,0.0,0.04,-0.04
2008,AD,22,0,2,-2,0.0,0.09090909090909091,-0.09090909090909091
2009,AD,24,2,0,2,0.08333333333333333,0.0,0.08333333333333333
2010,AD,26,3,2,1,0.11538461538461539,0.07692307692307693,0.038461538461538464
2011,AD,34,2,2,0,0.058823529411764705,0.058823529411764705,0.0
2012,AD,49,3,4,-1,0.061224489795918366,0.08163265306122448,-0.02040816326530612
2013,AD,47,6,4,2,0.1276595744680851,0.0851063829787234,0.0425531914893617
2014,AD,47,8,6,2,0.1702127659574468,0.1276595744680851,0.0425531914893617
2015,AD,43,1,3,-2,0.023255813953488372,0.06976744186046512,-0.046511627906976744
2016,AD,49,6,6,0,0.12244897959183673,0.12244897959183673,0.0
2017,AD,56,4,3,1,0.07142857142857142,0.05357142857142857,0.017857142857142856
2018,AD,71,10,1,9,0.14084507042253522,0.014084507042253521,0.1267605633802817
2019,AD,70,2,9,-7,0.02857142857142857,0.12857142857142856,-0.1
2020,AD,78,8,6,2,0.10256410256410256,0.07692307692307693,0.02564102564102564
2021,AD,83,11,2,9,0.13253012048192772,0.024096385542168676,0.10843373493975904
2022,AD,75,9,9,0,0.12,0.12,0.0
2023,AD,87,11,11,0,0.12643678160919541,0.12643678160919541,0.0
2024,AD,70,12,5,7,0.17142857142857143,0.07142857142857142,0.1
2025,AD,48,10,14,-4,0.20833333333333334,0.2916666666666667,-0.08333333333333333
1998,AE,917,0,0,0,0.0,0.0,0.0
1999,AE,945,39,23,16,0.04126984126984127,0.02433862433862434,0.016931216931216932
2000,AE,1060,58,36,22,0.05471698113207547,0.033962264150943396,0.020754716981132074
2001,AE,1216,87,45,42,0.07154605263157894,0.03700657894736842,0.03453947368421053
2002,AE,1317,84,85,-1,0.06378132118451026,0.06454062262718299,-0.0007593014426727411
2003,AE,1525,150,93,57,0.09836065573770492,0.06098360655737705,0.037377049180327866
2004,AE,1747,143,114,29,0.08185460789925587,0.06525472238122496,0.01659988551803091
2005,AE,2007,183,102,81,0.09118086696562033,0.05082212257100149,0.04035874439461883
2006,AE,2314,197,151,46,0.08513396715643906,0.06525496974935177,0.019878997407087293
2007,AE,2582,214,147,67,0.08288148721920992,0.05693261037955073,0.025948876839659178
2008,AE,2971,251,198,53,0.0844833389431168,0.06664422753281724,0.017839111410299563
2009,AE,3479,279,212,67,0.08019545846507617,0.0609370508766887,0.01925840758838747
2010,AE,4225,355,225,130,0.08402366863905325,0.05325443786982249,0.03076923076923077
2011,AE,4947,382,242,140,0.07721851627248838,0.04891853648675965,0.028299979785728725
2012,AE,5752,517,297,220,0.08988178025034771,0.05163421418636996,0.03824756606397774
2013,AE,6720,522,360,162,0.07767857142857143,0.05357142857142857,0.024107142857142858
2014,AE,7558,648,505,143,0.0857369674517068,0.06681661815295052,0.018920349298756283
2015,AE,9070,823,500,323,0.09073869900771775,0.05512679162072767,0.03561190738699008
2016,AE,10847,851,618,233,0.07845487231492579,0.05697427860237854,0.02148059371254725
2017,AE,13518,1163,703,460,0.08603343689894954,0.05200473442816985,0.0340287024707797
2018,AE,16321,1387,839,548,0.08498253783469151,0.051406163838000125,0.03357637399669138
2019,AE,18757,1448,900,548,0.07719784613744202,0.047982086687636614,0.029215759449805406
2020,AE,21703,1613,1224,389,0.07432152237017924,0.05639773303229968,0.017923789337879557
2021,AE,24719,1595,1319,276,0.06452526396698896,0.053359763744488045,0.01116550022250091
2022,AE,29621,1822,1267,555,0.061510414908342054,0.0427737078424091,0.018736707065932952
2023,AE,35651,2339,1640,699,0.06560825783287987,0.046001514684020084,0.019606743148859778
2024,AE,30096,2805,1884,921,0.09320175438596491,0.06259968102073366,0.03060207336523126
2025,AE,21286,3723,2255,1468,0.174903692567885,0.10593817532650568,0.06896551724137931
1998,AF,46,0,0,0,0.0,0.0,0.0
1999,AF,57,1,0,1,0.017543859649122806,0.0,0.017543859649122806
2000,AF,83,2,0,2,0.024096385542168676,0.0,0.024096385542168676
2001,AF,81,1,1,0,0.012345679012345678,0.012345679012345678,0.0
2002,AF,114,2,0,2,0.017543859649122806,0.0,0.017543859649122806
2003,AF,126,5,1,4,0.03968253968253968,0.007936507936507936,0.031746031746031744
2004,AF,106,6,5,1,0.05660377358490566,0.04716981132075472,0.009433962264150943
2005,AF,86,7,2,5,0.08139534883720931,0.023255813953488372,0.05813953488372093
2006,AF,88,6,4,2,0.06818181818181818,0.045454545454545456,0.022727272727272728
2007,AF,103,2,8,-6,0.019417475728155338,0.07766990291262135,-0.05825242718446602
2008,AF,133,3,7,-4,0.022556390977443608,0.05263157894736842,-0.03007518796992481
2009,AF,189,16,6,10,0.08465608465608465,0.031746031746031744,0.05291005291005291
2010,AF,224,14,7,7,0.0625,0.03125,0.03125
2011,AF,272,14,11,3,0.051470588235294115,0.04044117647058824,0.011029411764705883
2012,AF,293,12,15,-3,0.040955631399317405,0.051194539249146756,-0.010238907849829351
2013,AF,329,22,11,11,0.0668693009118541,0.03343465045592705,0.03343465045592705
2014,AF,406,22,19,3,0.054187192118226604,0.046798029556650245,0.007389162561576354
2015,AF,493,29,23,6,0.058823529411764705,0.04665314401622718,0.012170385395537525
2016,AF,614,57,18,39,0.09283387622149837,0.029315960912052116,0.06351791530944625
2017,AF,819,49,40,9,0.05982905982905983,0.04884004884004884,0.01098901098901099
2018,AF,1327,58,53,5,0.04370761115297664,0.039939713639788994,0.0037678975131876413
2019,AF,1840,68,46,22,0.03695652173913044,0.025,0.011956521739130435
2020,AF,2257,85,78,7,0.03766061143110323,0.034559149313247675,0.0031014621178555605
2021,AF,2855,141,81,60,0.04938704028021016,0.028371278458844133,0.021015761821366025
2022,AF,3815,120,109,11,0.03145478374836173,0.02857142857142857,0.0028833551769331584
2023,AF,5070,175,145,30,0.03451676528599606,0.028599605522682446,0.005917159763313609
2024,AF,4106,164,148,16,0.03994154895275207,0.03604481246955674,0.003896736483195324
2025,AF,2561,271,182,89,0.10581803982819211,0.07106598984771574,0.034752049980476374
1998,AG,4,0,0,0,0.0,0.0,0.0
1999,AG,4,1,0,1,0.25,0.0,0.25
2000,AG,3,0,0,0,0.0,0.0,0.0
2001,AG,6,0,1,-1,0.0,0.16666666666666666,-0.16666666666666666
2002,AG,7,0,0,0,0.0,0.0,0.0
2003,AG,9,1,0,1,0.1111111111111111,0.0,0.1111111111111111
2004,AG,12,1,0,1,0.08333333333333333,0.0,0.08333333333333333
2005,AG,14,3,0,3,0.21428571428571427,0.0,0.21428571428571427
2006,AG,17,3,2,1,0.17647058823529413,0.11764705882352941,0.058823529411764705
2007,AG,15,2,4,-2,0.13333333333333333,0.26666666666666666,-0.13333333333333333
2008,AG,21,2,2,0,0.09523809523809523,0.09523809523809523,0.0
2009,AG,26,1,3,-2,0.038461538461538464,0.11538461538461539,-0.07692307692307693
2010,AG,40,5,2,3,0.125,0.05,0.075
2011,AG,69,24,3,21,0.34782608695652173,0.043478260869565216,0.30434782608695654
2012,AG,66,10,13,-3,0.15151515151515152,0.19696969696969696,-0.045454545454545456
2013,AG,74,16,12,4,0.21621621621621623,0.16216216216216217,0.05405405405405406
2014,AG,80,20,22,-2,0.25,0.275,-0.025
2015,AG,82,16,21,-5,0.1951219512195122,0.25609756097560976,-0.06097560975609756
2016,AG,91,15,16,-1,0.16483516483516483,0.17582417582417584,-0.01098901098901099
2017,AG,98,7,15,-8,0.07142857142857142,0.15306122448979592,-0.08163265306122448
2018,AG,118,27,11,16,0.2288135593220339,0.09322033898305085,0.13559322033898305
2019,AG,137,17,30,-13,0.12408759124087591,0.21897810218978103,-0.0948905109489051
2020,AG,202,33,28,5,0.16336633663366337,0.13861386138613863,0.024752475247524754
2021,AG,278,39,23,16,0.14028776978417265,0.08273381294964029,0.05755395683453238
2022,AG,386,72,33,39,0.18652849740932642,0.08549222797927461,0.10103626943005181
2023,AG,493,69,69,0,0.13995943204868155,0.13995943204868155,0.0
2024,AG,444,105,59,46,0.23648648648648649,0.13288288288288289,0.1036036036036036
2025,AG,320,137,102,35,0.428125,0.31875,0.109375
1998,AL,157,0,0,0,0.0,0.0,0.0
1999,AL,165,7,9,-2,0.04242424242424243,0.05454545454545454,-0.012121212121212121
2000,AL,195,16,11,5,0.08205128205128205,0.05641025641025641,0.02564102564102564
2001,AL,200,15,13,2,0.075,0.065,0.01
2002,AL,218,8,20,-12,0.03669724770642202,0.09174311926605505,-0.05504587155963303
2003,AL,219,17,19,-2,0.0776255707762557,0.0867579908675799,-0.0091324200913242
2004,AL,250,13,17,-4,0.052,0.068,-0.016
2005,AL,303,20,13,7,0.066006600660066,0.0429042904290429,0.0231023102310231
2006,AL,356,26,15,11,0.07303370786516854,0.042134831460674156,0.03089887640449438
2007,AL,457,19,22,-3,0.04157549234135667,0.04814004376367615,-0.006564551422319475
2008,AL,686,17,24,-7,0.02478134110787172,0.03498542274052478,-0.01020408163265306
2009,AL,908,34,19,15,0.037444933920704845,0.02092511013215859,0.016519823788546256
2010,AL,1225,58,17,41,0.0473469387755102,0.013877551020408163,0.03346938775510204
2011,AL,1795,23,39,-16,0.012813370473537604,0.021727019498607242,-0.008913649025069638
2012,AL,2351,49,41,8,0.020842194810718844,0.017439387494683115,0.0034028073160357296
2013,AL,2874,68,49,19,0.023660403618649965,0.017049408489909535,0.006610995128740431
2014,AL,3050,63,72,-9,0.020655737704918034,0.02360655737704918,-0.0029508196721311475
2015,AL,3052,99,61,38,0.032437745740498035,0.01998689384010485,0.012450851900393184
2016,AL,2847,81,81,0,0.02845100105374078,0.02845100105374078,0.0
2017,AL,2717,101,78,23,0.037173352962826645,0.028708133971291867,0.008465218991534781
2018,AL,2736,73,103,-30,0.0266812865497076,0.03764619883040936,-0.010964912280701754
2019,AL,3018,100,89,11,0.03313452617627568,0.029489728296885353,0.003644797879390325
2020,AL,3493,84,106,-22,0.02404809619238477,0.030346407099914114,-0.006298310907529345
2021,AL,4166,97,135,-38,0.02328372539606337,0.032405184829572733,-0.009121459433509362
2022,AL,4699,106,105,1,0.02255799106192807,0.022345179825494787,0.00021281123643328368
2023,AL,5525,152,156,-4,0.02751131221719457,0.02823529411764706,-0.0007239819004524887
2024,AL,4490,162,140,22,0.03608017817371938,0.031180400890868598,0.004899777282850779
2025,AL,2993,193,166,27,0.06448379552288673,0.055462746408286,0.009021049114600735
1998,AM,1202,0,0,0,0.0,0.0,0.0
1999,AM,1289,23,26,-3,0.017843289371605897,0.02017067494181536,-0.0023273855702094647
2000,AM,1474,37,48,-11,0.025101763907734057,0.032564450474898234,-0.007462686567164179
2001,AM,1485,35,52,-17,0.02356902356902357,0.035016835016835016,-0.011447811447811448
2002,AM,1427,38,63,-25,0.026629292221443588,0.04414856341976174,-0.01751927119831815
2003,AM,1473,46,73,-27,0.031228784792939578,0.04955872369314324,-0.018329938900203666
2004,AM,1643,60,63,-3,0.036518563603164945,0.03834449178332319,-0.0018259281801582471
2005,AM,1834,57,56,1,0.031079607415485277,0.030534351145038167,0.0005452562704471102
2006,AM,1979,61,70,-9,0.030823648307225872,0.035371399696816574,-0.004547751389590703
2007,AM,1963,70,75,-5,0.03565970453387672,0.038206826286296486,-0.0025471217524197657
2008,AM,2031,96,105,-9,0.047267355982274745,0.051698670605613,-0.004431314623338257
2009,AM,2064,70,110,-40,0.03391472868217054,0.05329457364341085,-0.01937984496124031
2010,AM,2269,81,107,-26,0.035698545614808286,0.04715733803437638,-0.011458792419568091
2011,AM,2816,86,126,-40,0.030539772727272728,0.044744318181818184,-0.014204545454545454
2012,AM,3237,98,128,-30,0.03027494593759654,0.03954278653073834,-0.009267840593141797
2013,AM,3626,300,143,157,0.0827357970215113,0.03943739658025373,0.04329840044125759
2014,AM,3913,392,235,157,0.1001788908765653,0.06005622284692052,0.04012266802964477
2015,AM,4088,343,318,25,0.0839041095890411,0.07778864970645792,0.00611545988258317
2016,AM,4587,526,336,190,0.11467189884456072,0.07325049051667756,0.04142140832788315
2017,AM,4706,439,454,-15,0.09328516787080322,0.09647258818529537,-0.003187420314492138
2018,AM,5015,671,551,120,0.1337986041874377,0.1098703888334995,0.023928215353938187
2019,AM,5358,491,824,-333,0.09163867114594998,0.1537887271369914,-0.06215005599104143
2020,AM,6681,887,519,368,0.13276455620416105,0.0776829815895824,0.05508157461457865
2021,AM,7380,977,672,305,0.1323848238482385,0.0910569105691057,0.041327913279132794
2022,AM,7235,459,879,-420,0.06344160331720802,0.12149274360746372,-0.0580511402902557
2023,AM,7909,321,505,-184,0.040586673410039194,0.06385130863573145,-0.02326463522569225
2024,AM,6586,381,494,-113,0.05784998481627695,0.07500759186152445,-0.017157607045247495
2025,AM,4714,493,442,51,0.10458209588459906,0.09376325837929571,0.010818837505303353
1998,AO,50,0,0,0,0.0,0.0,0.0
1999,AO,81,1,3,-2,0.012345679012345678,0.037037037037037035,-0.024691358024691357
2000,AO,106,4,1,3,0.03773584905660377,0.009433962264150943,0.02830188679245283
2001,AO,109,1,2,-1,0.009174311926605505,0.01834862385321101,-0.009174311926605505
2002,AO,137,3,3,0,0.021897810218978103,0.021897810218978103,0.0
2003,AO,193,9,3,6,0.046632124352331605,0.015544041450777202,0.031088082901554404
2004,AO,202,10,11,-1,0.04950495049504951,0.054455445544554455,-0.0049504950495049506
2005,AO,216,20,6,14,0.09259259259259259,0.027777777777777776,0.06481481481481481
2006,AO,183,9,11,-2,0.04918032786885246,0.060109289617486336,-0.01092896174863388
2007,AO,242,18,10,8,0.0743801652892562,0.04132231404958678,0.03305785123966942
2008,AO,270,7,15,-8,0.025925925925925925,0.05555555555555555,-0.02962962962962963
2009,AO,322,14,11,3,0.043478260869565216,0.034161490683229816,0.009316770186335404
2010,AO,350,24,29,-5,0.06857142857142857,0.08285714285714285,-0.014285714285714285
2011,AO,377,16,25,-9,0.042440318302387266,0.06631299734748011,-0.023872679045092837
2012,AO,549,29,10,19,0.052823315118397086,0.018214936247723135,0.03460837887067395
2013,AO,654,24,29,-5,0.03669724770642202,0.04434250764525994,-0.00764525993883792
2014,AO,799,46,24,22,0.057571964956195244,0.030037546933667083,0.02753441802252816
2015,AO,820,63,55,8,0.07682926829268293,0.06707317073170732,0.00975609756097561
2016,AO,809,54,57,-3,0.06674907292954264,0.07045735475896168,-0.003708281829419036
2017,AO,853,46,60,-14,0.053927315357561546,0.07033997655334115,-0.016412661195779603
2018,AO,1159,53,52,1,0.0457290767903365,0.04486626402070751,0.0008628127696289905
2019,AO,1655,64,80,-16,0.03867069486404834,0.04833836858006042,-0.009667673716012085
2020,AO,2134,135,77,58,0.06326148078725398,0.03608247422680412,0.02717900656044986
2021,AO,2123,118,100,18,0.055581723975506356,0.047103155911446065,0.008478568064060292
2022,AO,1872,92,91,1,0.049145299145299144,0.04861111111111111,0.0005341880341880342
2023,AO,1552,113,155,-42,0.07280927835051547,0.09987113402061856,-0.027061855670103094
2024,AO,1092,129,135,-6,0.11813186813186813,0.12362637362637363,-0.005494505494505495
2025,AO,655,166,143,23,0.2534351145038168,0.2183206106870229,0.035114503816793895
2024,AQ,1,1,0,1,1.0,0.0,1.0
1998,AR,15968,0,0,0,0.0,0.0,0.0
1999,AR,17427,325,288,37,0.01864922247087852,0.016526080220347735,0.0021231422505307855
2000,AR,18966,485,554,-69,0.02557207634714753,0.029210165559422123,-0.0036380892122745965
2001,AR,20159,594,656,-62,0.02946574730889429,0.03254129669130413,-0.0030755493824098415
2002,AR,21935,667,802,-135,0.030408023706405288,0.03656257123318897,-0.006154547526783679
2003,AR,23672,785,973,-188,0.033161541061169315,0.04110341331530923,-0.007941872254139911
2004,AR,25918,937,1117,-180,0.036152480901304115,0.043097461223859865,-0.006944980322555753
2005,AR,27926,1024,1189,-165,0.036668337749767244,0.042576810141087156,-0.005908472391319917
2006,AR,30530,1233,1292,-59,0.040386505076973465,0.04231903046184081,-0.0019325253848673435
2007,AR,33102,1377,1395,-18,0.041598694942903754,0.04214246873300707,-0.000543773790103317
2008,AR,35980,1531,1579,-48,0.04255141745414119,0.043885491939966645,-0.0013340744858254586
2009,AR,39511,1659,1647,12,0.04198830705373187,0.041684594163650626,0.0003037128900812432
2010,AR,43446,1848,1743,105,0.04253556138654882,0.04011876812594945,0.0024167932605993645
2011,AR,46974,2037,1977,60,0.043364414356878274,0.04208711201941499,0.0012773023374632775
2012,AR,50285,2110,2195,-85,0.04196082330714925,0.0436511882271055,-0.0016903649199562494
2013,AR,52911,2409,2363,46,0.04552928502579804,0.04465990058777948,0.0008693844380185594
2014,AR,56163,2583,2540,43,0.045991132952299556,0.04522550433559461,0.0007656286167049481
2015,AR,59341,2724,2678,46,0.045904180920442864,0.045129000185369306,0.0007751807350735579
2016,AR,63865,2849,2829,20,0.044609723635794254,0.0442965630627104,0.00031316057308384876
2017,AR,66801,2949,3066,-117,0.044146045717878474,0.04589751650424395,-0.0017514707863654736
2018,AR,72140,3418,3175,243,0.047380094261158856,0.04401164402550596,0.003368450235652897
2019,AR,74245,3262,3728,-466,0.043935618560172404,0.05021213549733989,-0.006276516937167486
2020,AR,75594,3809,3926,-117,0.050387596899224806,0.05193533878350134,-0.0015477418842765299
2021,AR,74663,3969,3909,60,0.0531588604797557,0.05235524958814942,0.0008036108916062842
2022,AR,73735,3094,3847,-753,0.041961076829185595,0.05217332338780769,-0.010212246558622093
2023,AR,75405,3925,4429,-504,0.052052251176977656,0.058736158079702935,-0.006683906902725283
2024,AR,59819,3904,4617,-713,0.06526354502749962,0.07718283488523713,-0.011919289857737507
2025,AR,38995,4200,4987,-787,0.10770611616873958,0.1278881907936915,-0.020182074624951918
1998,AS,18,0,0,0,0.0,0.0,0.0
1999,AS,24,1,0,1,0.041666666666666664,0.0,0.041666666666666664
2000,AS,19,1,1,0,0.05263157894736842,0.05263157894736842,0.0
2001,AS,14,2,3,-1,0.14285714285714285,0.21428571428571427,-0.07142857142857142
2002,AS,17,2,7,-5,0.11764705882352941,0.4117647058823529,-0.29411764705882354
2003,AS,20,1,2,-1,0.05,0.1,-0.05
2004,AS,18,2,0,2,0.1111111111111111,0.0,0.1111111111111111
2005,AS,29,2,1,1,0.06896551724137931,0.034482758620689655,0.034482758620689655
2006,AS,33,2,4,-2,0.06060606060606061,0.12121212121212122,-0.06060606060606061
2007,AS,45,4,1,3,0.08888888888888889,0.022222222222222223,0.06666666666666667
2008,AS,40,4,4,0,0.1,0.1,0.0
2009,AS,47,6,4,2,0.1276595744680851,0.0851063829787234,0.0425531914893617
2010,AS,53,6,2,4,0.11320754716981132,0.03773584905660377,0.07547169811320754
2011,AS,54,4,4,0,0.07407407407407407,0.07407407407407407,0.0
2012,AS,59,12,6,6,0.2033898305084746,0.1016949152542373,0.1016949152542373
2013,AS,46,6,10,-4,0.13043478260869565,0.21739130434782608,-0.08695652173913043
2014,AS,41,4,7,-3,0.0975609756097561,0.17073170731707318,-0.07317073170731707
2015,AS,47,6,8,-2,0.1276595744680851,0.1702127659574468,-0.0425531914893617
2016,AS,55,11,3,8,0.2,0.05454545454545454,0.14545454545454545
2017,AS,64,11,5,6,0.171875,0.078125,0.09375
2018,AS,67,12,10,2,0.1791044776119403,0.14925373134328357,0.029850746268656716
2019,AS,60,4,11,-7,0.06666666666666667,0.18333333333333332,-0.11666666666666667
2020,AS,64,11,7,4,0.171875,0.109375,0.0625
2021,AS,77,7,10,-3,0.09090909090909091,0.12987012987012986,-0.03896103896103896
2022,AS,91,4,5,-1,0.04395604395604396,0.054945054945054944,-0.01098901098901099
2023,AS,125,9,5,4,0.072,0.04,0.032
2024,AS,114,17,6,11,0.14912280701754385,0.05263157894736842,0.09649122807017543
2025,AS,80,24,15,9,0.3,0.1875,0.1125
1998,AT,18489,0,0,0,0.0,0.0,0.0
1999,AT,19338,784,702,82,0.040541938152859655,0.0363015823766677,0.004240355776191954
2000,AT,20707,986,1045,-59,0.04761674795962718,0.05046602598155213,-0.002849278021924953
2001,AT,22047,1130,1228,-98,0.05125413888510909,0.05569918809815395,-0.004445049213044859
2002,AT,23895,1377,1314,63,0.0576271186440678,0.05499058380414312,0.0026365348399246705
2003,AT,25395,1439,1432,7,0.05666469777515259,0.05638905296318173,0.0002756448119708604
2004,AT,26918,1656,1598,58,0.06152017237536221,0.05936548034772271,0.0021546920276394976
2005,AT,28363,1765,1630,135,0.06222896026513415,0.057469238091880266,0.004759722173253887
2006,AT,31122,1865,1795,70,0.05992545466229677,0.057676241886768204,0.002249212775528565
2007,AT,34139,2032,1972,60,0.05952136852280383,0.057763847798705296,0.0017575207240985383
2008,AT,36578,2419,2162,257,0.06613264803980534,0.05910656678878014,0.007026081251025207
2009,AT,38227,2559,2515,44,0.06694221361864651,0.065791194705313,0.0011510189133335077
2010,AT,40130,2702,2457,245,0.06733117368552205,0.06122601544978819,0.006105158235733865
2011,AT,42252,2794,2538,256,0.06612704724036732,0.060068162453848335,0.0060588847865189815
2012,AT,44557,3625,2982,643,0.08135646475301299,0.06692551114303028,0.014430953609982719
2013,AT,45447,3449,3508,-59,0.07589059783924132,0.07718881334301494,-0.0012982155037736265
2014,AT,47217,3408,3351,57,0.0721773937353072,0.07097020141050893,0.0012071923247982718
2015,AT,49201,3334,3536,-202,0.06776285034857014,0.07186845795817158,-0.004105607609601431
2016,AT,50855,3697,3487,210,0.07269688329564448,0.06856749582145315,0.0041293874741913286
2017,AT,52876,4076,3460,616,0.07708601255768212,0.06543611468341025,0.011649897874271882
2018,AT,54713,3626,3949,-323,0.06627309780125382,0.07217663078244659,-0.00590353298119277
2019,AT,57795,4135,3610,525,0.07154598148628774,0.062462150705078295,0.009083830781209447
2020,AT,61665,4440,4000,440,0.0720019459985405,0.06486661801670315,0.007135327981837347
2021,AT,63520,4118,3868,250,0.06482997481108313,0.06089420654911839,0.003935768261964736
2022,AT,65800,4362,3668,694,0.0662917933130699,0.05574468085106383,0.010547112462006078
2023,AT,67675,4414,4127,287,0.0652234946435168,0.06098263760620613,0.004240857037310676
2024,AT,55972,4401,4189,212,0.07862860001429287,0.0748409919245337,0.0037876080897591654
2025,AT,39623,4385,4514,-129,0.11066804633672361,0.11392373116624183,-0.003255684829518209
1998,AU,62574,0,0,0,0.0,0.0,0.0
1999,AU,65091,2178,2161,17,0.0334608471217219,0.03319967430213086,0.0002611728195910341
2000,AU,69792,3162,3190,-28,0.0453060522696011,0.045707244383310405,-0.0004011921137093077
2001,AU,73263,3793,3737,56,0.05177238169335135,0.051008012229911415,0.0007643694634399356
2002,AU,77685,4538,4705,-167,0.05841539550749823,0.06056510265817082,-0.002149707150672588
2003,AU,81128,5028,4998,30,0.06197613647569273,0.06160635045853466,0.0003697860171580712
2004,AU,87031,5435,5504,-69,0.06244901242086153,0.06324183336971884,-0.0007928209488573037
2005,AU,92668,6143,6076,67,0.06629041308758148,0.06556740190788622,0.0007230111796952561
2006,AU,98647,7031,6367,664,0.07127434184516508,0.06454327044917738,0.006731071395987714
2007,AU,104711,7536,6807,729,0.07196951609668516,0.0650074968245934,0.006962019272091757
2008,AU,111001,8007,7708,299,0.07213448527490743,0.06944081584850587,0.002693669426401564
2009,AU,119076,9053,8087,966,0.07602707514528537,0.06791460915717693,0.008112465988108435
2010,AU,125963,9532,8665,867,0.07567301509173328,0.06879004152012892,0.00688297357160436
2011,AU,135832,10318,9285,1033,0.0759614818304965,0.06835649920490017,0.0076049826255963245
2012,AU,143622,11167,9924,1243,0.07775271198005876,0.06909804904541086,0.008654662934647896
2013,AU,153523,13347,10226,3121,0.08693811350742234,0.06660891201969737,0.020329201487724966
2014,AU,157454,12484,12121,363,0.07928664879901431,0.07698121356078601,0.002305435238228308
2015,AU,165002,13008,12070,938,0.07883540805565993,0.07315062847723058,0.005684779578429352
2016,AU,171492,13735,12418,1317,0.08009119958948523,0.07241154106313998,0.007679658526345252
2017,AU,178376,14392,13426,966,0.08068350002242454,0.07526797326994664,0.005415526752477912
2018,AU,184981,15009,14401,608,0.08113806282807423,0.07785123877587428,0.0032868240521999556
2019,AU,193233,16645,14762,1883,0.0861395310324841,0.07639481869038932,0.009744712342094777
2020,AU,199646,15488,16575,-1087,0.07757731184196028,0.08302194884946355,-0.0054446370075032805
2021,AU,204851,15455,14969,486,0.07544507959443693,0.07307262351660475,0.0023724560778321806
2022,AU,209137,13579,13902,-323,0.06492873092757379,0.06647317308749767,-0.0015444421599238776
2023,AU,214684,15262,16177,-915,0.07109053306254774,0.07535261127983454,-0.004262078217286803
2024,AU,179588,17066,17729,-663,0.0950286210659955,0.09872040448136847,-0.003691783415372965
2025,AU,129716,18955,18790,165,0.14612692343272995,0.14485491381171173,0.0012720096210182244
1998,AW,8,0,0,0,0.0,0.0,0.0
1999,AW,5,0,1,-1,0.0,0.2,-0.2
2000,AW,6,0,0,0,0.0,0.0,0.0
2001,AW,3,0,0,0,0.0,0.0,0.0
2002,AW,2,1,0,1,0.5,0.0,0.5
2003,AW,4,0,2,-2,0.0,0.5,-0.5
2004,AW,4,0,2,-2,0.0,0.5,-0.5
2005,AW,7,0,0,0,0.0,0.0,0.0
2006,AW,7,1,0,1,0.14285714285714285,0.0,0.14285714285714285
2007,AW,10,3,0,3,0.3,0.0,0.3
2008,AW,13,2,0,2,0.15384615384615385,0.0,0.15384615384615385
2009,AW,18,0,0,0,0.0,0.0,0.0
2010,AW,27,1,3,-2,0.037037037037037035,0.1111111111111111,-0.07407407407407407
2011,AW,36,1,3,-2,0.027777777777777776,0.08333333333333333,-0.05555555555555555
2012,AW,45,3,2,1,0.06666666666666667,0.044444444444444446,0.022222222222222223
2013,AW,53,1,2,-1,0.018867924528301886,0.03773584905660377,-0.018867924528301886
2014,AW,53,5,3,2,0.09433962264150944,0.05660377358490566,0.03773584905660377
2015,AW,53,9,3,6,0.16981132075471697,0.05660377358490566,0.11320754716981132
2016,AW,66,12,9,3,0.18181818181818182,0.13636363636363635,0.045454545454545456
2017,AW,64,3,13,-10,0.046875,0.203125,-0.15625
2018,AW,101,12,5,7,0.1188118811881188,0.04950495049504951,0.06930693069306931
2019,AW,107,5,5,0,0.04672897196261682,0.04672897196261682,0.0
2020,AW,123,14,4,10,0.11382113821138211,0.032520325203252036,0.08130081300813008
2021,AW,108,12,7,5,0.1111111111111111,0.06481481481481481,0.046296296296296294
2022,AW,108,6,3,3,0.05555555555555555,0.027777777777777776,0.027777777777777776
2023,AW,104,13,6,7,0.125,0.057692307692307696,0.0673076923076923
2024,AW,72,9,9,0,0.125,0.125,0.0
2025,AW,44,18,11,7,0.4090909090909091,0.25,0.1590909090909091
1998,AX,14,0,0,0,0.0,0.0,0.0
1999,AX,5,0,1,-1,0.0,0.2,-0.2
2000,AX,8,3,1,2,0.375,0.125,0.25
2001,AX,8,0,2,-2,0.0,0.25,-0.25
2002,AX,7,0,2,-2,0.0,0.2857142857142857,-0.2857142857142857
2003,AX,10,1,1,0,0.1,0.1,0.0
2004,AX,6,0,1,-1,0.0,0.16666666666666666,-0.16666666666666666
2005,AX,5,2,0,2,0.4,0.0,0.4
2006,AX,1,0,4,-4,0.0,4.0,-4.0
2007,AX,2,0,1,-1,0.0,0.5,-0.5
2008,AX,3,1,2,-1,0.3333333333333333,0.6666666666666666,-0.3333333333333333
2009,AX,8,0,1,-1,0.0,0.125,-0.125
2010,AX,7,0,1,-1,0.0,0.14285714285714285,-0.14285714285714285
2011,AX,8,5,0,5,0.625,0.0,0.625
2012,AX,3,0,1,-1,0.0,0.3333333333333333,-0.3333333333333333
2013,AX,7,1,0,1,0.14285714285714285,0.0,0.14285714285714285
2014,AX,10,2,0,2,0.2,0.0,0.2
2015,AX,6,2,0,2,0.3333333333333333,0.0,0.3333333333333333
2016,AX,6,0,1,-1,0.0,0.16666666666666666,-0.16666666666666666
2017,AX,7,0,2,-2,0.0,0.2857142857142857,-0.2857142857142857
2018,AX,8,1,0,1,0.125,0.0,0.125
2019,AX,5,0,3,-3,0.0,0.6,-0.6
2020,AX,9,1,1,0,0.1111111111111111,0.1111111111111111,0.0
2021,AX,15,0,1,-1,0.0,0.06666666666666667,-0.06666666666666667
2022,AX,17,3,0,3,0.17647058823529413,0.0,0.17647058823529413
2023,AX,17,2,4,-2,0.11764705882352941,0.23529411764705882,-0.11764705882352941
2024,AX,12,1,0,1,0.08333333333333333,0.0,0.08333333333333333
2025,AX,11,3,2,1,0.2727272727272727,0.18181818181818182,0.09090909090909091
1998,AZ,422,0,0,0,0.0,0.0,0.0
1999,AZ,476,8,10,-2,0.01680672268907563,0.02100840336134454,-0.004201680672268907
2000,AZ,614,15,13,2,0.024429967426710098,0.021172638436482084,0.003257328990228013
2001,AZ,694,21,16,5,0.03025936599423631,0.023054755043227664,0.007204610951008645
2002,AZ,749,25,27,-2,0.03337783711615487,0.036048064085447265,-0.0026702269692923898
2003,AZ,767,18,32,-14,0.02346805736636245,0.041720990873533245,-0.018252933507170794
2004,AZ,901,26,23,3,0.02885682574916759,0.025527192008879023,0.003329633740288568
2005,AZ,1010,21,34,-13,0.020792079207920793,0.033663366336633666,-0.01287128712871287
2006,AZ,1238,37,30,7,0.02988691437802908,0.024232633279483037,0.005654281098546042
2007,AZ,1501,53,38,15,0.03530979347101932,0.02531645569620253,0.009993337774816789
2008,AZ,1736,61,53,8,0.03513824884792627,0.03052995391705069,0.004608294930875576
2009,AZ,2039,66,55,11,0.032368808239333004,0.026974006866110838,0.005394801373222168
2010,AZ,2283,68,76,-8,0.029785370127025843,0.033289531318440646,-0.003504161191414805
2011,AZ,2455,104,69,35,0.04236252545824847,0.02810590631364562,0.014256619144602852
2012,AZ,2464,104,92,12,0.04220779220779221,0.037337662337662336,0.00487012987012987
2013,AZ,2765,82,113,-31,0.02965641952983725,0.040867992766726945,-0.011211573236889693
2014,AZ,3146,84,110,-26,0.02670057215511761,0.03496503496503497,-0.008264462809917356
2015,AZ,3948,132,100,32,0.03343465045592705,0.025329280648429583,0.008105369807497468
2016,AZ,4823,147,139,8,0.030478955007256895,0.028820236367406177,0.0016587186398507154
2017,AZ,5730,136,172,-36,0.0237347294938918,0.0300174520069808,-0.0062827225130890054
2018,AZ,6639,182,169,13,0.02741376713360446,0.02545564090977557,0.00195812622382889
2019,AZ,7484,154,204,-50,0.02057723142704436,0.027258150721539285,-0.006680919294494923
2020,AZ,8654,165,176,-11,0.019066327709729606,0.020337416223711578,-0.0012710885139819736
2021,AZ,10463,204,190,14,0.019497276115836758,0.018159227754946,0.001338048360890758
2022,AZ,12388,204,185,19,0.01646754924120116,0.01493380690991282,0.0015337423312883436
2023,AZ,14709,319,309,10,0.02168740227071861,0.021007546400163165,0.0006798558705554422
2024,AZ,11397,422,346,76,0.03702728788277617,0.030358866368342546,0.006668421514433623
2025,AZ,7055,521,375,146,0.0738483345145287,0.05315379163713678,0.02069454287739192
1998,BA,250,0,0,0,0.0,0.0,0.0
1999,BA,299,6,7,-1,0.020066889632107024,0.023411371237458192,-0.0033444816053511705
2000,BA,407,4,13,-9,0.009828009828009828,0.03194103194103194,-0.022113022113022112
2001,BA,554,11,9,2,0.019855595667870037,0.016245487364620937,0.0036101083032490976
2002,BA,628,17,22,-5,0.027070063694267517,0.03503184713375796,-0.007961783439490446
2003,BA,735,39,20,19,0.053061224489795916,0.027210884353741496,0.02585034013605442
2004,BA,831,27,31,-4,0.032490974729241874,0.03730445246690734,-0.0048134777376654635
2005,BA,1062,61,33,28,0.05743879472693032,0.031073446327683617,0.026365348399246705
2006,BA,1363,32,35,-3,0.02347762289068232,0.025678650036683785,-0.0022010271460014674
2007,BA,1718,60,43,17,0.034924330616996506,0.025029103608847497,0.00989522700814901
2008,BA,2146,74,43,31,0.034482758620689655,0.020037278657968314,0.014445479962721343
2009,BA,2637,88,55,33,0.03337125521425863,0.020857034508911642,0.012514220705346985
2010,BA,3210,97,84,13,0.030218068535825544,0.026168224299065422,0.004049844236760125
2011,BA,3793,113,87,26,0.029791721592407065,0.02293698919061429,0.006854732401792776
2012,BA,4295,135,102,33,0.03143189755529686,0.023748544819557627,0.007683352735739232
2013,BA,4787,140,142,-2,0.029245874242740756,0.029663672446208482,-0.0004177982034677251
2014,BA,5307,163,124,39,0.030714151121160733,0.023365366497079328,0.007348784624081402
2015,BA,6037,185,144,41,0.030644359781348354,0.023852907073049528,0.006791452708298824
2016,BA,6680,195,199,-4,0.029191616766467067,0.029790419161676646,-0.0005988023952095808
2017,BA,7243,231,196,35,0.03189286207372636,0.027060610244373878,0.004832251829352478
2018,BA,7558,226,242,-16,0.02990209050013231,0.032019052659433715,-0.0021169621593014024
2019,BA,8091,275,269,6,0.03398838215300952,0.03324681745148931,0.0007415647015202076
2020,BA,8555,273,291,-18,0.03191116306253653,0.034015195791934544,-0.002104032729398013
2021,BA,8854,289,261,28,0.03264061441156539,0.029478201942624804,0.003162412468940592
2022,BA,9112,266,292,-26,0.029192273924495173,0.03204565408252853,-0.0028533801580333624
2023,BA,9647,276,310,-34,0.028609930548357,0.03213434228257489,-0.0035244117342178916
2024,BA,7645,299,283,16,0.03911052975801177,0.03701765860039241,0.002092871157619359
2025,BA,4903,303,286,17,0.0617988986334897,0.058331633693656945,0.0034672649398327553
1998,BB,117,0,0,0,0.0,0.0,0.0
1999,BB,127,11,6,5,0.08661417322834646,0.047244094488188976,0.03937007874015748
2000,BB,150,14,9,5,0.09333333333333334,0.06,0.03333333333333333
2001,BB,151,13,18,-5,0.08609271523178808,0.11920529801324503,-0.033112582781456956
2002,BB,169,16,13,3,0.09467455621301775,0.07692307692307693,0.01775147928994083
2003,BB,180,19,13,6,0.10555555555555556,0.07222222222222222,0.03333333333333333
2004,BB,185,13,17,-4,0.07027027027027027,0.0918918918918919,-0.021621621621621623
2005,BB,183,19,18,1,0.10382513661202186,0.09836065573770492,0.00546448087431694
2006,BB,181,14,24,-10,0.07734806629834254,0.13259668508287292,-0.055248618784530384
2007,BB,200,25,17,8,0.125,0.085,0.04
2008,BB,181,23,26,-3,0.1270718232044199,0.143646408839779,-0.016574585635359115
2009,BB,180,19,20,-1,0.10555555555555556,0.1111111111111111,-0.005555555555555556
2010,BB,196,26,14,12,0.1326530612244898,0.07142857142857142,0.061224489795918366
2011,BB,218,28,24,4,0.12844036697247707,0.11009174311926606,0.01834862385321101
2012,BB,257,26,34,-8,0.10116731517509728,0.13229571984435798,-0.0311284046692607
2013,BB,283,30,39,-9,0.10600706713780919,0.13780918727915195,-0.03180212014134275
2014,BB,332,35,26,9,0.10542168674698796,0.0783132530120482,0.02710843373493976
2015,BB,319,40,32,8,0.12539184952978055,0.10031347962382445,0.025078369905956112
2016,BB,321,39,32,7,0.12149532710280374,0.09968847352024922,0.021806853582554516
2017,BB,314,32,36,-4,0.10191082802547771,0.11464968152866242,-0.012738853503184714
2018,BB,356,40,39,1,0.11235955056179775,0.10955056179775281,0.0028089887640449437
2019,BB,383,40,35,5,0.10443864229765012,0.09138381201044386,0.013054830287206266
2020,BB,414,47,52,-5,0.11352657004830918,0.12560386473429952,-0.012077294685990338
2021,BB,477,55,29,26,0.11530398322851153,0.06079664570230608,0.05450733752620545
2022,BB,521,46,41,5,0.08829174664107485,0.07869481765834933,0.009596928982725527
2023,BB,594,57,61,-4,0.09595959595959595,0.1026936026936027,-0.006734006734006734
2024,BB,499,72,55,17,0.14428857715430862,0.11022044088176353,0.03406813627254509
2025,BB,311,78,73,5,0.2508038585209003,0.2347266881028939,0.01607717041800643
1998,BD,1967,0,0,0,0.0,0.0,0.0
1999,BD,2103,46,52,-6,0.021873514027579647,0.024726581074655255,-0.0028530670470756064
2000,BD,2295,80,97,-17,0.034858387799564274,0.04226579520697168,-0.007407407407407408
2001,BD,2389,121,128,-7,0.05064880703223106,0.05357890330682294,-0.0029300962745918793
2002,BD,2592,154,169,-15,0.05941358024691358,0.06520061728395062,-0.005787037037037037
2003,BD,2741,161,191,-30,0.05873768697555637,0.06968259759211966,-0.010944910616563297
2004,BD,3159,188,199,-11,0.059512503956948404,0.0629946185501741,-0.0034821145932257044
2005,BD,4140,236,264,-28,0.057004830917874394,0.06376811594202898,-0.00676328502415459
2006,BD,5174,272,287,-15,0.05257054503285659,0.05546965597216853,-0.0028991109393119445
2007,BD,6318,362,320,42,0.05729661285216841,0.050648939537828425,0.006647673314339981
2008,BD,7169,391,385,6,0.054540382201143815,0.05370344538987307,0.0008369368112707491
2009,BD,8397,518,516,2,0.061688698344646895,0.06145051804215791,0.00023818030248898416
2010,BD,12088,568,626,-58,0.04698874917273329,0.05178689609530113,-0.004798146922567836
2011,BD,16232,622,704,-82,0.03831936914736323,0.04337111877772302,-0.005051749630359783
2012,BD,20891,1077,799,278,0.05155330046431478,0.038246134699152744,0.013307165765162032
2013,BD,23963,1163,1023,140,0.048533155281058296,0.042690815006468305,0.005842340274589993
2014,BD,26676,1317,1261,56,0.049370220422852,0.047270955165692005,0.002099265257159994
2015,BD,28893,1538,1509,29,0.05323088637386218,0.052227183054719135,0.001003703319143045
2016,BD,31712,1562,1646,-84,0.04925580221997982,0.051904641775983855,-0.0026488395560040363
2017,BD,35982,1722,1856,-134,0.047857261964315494,0.05158134622866989,-0.0037240842643543994
2018,BD,42732,1955,2146,-191,0.04575025741832819,0.05021997566226715,-0.004469718243938968
2019,BD,49863,2139,2395,-256,0.04289753925756573,0.04803160660208972,-0.005134067344523996
2020,BD,57866,2678,2792,-114,0.04627933501538036,0.048249403794974596,-0.001970068779594235
2021,BD,64362,2860,2989,-129,0.044436157981417604,0.04644044622603399,-0.0020042882446163887
2022,BD,70133,2683,3009,-326,0.03825588524660288,0.04290419631272012,-0.0046483110661172345
2023,BD,78108,3070,4106,-1036,0.03930455267066114,0.05256823884877349,-0.013263686178112357
2024,BD,63093,3963,4743,-780,0.06281203937045314,0.07517474204745375,-0.012362702677000618
2025,BD,43505,4973,5862,-889,0.11430870014940811,0.13474313297322146,-0.020434432823813353
1998,BE,28170,0,0,0,0.0,0.0,0.0
1999,BE,28819,921,970,-49,0.03195808320899406,0.0336583503938374,-0.0017002671848433326
2000,BE,31052,1229,1244,-15,0.039578771093649365,0.04006183176606982,-0.000483060672420456
2001,BE,32874,1361,1428,-67,0.04140049887449048,0.04343858368315386,-0.0020380848086633814
2002,BE,35447,1692,1717,-25,0.047733235534742006,0.0484385138375603,-0.0007052783028182921
2003,BE,37293,1899,1969,-70,0.05092108438580967,0.05279811224626606,-0.001877027860456386
2004,BE,39648,2058,2060,-2,0.05190677966101695,0.05195722356739306,-5.0443906376109764e-05
2005,BE,41574,2235,2404,-169,0.053759561264251694,0.0578246019146582,-0.0040650406504065045
2006,BE,44353,2519,2639,-120,0.05679435438414538,0.05949992108763782,-0.0027055667034924357
2007,BE,46755,2638,2720,-82,0.05642177307239867,0.058175596192920544,-0.0017538231205218692
2008,BE,49162,3229,3030,199,0.06568081038200237,0.0616329685529474,0.004047841829054961
2009,BE,51305,3220,3315,-95,0.06276191404346555,0.06461358542052431,-0.0018516713770587662
2010,BE,53512,3385,3306,79,0.06325683958738226,0.06178053520705636,0.0014763043803259083
2011,BE,56631,3572,3446,126,0.06307499426109375,0.060850064452331765,0.0022249298087619854
2012,BE,59200,3855,3982,-127,0.06511824324324324,0.06726351351351352,-0.0021452702702702705
2013,BE,61471,4044,4022,22,0.06578711912934554,0.0654292267898684,0.0003578923394771518
2014,BE,63253,4360,4147,213,0.06892953693895942,0.06556210772611576,0.0033674292128436597
2015,BE,64051,4386,4432,-46,0.06847668264351844,0.06919486034566205,-0.0007181777021436043
2016,BE,65366,4426,4721,-295,0.06771104243796469,0.07222409203561485,-0.004513049597650155
2017,BE,66313,4650,4762,-112,0.0701219971951201,0.07181095712756172,-0.0016889599324416027
2018,BE,68859,4954,4783,171,0.07194411768977185,0.06946078217807404,0.002483335511697817
2019,BE,70715,4849,4891,-42,0.0685710245351057,0.06916495792971789,-0.0005939333946121757
2020,BE,75394,5211,4937,274,0.06911690585457729,0.06548266440300289,0.003634241451574396
2021,BE,77785,5241,5073,168,0.06737802918300444,0.06521822973581025,0.0021597994471941892
2022,BE,79837,4964,4656,308,0.062176684995678695,0.058318824605132956,0.003857860390545737
2023,BE,82713,5553,5293,260,0.06713575858692104,0.06399235912129896,0.0031433994656220906
2024,BE,68484,5856,5680,176,0.08550902400560714,0.08293908066117633,0.0025699433444308158
2025,BE,48748,6152,6465,-313,0.12620004923278905,0.13262082546976287,-0.006420776236973825
1998,BF,282,0,0,0,0.0,0.0,0.0
1999,BF,322,10,10,0,0.031055900621118012,0.031055900621118012,0.0
2000,BF,400,8,17,-9,0.02,0.0425,-0.0225
2001,BF,486,16,16,0,0.03292181069958848,0.03292181069958848,0.0
2002,BF,514,17,26,-9,0.033073929961089495,0.05058365758754864,-0.017509727626459144
2003,BF,592,30,30,0,0.05067567567567568,0.05067567567567568,0.0
2004,BF,678,22,24,-2,0.032448377581120944,0.035398230088495575,-0.0029498525073746312
2005,BF,827,33,42,-9,0.03990326481257558,0.05078597339782346,-0.010882708585247884
2006,BF,943,42,38,4,0.044538706256627786,0.04029692470837752,0.0042417815482502655
2007,BF,1103,66,46,20,0.05983680870353581,0.04170444242973708,0.01813236627379873
2008,BF,1149,56,55,1,0.04873803307223673,0.047867711053089644,0.0008703220191470844
2009,BF,1296,74,67,7,0.05709876543209876,0.05169753086419753,0.005401234567901234
2010,BF,1444,76,59,17,0.05263157894736842,0.04085872576177285,0.011772853185595568
2011,BF,1644,69,69,0,0.041970802919708027,0.041970802919708027,0.0
2012,BF,1873,84,85,-1,0.044847837693539776,0.04538174052322477,-0.0005339028296849973
2013,BF,2121,94,71,23,0.04431871758604432,0.033474776049033476,0.010843941537010843
2014,BF,2499,117,120,-3,0.0468187274909964,0.04801920768307323,-0.0012004801920768306
2015,BF,2809,120,126,-6,0.04271982912068352,0.04485582057671769,-0.002135991456034176
2016,BF,3186,136,108,28,0.04268675455116133,0.03389830508474576,0.008788449466415568
2017,BF,3428,149,130,19,0.04346557759626604,0.037922987164527425,0.005542590431738623
2018,BF,3830,163,169,-6,0.04255874673629243,0.04412532637075718,-0.001566579634464752
2019,BF,4237,182,143,39,0.04295492093462355,0.03375029502006136,0.009204625914562191
2020,BF,4781,161,195,-34,0.03367496339677892,0.04078644635013595,-0.007111482953357038
2021,BF,5579,223,190,33,0.03997132102527334,0.03405628248790106,0.005915038537372289
2022,BF,6027,212,179,33,0.0351750456280073,0.02969968475194956,0.0054753608760577405
2023,BF,6596,296,240,56,0.04487568223165555,0.036385688295936934,0.008489993935718617
2024,BF,5103,279,258,21,0.054673721340388004,0.05055849500293945,0.00411522633744856
2025,BF,3365,310,311,-1,0.09212481426448738,0.0924219910846954,-0.00029717682020802375
1998,BG,5241,0,0,0,0.0,0.0,0.0
1999,BG,5152,139,190,-51,0.026979813664596272,0.03687888198757764,-0.009899068322981366
2000,BG,5308,214,251,-37,0.04031650339110776,0.047287113790504896,-0.006970610399397136
2001,BG,5518,235,314,-79,0.04258789416455237,0.05690467560710402,-0.014316781442551649
2002,BG,5871,249,339,-90,0.04241185487991824,0.05774144098109351,-0.015329586101175269
2003,BG,6172,266,380,-114,0.04309786130913804,0.06156837329876863,-0.01847051198963059
2004,BG,6638,300,368,-68,0.04519433564326605,0.05543838505573968,-0.010244049412473637
2005,BG,7141,365,366,-1,0.051113289455258365,0.05125332586472483,-0.0001400364094664613
2006,BG,7485,352,391,-39,0.04702738810955244,0.0522378089512358,-0.0052104208416833666
2007,BG,7799,415,422,-7,0.05321195025003206,0.054109501218104886,-0.0008975509680728299
2008,BG,8078,440,489,-49,0.05446892795246348,0.06053478583807873,-0.006065857885615251
2009,BG,8698,435,482,-47,0.05001149689583812,0.055415037939756266,-0.005403541043918142
2010,BG,9216,414,520,-106,0.044921875,0.05642361111111111,-0.011501736111111112
2011,BG,9933,458,482,-24,0.04610892982986006,0.048525118292560156,-0.0024161884627000906
2012,BG,10817,451,514,-63,0.041693630396597944,0.047517796061754644,-0.005824165665156698
2013,BG,11949,513,501,12,0.042932462967612356,0.04192819482801908,0.0010042681395932714
2014,BG,13084,579,549,30,0.04425252216447569,0.04195964536838887,0.0022928767960868237
2015,BG,14322,599,640,-41,0.04182376763021924,0.044686496299399525,-0.002862728669180282
2016,BG,15713,598,617,-19,0.03805765926303061,0.03926684910583593,-0.0012091898428053204
2017,BG,17153,590,598,-8,0.034396315513321285,0.03486270623214598,-0.00046639071882469536
2018,BG,17815,645,592,53,0.036205444849845635,0.0332304238001684,0.0029750210496772385
2019,BG,18309,624,660,-36,0.034081599213501554,0.0360478453219728,-0.0019662461084712438
2020,BG,19409,712,759,-47,0.03668401257148746,0.03910556958112216,-0.0024215570096347058
2021,BG,20685,745,752,-7,0.03601643703166546,0.03635484650713077,-0.00033840947546531303
2022,BG,21594,760,708,52,0.03519496156339724,0.03278688524590164,0.0024080763174956004
2023,BG,23042,889,873,16,0.03858172033677632,0.03788733616873535,0.0006943841680409687
2024,BG,18831,993,945,48,0.0527321969093516,0.05018320853911104,0.0025489883702405607
2025,BG,13462,1500,950,550,0.1114247511513891,0.07056900906254643,0.04085574208884267
1998,BH,228,0,0,0,0.0,0.0,0.0
1999,BH,234,9,6,3,0.038461538461538464,0.02564102564102564,0.01282051282051282
2000,BH,265,5,8,-3,0.018867924528301886,0.03018867924528302,-0.011320754716981131
2001,BH,296,10,15,-5,0.033783783783783786,0.05067567567567568,-0.016891891891891893
2002,BH,331,17,14,3,0.0513595166163142,0.04229607250755287,0.00906344410876133
2003,BH,348,19,17,2,0.05459770114942529,0.04885057471264368,0.005747126436781609
2004,BH,365,25,21,4,0.0684931506849315,0.057534246575342465,0.010958904109589041
2005,BH,447,31,23,8,0.06935123042505593,0.05145413870246085,0.017897091722595078
2006,BH,466,30,22,8,0.06437768240343347,0.04721030042918455,0.017167381974248927
2007,BH,500,36,32,4,0.072,0.064,0.008
2008,BH,478,26,29,-3,0.05439330543933055,0.060669456066945605,-0.006276150627615063
2009,BH,581,36,35,1,0.06196213425129088,0.060240963855421686,0.0017211703958691911
2010,BH,669,51,25,26,0.07623318385650224,0.03736920777279522,0.03886397608370702
2011,BH,823,59,36,23,0.07168894289185905,0.04374240583232078,0.027946537059538274
2012,BH,917,58,45,13,0.06324972737186478,0.04907306434023991,0.014176663031624863
2013,BH,1062,66,47,19,0.062146892655367235,0.044256120527306965,0.017890772128060263
2014,BH,1190,52,64,-12,0.043697478991596636,0.05378151260504202,-0.010084033613445379
2015,BH,1379,81,66,15,0.05873821609862219,0.047860768672951415,0.010877447425670777
2016,BH,1628,92,60,32,0.056511056511056514,0.036855036855036855,0.019656019656019656
2017,BH,1971,96,95,1,0.0487062404870624,0.04819888381532217,0.0005073566717402334
2018,BH,2413,122,76,46,0.050559469539991714,0.031496062992125984,0.019063406547865726
2019,BH,3022,132,104,28,0.04367968232958306,0.03441429516876241,0.009265387160820648
2020,BH,3606,170,126,44,0.04714364947310039,0.03494176372712146,0.012201885745978924
2021,BH,4163,215,135,80,0.05164544799423493,0.03242853711265914,0.01921691088157579
2022,BH,4649,166,153,13,0.035706603570660356,0.03291030329103033,0.002796300279630028
2023,BH,5077,254,236,18,0.050029545006893834,0.04648414417963364,0.003545400827260193
2024,BH,4019,301,309,-8,0.07489425230156756,0.07688479721323713,-0.0019905449116695696
2025,BH,2450,377,353,24,0.15387755102040818,0.14408163265306123,0.009795918367346938
1998,BI,87,0,0,0,0.0,0.0,0.0
1999,BI,87,2,13,-11,0.022988505747126436,0.14942528735632185,-0.12643678160919541
2000,BI,100,7,5,2,0.07,0.05,0.02
2001,BI,120,17,14,3,0.14166666666666666,0.11666666666666667,0.025
2002,BI,151,15,14,1,0.09933774834437085,0.09271523178807947,0.006622516556291391
2003,BI,151,18,19,-1,0.11920529801324503,0.12582781456953643,-0.006622516556291391
2004,BI,136,12,18,-6,0.08823529411764706,0.1323529411764706,-0.04411764705882353
2005,BI,123,11,17,-6,0.08943089430894309,0.13821138211382114,-0.04878048780487805
2006,BI,140,18,22,-4,0.12857142857142856,0.15714285714285714,-0.02857142857142857
2007,BI,145,17,25,-8,0.11724137931034483,0.1724137931034483,-0.05517241379310345
2008,BI,169,23,26,-3,0.13609467455621302,0.15384615384615385,-0.01775147928994083
2009,BI,206,33,26,7,0.16019417475728157,0.1262135922330097,0.03398058252427184
2010,BI,257,39,33,6,0.1517509727626459,0.12840466926070038,0.023346303501945526
2011,BI,276,25,39,-14,0.09057971014492754,0.14130434782608695,-0.050724637681159424
2012,BI,315,34,40,-6,0.10793650793650794,0.12698412698412698,-0.01904761904761905
2013,BI,354,40,39,1,0.11299435028248588,0.11016949152542373,0.002824858757062147
2014,BI,378,42,35,7,0.1111111111111111,0.09259259259259259,0.018518518518518517
2015,BI,386,55,47,8,0.14248704663212436,0.12176165803108809,0.02072538860103627
2016,BI,413,42,56,-14,0.1016949152542373,0.13559322033898305,-0.03389830508474576
2017,BI,486,50,61,-11,0.102880658436214,0.12551440329218108,-0.02263374485596708
2018,BI,616,61,69,-8,0.09902597402597403,0.11201298701298701,-0.012987012987012988
2019,BI,766,78,61,17,0.10182767624020887,0.07963446475195822,0.022193211488250653
2020,BI,922,91,90,1,0.09869848156182212,0.09761388286334056,0.0010845986984815619
2021,BI,1008,94,84,10,0.09325396825396826,0.08333333333333333,0.00992063492063492
2022,BI,1084,101,100,1,0.09317343173431734,0.09225092250922509,0.0009225092250922509
2023,BI,1168,86,96,-10,0.07363013698630137,0.0821917808219178,-0.008561643835616438
2024,BI,882,103,87,16,0.11678004535147392,0.09863945578231292,0.018140589569160998
2025,BI,554,128,112,16,0.23104693140794225,0.20216606498194944,0.02888086642599278
1998,BJ,186,0,0,0,0.0,0.0,0.0
1999,BJ,240,11,6,5,0.04583333333333333,0.025,0.020833333333333332
2000,BJ,317,7,12,-5,0.022082018927444796,0.03785488958990536,-0.015772870662460567
2001,BJ,376,26,15,11,0.06914893617021277,0.0398936170212766,0.02925531914893617
2002,BJ,465,30,28,2,0.06451612903225806,0.060215053763440864,0.004301075268817204
2003,BJ,536,38,34,4,0.0708955223880597,0.06343283582089553,0.007462686567164179
2004,BJ,585,49,44,5,0.08376068376068375,0.07521367521367521,0.008547008547008548
2005,BJ,654,37,49,-12,0.05657492354740061,0.07492354740061162,-0.01834862385321101
2006,BJ,703,60,59,1,0.08534850640113797,0.08392603129445235,0.001422475106685633
2007,BJ,839,64,68,-4,0.07628128724672228,0.08104886769964244,-0.004767580452920143
2008,BJ,903,78,70,8,0.08637873754152824,0.07751937984496124,0.008859357696566999
2009,BJ,1122,104,79,25,0.09269162210338681,0.07040998217468805,0.022281639928698752
2010,BJ,1415,76,116,-40,0.05371024734982332,0.08197879858657244,-0.028268551236749116
2011,BJ,1864,94,91,3,0.05042918454935622,0.04881974248927039,0.001609442060085837
2012,BJ,2169,135,127,8,0.06224066390041494,0.05855232826187183,0.0036883356385431073
2013,BJ,2499,166,103,63,0.0664265706282513,0.041216486594637856,0.025210084033613446
2014,BJ,2846,132,147,-15,0.046380885453267746,0.05165144061841181,-0.005270555165144062
2015,BJ,3413,177,165,12,0.0518605332552007,0.04834456489891591,0.0035159683562847933
2016,BJ,3890,199,175,24,0.05115681233933162,0.04498714652956298,0.006169665809768638
2017,BJ,4421,253,180,73,0.0572268717484732,0.040714770413933496,0.016512101334539696
2018,BJ,4816,228,254,-26,0.0473421926910299,0.052740863787375414,-0.005398671096345515
2019,BJ,5308,269,202,67,0.050678221552373774,0.038055764883195176,0.012622456669178599
2020,BJ,5858,255,299,-44,0.04353021509047456,0.05104131102765449,-0.0075110959371799246
2021,BJ,6396,295,285,10,0.04612257661038149,0.04455909943714822,0.0015634771732332708
2022,BJ,6326,275,283,-8,0.04347138792285805,0.04473601011697755,-0.001264622194119507
2023,BJ,6023,333,290,43,0.05528806242736178,0.04814876307487963,0.007139299352482152
2024,BJ,4184,241,265,-24,0.05760038240917782,0.06333652007648184,-0.0057361376673040155
2025,BJ,2499,245,311,-66,0.09803921568627451,0.12444977991196479,-0.026410564225690276
1998,BM,24,0,0,0,0.0,0.0,0.0
1999,BM,43,1,0,1,0.023255813953488372,0.0,0.023255813953488372
2000,BM,46,1,1,0,0.021739130434782608,0.021739130434782608,0.0
2001,BM,51,6,3,3,0.11764705882352941,0.058823529411764705,0.058823529411764705
2002,BM,39,3,10,-7,0.07692307692307693,0.2564102564102564,-0.1794871794871795
2003,BM,47,8,6,2,0.1702127659574468,0.1276595744680851,0.0425531914893617
2004,BM,40,9,8,1,0.225,0.2,0.025
2005,BM,42,4,7,-3,0.09523809523809523,0.16666666666666666,-0.07142857142857142
2006,BM,60,5,6,-1,0.08333333333333333,0.1,-0.016666666666666666
2007,BM,67,12,10,2,0.1791044776119403,0.14925373134328357,0.029850746268656716
2008,BM,68,12,6,6,0.17647058823529413,0.08823529411764706,0.08823529411764706
2009,BM,55,8,11,-3,0.14545454545454545,0.2,-0.05454545454545454
2010,BM,66,10,9,1,0.15151515151515152,0.13636363636363635,0.015151515151515152
2011,BM,66,6,11,-5,0.09090909090909091,0.16666666666666666,-0.07575757575757576
2012,BM,60,9,9,0,0.15,0.15,0.0
2013,BM,61,12,10,2,0.19672131147540983,0.16393442622950818,0.03278688524590164
2014,BM,50,5,10,-5,0.1,0.2,-0.1
2015,BM,59,7,8,-1,0.11864406779661017,0.13559322033898305,-0.01694915254237288
2016,BM,47,4,14,-10,0.0851063829787234,0.2978723404255319,-0.2127659574468085
2017,BM,56,9,11,-2,0.16071428571428573,0.19642857142857142,-0.03571428571428571
2018,BM,51,5,6,-1,0.09803921568627451,0.11764705882352941,-0.0196078431372549
2019,BM,71,8,13,-5,0.11267605633802817,0.18309859154929578,-0.07042253521126761
2020,BM,89,8,5,3,0.0898876404494382,0.056179775280898875,0.033707865168539325
2021,BM,92,14,9,5,0.15217391304347827,0.09782608695652174,0.05434782608695652
2022,BM,102,6,7,-1,0.058823529411764705,0.06862745098039216,-0.00980392156862745
2023,BM,109,12,17,-5,0.11009174311926606,0.1559633027522936,-0.045871559633027525
2024,BM,89,9,12,-3,0.10112359550561797,0.1348314606741573,-0.033707865168539325
2025,BM,62,9,11,-2,0.14516129032258066,0.1774193548387097,-0.03225806451612903
1998,BN,122,0,0,0,0.0,0.0,0.0
1999,BN,129,9,3,6,0.06976744186046512,0.023255813953488372,0.046511627906976744
2000,BN,126,12,5,7,0.09523809523809523,0.03968253968253968,0.05555555555555555
2001,BN,142,11,13,-2,0.07746478873239436,0.09154929577464789,-0.014084507042253521
2002,BN,158,17,11,6,0.10759493670886076,0.06962025316455696,0.0379746835443038
2003,BN,169,16,19,-3,0.09467455621301775,0.11242603550295859,-0.01775147928994083
2004,BN,173,17,8,9,0.09826589595375723,0.046242774566473986,0.05202312138728324
2005,BN,196,14,19,-5,0.07142857142857142,0.09693877551020408,-0.025510204081632654
2006,BN,243,15,19,-4,0.06172839506172839,0.07818930041152264,-0.01646090534979424
2007,BN,257,26,18,8,0.10116731517509728,0.07003891050583658,0.0311284046692607
2008,BN,263,30,22,8,0.11406844106463879,0.08365019011406843,0.030418250950570342
2009,BN,277,22,22,0,0.07942238267148015,0.07942238267148015,0.0
2010,BN,334,24,32,-8,0.0718562874251497,0.09580838323353294,-0.023952095808383235
2011,BN,421,31,39,-8,0.07363420427553444,0.09263657957244656,-0.019002375296912115
2012,BN,540,49,30,19,0.09074074074074075,0.05555555555555555,0.03518518518518519
2013,BN,664,48,34,14,0.07228915662650602,0.05120481927710843,0.02108433734939759
2014,BN,774,60,49,11,0.07751937984496124,0.06330749354005168,0.014211886304909561
2015,BN,895,66,48,18,0.07374301675977654,0.053631284916201116,0.02011173184357542
2016,BN,1117,94,42,52,0.08415398388540735,0.03760071620411817,0.046553267681289166
2017,BN,1231,79,70,9,0.06417546709991877,0.05686433793663688,0.007311129163281885
2018,BN,1380,90,77,13,0.06521739130434782,0.05579710144927536,0.009420289855072464
2019,BN,1534,83,86,-3,0.05410691003911343,0.0560625814863103,-0.001955671447196871
2020,BN,1819,96,76,20,0.052776250687190766,0.04178119846069269,0.010995052226498075
2021,BN,2102,91,74,17,0.043292102759276876,0.035204567078972404,0.008087535680304472
2022,BN,2249,99,66,33,0.044019564250778125,0.029346376167185415,0.014673188083592708
2023,BN,2482,126,90,36,0.05076551168412571,0.0362610797743755,0.014504431909750202
2024,BN,1871,133,103,30,0.07108498129342597,0.055050774986638164,0.016034206306787813
2025,BN,1217,141,139,2,0.11585866885784717,0.114215283483977,0.0016433853738701725
1998,BO,733,0,0,0,0.0,0.0,0.0
1999,BO,843,14,16,-2,0.0166073546856465,0.018979833926453145,-0.002372479240806643
2000,BO,879,32,51,-19,0.03640500568828214,0.05802047781569966,-0.02161547212741752
2001,BO,961,52,51,1,0.054110301768990635,0.053069719042663895,0.001040582726326743
2002,BO,1019,58,66,-8,0.05691854759568204,0.0647693817468106,-0.007850834151128557
2003,BO,1168,67,75,-8,0.05736301369863014,0.0642123287671233,-0.00684931506849315
2004,BO,1379,89,92,-3,0.06453952139231327,0.06671501087744743,-0.002175489485134155
2005,BO,1636,101,95,6,0.0617359413202934,0.05806845965770171,0.003667481662591687
2006,BO,1784,135,131,4,0.07567264573991031,0.0734304932735426,0.002242152466367713
2007,BO,1959,124,170,-46,0.06329760081674324,0.08677896886166411,-0.02348136804492088
2008,BO,2145,154,185,-31,0.07179487179487179,0.08624708624708624,-0.014452214452214453
2009,BO,2463,203,196,7,0.08241981323589119,0.07957775071051564,0.0028420625253755584
2010,BO,2524,213,202,11,0.08438985736925515,0.08003169572107766,0.004358161648177496
2011,BO,2717,201,258,-57,0.07397865292602135,0.09495767390504233,-0.02097902097902098
2012,BO,3037,247,256,-9,0.08133026012512348,0.0842937108989134,-0.0029634507737899243
2013,BO,3434,287,263,24,0.08357600465928945,0.07658707047175306,0.006988934187536401
2014,BO,3837,279,273,6,0.0727130570758405,0.07114933541829555,0.001563721657544957
2015,BO,4193,352,282,70,0.08394943954209397,0.06725494872406391,0.01669449081803005
2016,BO,4400,360,354,6,0.08181818181818182,0.08045454545454546,0.0013636363636363637
2017,BO,4614,367,375,-8,0.07954052882531426,0.0812743823146944,-0.0017338534893801473
2018,BO,4930,405,360,45,0.0821501014198783,0.07302231237322515,0.009127789046653144
2019,BO,5176,414,395,19,0.07998454404945904,0.07631375579598146,0.0036707882534775887
2020,BO,5411,427,486,-59,0.07891332470892626,0.08981703936425799,-0.010903714655331732
2021,BO,5438,454,488,-34,0.08348657594703936,0.08973887458624494,-0.00625229863920559
2022,BO,5685,382,417,-35,0.06719437115215479,0.0733509234828496,-0.006156552330694811
2023,BO,6215,481,508,-27,0.07739340305711988,0.08173773129525341,-0.004344328238133548
2024,BO,4707,457,478,-21,0.09708944125770129,0.10155088166560441,-0.004461440407903123
2025,BO,2875,562,569,-7,0.1954782608695652,0.19791304347826086,-0.002434782608695652
2004,BQ,1,0,0,0,0.0,0.0,0.0
2005,BQ,1,0,0,0,0.0,0.0,0.0
2006,BQ,1,0,0,0,0.0,0.0,0.0
2009,BQ,1,0,0,0,0.0,0.0,0.0
2010,BQ,2,1,0,1,0.5,0.0,0.5
2011,BQ,3,0,1,-1,0.0,0.3333333333333333,-0.3333333333333333
2012,BQ,4,0,0,0,0.0,0.0,0.0
2013,BQ,3,1,0,1,0.3333333333333333,0.0,0.3333333333333333
2014,BQ,1,0,0,0,0.0,0.0,0.0
2017,BQ,2,0,0,0,0.0,0.0,0.0
2018,BQ,2,0,0,0,0.0,0.0,0.0
2019,BQ,2,1,0,1,0.5,0.0,0.5
2020,BQ,2,1,1,0,0.5,0.5,0.0
2021,BQ,2,0,0,0,0.0,0.0,0.0
2022,BQ,4,0,0,0,0.0,0.0,0.0
2023,BQ,11,0,0,0,0.0,0.0,0.0
2024,BQ,10,0,1,-1,0.0,0.1,-0.1
2025,BQ,9,2,1,1,0.2222222222222222,0.1111111111111111,0.1111111111111111
1998,BR,62871,0,0,0,0.0,0.0,0.0
1999,BR,72257,1037,875,162,0.014351550714809638,0.01210955339967062,0.0022419973151390177
2000,BR,83793,1598,1385,213,0.01907080543720836,0.016528826990321387,0.0025419784468869713
2001,BR,96421,2023,1865,158,0.020980906648966513,0.019342259466298837,0.0016386471826676761
2002,BR,111717,2530,2376,154,0.022646508588666004,0.021268025457181986,0.0013784831314840177
2003,BR,126784,2929,2876,53,0.023102284199899042,0.022684250378596667,0.0004180338213023725
2004,BR,144967,3398,3141,257,0.023439817337738932,0.02166700007587934,0.0017728172618595957
2005,BR,166917,3664,3824,-160,0.021951029553610477,0.022909589796126218,-0.0009585602425157413
2006,BR,190982,4593,4352,241,0.024049386853211296,0.02278748782607785,0.001261899027133447
2007,BR,218164,5216,4954,262,0.02390861920390165,0.022707687794503217,0.0012009314093984341
2008,BR,243691,5571,5966,-395,0.022860918129926834,0.024481823292612365,-0.001620905162685532
2009,BR,274947,6685,6364,321,0.024313776836990403,0.023146279101063115,0.0011674977359272878
2010,BR,314864,7065,6741,324,0.022438259057878957,0.021409243355861578,0.001029015702017379
2011,BR,357924,8064,7118,946,0.022529922553391223,0.01988690336496016,0.0026430191884310636
2012,BR,406077,9087,8026,1061,0.022377529384821106,0.019764724424185563,0.0026128049606355445
2013,BR,455247,9733,8312,1421,0.02137960272116016,0.018258220262846323,0.0031213824583138385
2014,BR,506992,10803,9920,883,0.02130802852904977,0.019566383690472432,0.0017416448385773346
2015,BR,560732,12594,10465,2129,0.022459927380638164,0.018663104656056726,0.00379682272458144
2016,BR,607643,12673,12736,-63,0.02085599603714681,0.020959675335682302,-0.00010367929853548876
2017,BR,655342,14300,13689,611,0.02182066768191265,0.02088833006277638,0.0009323376191362677
2018,BR,712060,14753,14237,516,0.020718759655085246,0.019994101620649945,0.0007246580344353004
2019,BR,750874,15167,16051,-884,0.020199127949562776,0.02137642267544222,-0.0011772947258794418
2020,BR,763518,16737,17028,-291,0.02192089773914957,0.022302028242949086,-0.0003811305037995175
2021,BR,770318,15992,18373,-2381,0.020760257452117178,0.023851188729849232,-0.0030909312777320534
2022,BR,769191,14037,17958,-3921,0.018249043475547688,0.023346607019582914,-0.005097563544035227
2023,BR,756881,19459,23703,-4244,0.02570945762940277,0.03131667990080343,-0.0056072222714006565
2024,BR,571525,23037,22158,879,0.0403079480337693,0.03876995756966012,0.0015379904641091816
2025,BR,338921,22384,21850,534,0.0660448895170261,0.06446930110556738,0.0015755884114587175
1998,BS,28,0,0,0,0.0,0.0,0.0
1999,BS,23,0,0,0,0.0,0.0,0.0
2000,BS,31,2,3,-1,0.06451612903225806,0.0967741935483871,-0.03225806451612903
2001,BS,32,3,0,3,0.09375,0.0,0.09375
2002,BS,31,2,4,-2,0.06451612903225806,0.12903225806451613,-0.06451612903225806
2003,BS,32,8,7,1,0.25,0.21875,0.03125
2004,BS,41,3,5,-2,0.07317073170731707,0.12195121951219512,-0.04878048780487805
2005,BS,58,3,4,-1,0.05172413793103448,0.06896551724137931,-0.017241379310344827
2006,BS,113,9,2,7,0.07964601769911504,0.017699115044247787,0.061946902654867256
2007,BS,122,7,6,1,0.05737704918032787,0.04918032786885246,0.00819672131147541
2008,BS,127,11,5,6,0.08661417322834646,0.03937007874015748,0.047244094488188976
2009,BS,92,9,12,-3,0.09782608695652174,0.13043478260869565,-0.03260869565217391
2010,BS,107,16,6,10,0.14953271028037382,0.056074766355140186,0.09345794392523364
2011,BS,118,13,19,-6,0.11016949152542373,0.16101694915254236,-0.05084745762711865
2012,BS,158,14,15,-1,0.08860759493670886,0.0949367088607595,-0.006329113924050633
2013,BS,177,24,9,15,0.13559322033898305,0.05084745762711865,0.0847457627118644
2014,BS,189,30,19,11,0.15873015873015872,0.10052910052910052,0.0582010582010582
2015,BS,181,25,14,11,0.13812154696132597,0.07734806629834254,0.06077348066298342
2016,BS,169,23,29,-6,0.13609467455621302,0.17159763313609466,-0.03550295857988166
2017,BS,173,32,22,10,0.18497109826589594,0.12716763005780346,0.057803468208092484
2018,BS,168,22,26,-4,0.13095238095238096,0.15476190476190477,-0.023809523809523808
2019,BS,199,22,21,1,0.11055276381909548,0.10552763819095477,0.005025125628140704
2020,BS,238,32,35,-3,0.13445378151260504,0.14705882352941177,-0.012605042016806723
2021,BS,247,29,15,14,0.11740890688259109,0.06072874493927125,0.05668016194331984
2022,BS,222,32,22,10,0.14414414414414414,0.0990990990990991,0.04504504504504504
2023,BS,226,23,29,-6,0.10176991150442478,0.12831858407079647,-0.02654867256637168
2024,BS,173,20,29,-9,0.11560693641618497,0.1676300578034682,-0.05202312138728324
2025,BS,118,30,27,3,0.2542372881355932,0.2288135593220339,0.025423728813559324
1998,BT,6,0,0,0,0.0,0.0,0.0
1999,BT,5,0,0,0,0.0,0.0,0.0
2000,BT,13,0,0,0,0.0,0.0,0.0
2001,BT,24,0,1,-1,0.0,0.041666666666666664,-0.041666666666666664
2002,BT,27,2,0,2,0.07407407407407407,0.0,0.07407407407407407
2003,BT,29,1,0,1,0.034482758620689655,0.0,0.034482758620689655
2004,BT,41,0,1,-1,0.0,0.024390243902439025,-0.024390243902439025
2005,BT,54,1,1,0,0.018518518518518517,0.018518518518518517,0.0
2006,BT,57,1,0,1,0.017543859649122806,0.0,0.017543859649122806
2007,BT,52,4,3,1,0.07692307692307693,0.057692307692307696,0.019230769230769232
2008,BT,58,1,2,-1,0.017241379310344827,0.034482758620689655,-0.017241379310344827
2009,BT,83,9,6,3,0.10843373493975904,0.07228915662650602,0.03614457831325301
2010,BT,82,6,5,1,0.07317073170731707,0.06097560975609756,0.012195121951219513
2011,BT,141,4,4,0,0.028368794326241134,0.028368794326241134,0.0
2012,BT,159,4,8,-4,0.025157232704402517,0.050314465408805034,-0.025157232704402517
2013,BT,275,15,2,13,0.05454545454545454,0.007272727272727273,0.04727272727272727
2014,BT,307,16,8,8,0.05211726384364821,0.026058631921824105,0.026058631921824105
2015,BT,410,16,14,2,0.03902439024390244,0.03414634146341464,0.004878048780487805
2016,BT,404,25,21,4,0.06188118811881188,0.05198019801980198,0.009900990099009901
2017,BT,501,21,26,-5,0.041916167664670656,0.05189620758483034,-0.00998003992015968
2018,BT,619,39,31,8,0.0630048465266559,0.050080775444264945,0.012924071082390954
2019,BT,900,41,24,17,0.04555555555555556,0.02666666666666667,0.01888888888888889
2020,BT,1044,51,51,0,0.04885057471264368,0.04885057471264368,0.0
2021,BT,1145,70,46,24,0.0611353711790393,0.04017467248908297,0.02096069868995633
2022,BT,1027,46,59,-13,0.044790652385589096,0.05744888023369036,-0.012658227848101266
2023,BT,1010,65,76,-11,0.06435643564356436,0.07524752475247524,-0.01089108910891089
2024,BT,746,59,61,-2,0.07908847184986595,0.08176943699731903,-0.002680965147453083
2025,BT,479,60,79,-19,0.12526096033402923,0.1649269311064718,-0.03966597077244259
1998,BW,336,0,0,0,0.0,0.0,0.0
1999,BW,373,8,7,1,0.021447721179624665,0.01876675603217158,0.002680965147453083
2000,BW,458,14,13,1,0.03056768558951965,0.028384279475982533,0.002183406113537118
2001,BW,484,21,12,9,0.04338842975206612,0.024793388429752067,0.01859504132231405
2002,BW,555,29,13,16,0.05225225225225225,0.023423423423423424,0.02882882882882883
2003,BW,597,23,32,-9,0.038525963149078725,0.05360134003350084,-0.01507537688442211
2004,BW,657,23,23,0,0.0350076103500761,0.0350076103500761,0.0
2005,BW,730,32,41,-9,0.043835616438356165,0.056164383561643834,-0.012328767123287671
2006,BW,742,33,33,0,0.0444743935309973,0.0444743935309973,0.0
2007,BW,774,58,39,19,0.07493540051679587,0.050387596899224806,0.02454780361757106
2008,BW,783,42,56,-14,0.05363984674329502,0.07151979565772669,-0.017879948914431672
2009,BW,878,69,56,13,0.0785876993166287,0.06378132118451026,0.014806378132118452
2010,BW,920,52,56,-4,0.05652173913043478,0.06086956521739131,-0.004347826086956522
2011,BW,1067,56,60,-4,0.05248359887535145,0.056232427366447985,-0.0037488284910965324
2012,BW,1210,62,52,10,0.0512396694214876,0.04297520661157025,0.008264462809917356
2013,BW,1306,74,74,0,0.05666156202143951,0.05666156202143951,0.0
2014,BW,1457,73,74,-1,0.050102951269732326,0.05078929306794784,-0.0006863417982155113
2015,BW,1600,70,76,-6,0.04375,0.0475,-0.00375
2016,BW,1752,105,68,37,0.059931506849315065,0.03881278538812785,0.021118721461187213
2017,BW,1891,120,67,53,0.06345848757271286,0.035430988894764676,0.028027498677948175
2018,BW,2009,112,87,25,0.05574912891986063,0.04330512692882031,0.012444001991040319
2019,BW,2125,91,102,-11,0.042823529411764705,0.048,-0.0051764705882352945
2020,BW,2255,125,112,13,0.05543237250554324,0.04966740576496674,0.005764966740576497
2021,BW,2414,118,111,7,0.04888152444076222,0.045981772990886495,0.002899751449875725
2022,BW,2602,117,103,14,0.04496541122213682,0.039584934665641815,0.005380476556495004
2023,BW,2790,113,126,-13,0.04050179211469534,0.04516129032258064,-0.004659498207885305
2024,BW,2228,122,132,-10,0.05475763016157989,0.059245960502693,-0.004488330341113106
2025,BW,1477,173,150,23,0.11712931618144888,0.1015572105619499,0.015572105619498984
1998,BY,2993,0,0,0,0.0,0.0,0.0
1999,BY,3363,54,54,0,0.016057091882247992,0.016057091882247992,0.0
2000,BY,3755,74,98,-24,0.01970705725699068,0.026098535286284953,-0.006391478029294274
2001,BY,3944,94,129,-35,0.02383367139959432,0.0327079107505071,-0.008874239350912779
2002,BY,4075,122,142,-20,0.029938650306748468,0.03484662576687116,-0.0049079754601227
2003,BY,4236,101,158,-57,0.02384324834749764,0.037299338999055714,-0.013456090651558074
2004,BY,4553,106,156,-50,0.0232813529540962,0.034263123215462335,-0.010981770261366132
2005,BY,4960,150,157,-7,0.03024193548387097,0.031653225806451614,-0.001411290322580645
2006,BY,5031,145,184,-39,0.028821307891075332,0.03657324587557146,-0.007751937984496124
2007,BY,5167,164,204,-40,0.03173988774917747,0.039481323785562225,-0.007741436036384749
2008,BY,5150,152,222,-70,0.029514563106796118,0.04310679611650486,-0.013592233009708738
2009,BY,5395,206,212,-6,0.038183503243744206,0.03929564411492122,-0.0011121408711770157
2010,BY,5555,169,204,-35,0.030423042304230423,0.036723672367236726,-0.0063006300630063005
2011,BY,5947,196,220,-24,0.032957793845636456,0.03699344207163276,-0.004035648225996301
2012,BY,6777,210,239,-29,0.03098716246126605,0.03526634203925041,-0.004279179577984358
2013,BY,7488,221,238,-17,0.029513888888888888,0.03178418803418803,-0.0022702991452991455
2014,BY,7969,258,319,-61,0.032375454887689795,0.040030116702221105,-0.007654661814531309
2015,BY,8519,259,315,-56,0.030402629416598194,0.03697617091207888,-0.00657354149548069
2016,BY,9328,260,319,-59,0.027873070325900515,0.03419811320754717,-0.006325042881646655
2017,BY,10983,332,318,14,0.03022853500864973,0.02895383774924884,0.0012746972594008922
2018,BY,12098,283,416,-133,0.023392296247313607,0.034385848900644736,-0.010993552653331129
2019,BY,13813,415,425,-10,0.030044161297328602,0.030768116991240137,-0.0007239556939115326
2020,BY,14684,373,511,-138,0.025401797875238354,0.03479978207572868,-0.009397984200490329
2021,BY,14477,444,486,-42,0.030669337569938525,0.033570491123851624,-0.0029011535539131034
2022,BY,13116,431,417,14,0.03286062824031717,0.031793229643183894,0.0010673985971332723
2023,BY,12333,454,586,-132,0.03681180572447904,0.04751479769723506,-0.01070299197275602
2024,BY,9237,512,556,-44,0.05542925192161957,0.060192703258633753,-0.004763451337014182
2025,BY,5904,595,520,75,0.10077913279132791,0.08807588075880758,0.012703252032520325
1998,BZ,53,0,0,0,0.0,0.0,0.0
1999,BZ,51,6,5,1,0.11764705882352941,0.09803921568627451,0.0196078431372549
2000,BZ,52,4,10,-6,0.07692307692307693,0.19230769230769232,-0.11538461538461539
2001,BZ,53,16,8,8,0.3018867924528302,0.1509433962264151,0.1509433962264151
2002,BZ,58,11,16,-5,0.1896551724137931,0.27586206896551724,-0.08620689655172414
2003,BZ,61,9,15,-6,0.14754098360655737,0.2459016393442623,-0.09836065573770492
2004,BZ,66,12,14,-2,0.18181818181818182,0.21212121212121213,-0.030303030303030304
2005,BZ,74,15,10,5,0.20270270270270271,0.13513513513513514,0.06756756756756757
2006,BZ,65,10,18,-8,0.15384615384615385,0.27692307692307694,-0.12307692307692308
2007,BZ,67,12,14,-2,0.1791044776119403,0.208955223880597,-0.029850746268656716
2008,BZ,67,7,17,-10,0.1044776119402985,0.2537313432835821,-0.14925373134328357
2009,BZ,63,8,20,-12,0.12698412698412698,0.31746031746031744,-0.19047619047619047
2010,BZ,68,13,9,4,0.19117647058823528,0.1323529411764706,0.058823529411764705
2011,BZ,63,5,12,-7,0.07936507936507936,0.19047619047619047,-0.1111111111111111
2012,BZ,66,5,12,-7,0.07575757575757576,0.18181818181818182,-0.10606060606060606
2013,BZ,70,11,14,-3,0.15714285714285714,0.2,-0.04285714285714286
2014,BZ,57,6,14,-8,0.10526315789473684,0.24561403508771928,-0.14035087719298245
2015,BZ,84,10,10,0,0.11904761904761904,0.11904761904761904,0.0
2016,BZ,92,6,7,-1,0.06521739130434782,0.07608695652173914,-0.010869565217391304
2017,BZ,149,18,4,14,0.12080536912751678,0.026845637583892617,0.09395973154362416
2018,BZ,206,11,9,2,0.05339805825242718,0.043689320388349516,0.009708737864077669
2019,BZ,232,21,7,14,0.09051724137931035,0.03017241379310345,0.0603448275862069
2020,BZ,214,16,17,-1,0.07476635514018691,0.0794392523364486,-0.004672897196261682
2021,BZ,190,17,19,-2,0.08947368421052632,0.1,-0.010526315789473684
2022,BZ,206,9,10,-1,0.043689320388349516,0.04854368932038835,-0.0048543689320388345
2023,BZ,247,25,19,6,0.10121457489878542,0.07692307692307693,0.024291497975708502
2024,BZ,178,18,20,-2,0.10112359550561797,0.11235955056179775,-0.011235955056179775
2025,BZ,128,30,19,11,0.234375,0.1484375,0.0859375
1998,CA,96410,0,0,0,0.0,0.0,0.0
1999,CA,98077,3240,3472,-232,0.03303526820763278,0.035400756548426233,-0.0023654883407934583
2000,CA,109046,4684,5054,-370,0.04295434954056086,0.04634741301835923,-0.0033930634777983603
2001,CA,117069,5633,5844,-211,0.04811692249869735,0.04991927837429208,-0.0018023558755947348
2002,CA,126719,7206,7268,-62,0.056865979056021594,0.0573552505938336,-0.0004892715378120092
2003,CA,132462,8138,7881,257,0.06143648744545605,0.05949630837523214,0.0019401790702239133
2004,CA,141759,8947,8631,316,0.06311415853667139,0.060885023173131866,0.0022291353635395285
2005,CA,150702,10040,9897,143,0.0666215445050497,0.06567265198869292,0.0009488925163567836
2006,CA,158148,11036,10931,105,0.06978273515947088,0.06911880011128817,0.0006639350481827149
2007,CA,166734,11172,11582,-410,0.06700493000827666,0.06946393656962586,-0.002459006561349215
2008,CA,175432,12151,12458,-307,0.06926330430024169,0.07101327009895572,-0.0017499657987140316
2009,CA,184160,12998,13035,-37,0.07057993049522154,0.07078084274543875,-0.00020091225021720243
2010,CA,191693,13157,13788,-631,0.06863578743094427,0.07192750909005545,-0.003291721659111183
2011,CA,199532,13804,14311,-507,0.06918188561233286,0.07172283142553576,-0.002540945813202895
2012,CA,206650,14455,15006,-551,0.06994918945076216,0.072615533510767,-0.002666344060004839
2013,CA,213247,15105,15872,-767,0.07083335287249058,0.07443012093956773,-0.0035967680670771452
2014,CA,219393,15881,16483,-602,0.07238608342107543,0.07513001782189951,-0.0027439344008240918
2015,CA,225311,16011,17043,-1032,0.07106177683291096,0.07564211245789154,-0.0045803356249805825
2016,CA,232921,16415,17024,-609,0.0704745385774576,0.07308915898523534,-0.0026146204077777445
2017,CA,241659,17030,17756,-726,0.070471201155347,0.0734754343930911,-0.0030042332377440938
2018,CA,251655,17862,18027,-165,0.07097812481373308,0.07163378434761876,-0.0006556595338856768
2019,CA,265832,18559,18976,-417,0.06981477023082247,0.0713834301363267,-0.0015686599055042283
2020,CA,280918,19458,19762,-304,0.06926576438676055,0.07034793071287707,-0.001082166326116518
2021,CA,291058,19716,19639,77,0.06773907606044156,0.06747452397803874,0.00026455208240282007
2022,CA,294877,18371,18129,242,0.062300552433726605,0.06147987126835935,0.0008206811653672548
2023,CA,301730,21196,22180,-984,0.07024823517714512,0.07350942895966593,-0.0032611937825207968
2024,CA,247763,22244,23778,-1534,0.08977934558428821,0.09597074623733165,-0.006191400653043432
2025,CA,172077,23418,25365,-1947,0.1360902386722223,0.14740494081138095,-0.011314702139158632
1998,CD,151,0,0,0,0.0,0.0,0.0
1999,CD,175,0,0,0,0.0,0.0,0.0
2000,CD,183,7,5,2,0.03825136612021858,0.0273224043715847,0.01092896174863388
2001,CD,204,4,6,-2,0.0196078431372549,0.029411764705882353,-0.00980392156862745
2002,CD,226,3,6,-3,0.01327433628318584,0.02654867256637168,-0.01327433628318584
2003,CD,275,8,7,1,0.02909090909090909,0.025454545454545455,0.0036363636363636364
2004,CD,315,12,17,-5,0.0380952380952381,0.05396825396825397,-0.015873015873015872
2005,CD,392,3,13,-10,0.007653061224489796,0.03316326530612245,-0.025510204081632654
2006,CD,479,9,8,1,0.018789144050104383,0.016701461377870562,0.0020876826722338203
2007,CD,527,21,10,11,0.03984819734345351,0.018975332068311195,0.020872865275142316
2008,CD,615,14,13,1,0.022764227642276424,0.02113821138211382,0.0016260162601626016
2009,CD,691,31,23,8,0.04486251808972504,0.03328509406657019,0.011577424023154847
2010,CD,887,26,31,-5,0.029312288613303268,0.03494926719278467,-0.005636978579481398
2011,CD,1166,29,26,3,0.024871355060034305,0.022298456260720412,0.002572898799313894
2012,CD,1677,47,28,19,0.02802623732856291,0.016696481812760882,0.011329755515802028
2013,CD,2127,48,36,12,0.022566995768688293,0.01692524682651622,0.005641748942172073
2014,CD,2648,68,35,33,0.0256797583081571,0.013217522658610271,0.012462235649546828
2015,CD,3051,71,53,18,0.023271058669288757,0.017371353654539495,0.0058997050147492625
2016,CD,3520,72,59,13,0.020454545454545454,0.016761363636363637,0.003693181818181818
2017,CD,4062,84,58,26,0.0206794682422452,0.014278680452978828,0.006400787789266372
2018,CD,4734,77,94,-17,0.016265314744402196,0.019856358259400086,-0.0035910435149978876
2019,CD,5696,124,83,41,0.021769662921348316,0.014571629213483145,0.007198033707865169
2020,CD,7095,142,114,28,0.020014094432699085,0.016067653276955602,0.003946441155743482
2021,CD,8107,178,128,50,0.02195633403231775,0.01578882447267793,0.006167509559639818
2022,CD,8617,179,136,43,0.020772890797261228,0.015782755019148196,0.004990135778113032
2023,CD,8916,191,189,2,0.021422162404665768,0.0211978465679677,0.00022431583669807088
2024,CD,6671,235,194,41,0.03522710238345076,0.029081097286763603,0.0061460050966871535
2025,CD,4169,283,230,53,0.06788198608779084,0.055169105301031425,0.012712880786759414
1998,CF,35,0,0,0,0.0,0.0,0.0
1999,CF,62,0,4,-4,0.0,0.06451612903225806,-0.06451612903225806
2000,CF,102,4,0,4,0.0392156862745098,0.0,0.0392156862745098
2001,CF,125,2,2,0,0.016,0.016,0.0
2002,CF,117,1,2,-1,0.008547008547008548,0.017094017094017096,-0.008547008547008548
2003,CF,130,5,1,4,0.038461538461538464,0.007692307692307693,0.03076923076923077
2004,CF,135,4,6,-2,0.02962962962962963,0.044444444444444446,-0.014814814814814815
2005,CF,145,3,4,-1,0.020689655172413793,0.027586206896551724,-0.006896551724137931
2006,CF,140,8,3,5,0.05714285714285714,0.02142857142857143,0.03571428571428571
2007,CF,122,2,10,-8,0.01639344262295082,0.08196721311475409,-0.06557377049180328
2008,CF,114,5,7,-2,0.043859649122807015,0.06140350877192982,-0.017543859649122806
2009,CF,123,6,8,-2,0.04878048780487805,0.06504065040650407,-0.016260162601626018
2010,CF,152,6,7,-1,0.039473684210526314,0.046052631578947366,-0.006578947368421052
2011,CF,177,8,3,5,0.04519774011299435,0.01694915254237288,0.02824858757062147
2012,CF,182,7,7,0,0.038461538461538464,0.038461538461538464,0.0
2013,CF,180,7,6,1,0.03888888888888889,0.03333333333333333,0.005555555555555556
2014,CF,196,11,4,7,0.05612244897959184,0.02040816326530612,0.03571428571428571
2015,CF,214,10,10,0,0.04672897196261682,0.04672897196261682,0.0
2016,CF,253,9,5,4,0.03557312252964427,0.019762845849802372,0.015810276679841896
2017,CF,282,15,12,3,0.05319148936170213,0.0425531914893617,0.010638297872340425
2018,CF,305,21,16,5,0.06885245901639345,0.05245901639344262,0.01639344262295082
2019,CF,352,18,14,4,0.05113636363636364,0.03977272727272727,0.011363636363636364
2020,CF,430,16,10,6,0.037209302325581395,0.023255813953488372,0.013953488372093023
2021,CF,550,16,16,0,0.02909090909090909,0.02909090909090909,0.0
2022,CF,608,17,24,-7,0.027960526315789474,0.039473684210526314,-0.011513157894736841
2023,CF,610,44,12,32,0.07213114754098361,0.019672131147540985,0.05245901639344262
2024,CF,404,28,15,13,0.06930693069306931,0.03712871287128713,0.03217821782178218
2025,CF,223,21,22,-1,0.09417040358744394,0.09865470852017937,-0.004484304932735426
1998,CG,98,0,0,0,0.0,0.0,0.0
1999,CG,122,4,3,1,0.03278688524590164,0.02459016393442623,0.00819672131147541
2000,CG,160,6,10,-4,0.0375,0.0625,-0.025
2001,CG,199,10,13,-3,0.05025125628140704,0.06532663316582915,-0.01507537688442211
2002,CG,234,12,14,-2,0.05128205128205128,0.05982905982905983,-0.008547008547008548
2003,CG,272,17,10,7,0.0625,0.03676470588235294,0.025735294117647058
2004,CG,295,19,17,2,0.06440677966101695,0.0576271186440678,0.006779661016949152
2005,CG,324,29,20,9,0.08950617283950617,0.06172839506172839,0.027777777777777776
2006,CG,307,23,24,-1,0.0749185667752443,0.0781758957654723,-0.003257328990228013
2007,CG,360,26,21,5,0.07222222222222222,0.058333333333333334,0.013888888888888888
2008,CG,363,37,26,11,0.10192837465564739,0.07162534435261708,0.030303030303030304
2009,CG,408,33,31,2,0.08088235294117647,0.07598039215686274,0.004901960784313725
2010,CG,468,30,39,-9,0.0641025641025641,0.08333333333333333,-0.019230769230769232
2011,CG,511,34,29,5,0.06653620352250489,0.05675146771037182,0.009784735812133072
2012,CG,588,41,31,10,0.06972789115646258,0.05272108843537415,0.017006802721088437
2013,CG,639,39,51,-12,0.06103286384976526,0.07981220657276995,-0.018779342723004695
2014,CG,770,45,37,8,0.05844155844155844,0.048051948051948054,0.01038961038961039
2015,CG,918,38,45,-7,0.04139433551198257,0.049019607843137254,-0.007625272331154684
2016,CG,1118,36,26,10,0.03220035778175313,0.023255813953488372,0.008944543828264758
2017,CG,1439,64,45,19,0.04447533009034051,0.03127171646977067,0.01320361362056984
2018,CG,1701,63,46,17,0.037037037037037035,0.02704291593180482,0.009994121105232217
2019,CG,2068,95,50,45,0.045938104448742745,0.024177949709864602,0.021760154738878143
2020,CG,2263,77,66,11,0.034025629695095004,0.029164825452938577,0.004860804242156429
2021,CG,2508,96,69,27,0.03827751196172249,0.02751196172248804,0.01076555023923445
2022,CG,2546,110,62,48,0.04320502749410841,0.024351924587588374,0.018853102906520033
2023,CG,2518,122,86,36,0.048451151707704525,0.03415409054805401,0.014297061159650517
2024,CG,1785,99,99,0,0.05546218487394958,0.05546218487394958,0.0
2025,CG,982,129,115,14,0.13136456211812628,0.11710794297352342,0.014256619144602852
1998,CH,34199,0,0,0,0.0,0.0,0.0
1999,CH,35288,1795,1717,78,0.05086715030605305,0.04865676717297665,0.0022103831330764
2000,CH,38079,2528,2429,99,0.06638829801202763,0.06378843982247433,0.002599858189553297
2001,CH,40350,2790,2726,64,0.0691449814126394,0.06755885997521685,0.0015861214374225526
2002,CH,43338,3229,3174,55,0.07450736074576585,0.07323826664820711,0.0012690940975587245
2003,CH,45571,3794,3311,483,0.08325470145487261,0.07265585569770248,0.01059884575717013
2004,CH,49357,4057,3728,329,0.08219705411593087,0.07553133294162935,0.006665721174301517
2005,CH,52220,4264,4125,139,0.08165453849099961,0.07899272309459977,0.0026618153963998466
2006,CH,56829,4817,4323,494,0.08476306111316405,0.07607031621179328,0.008692744901370779
2007,CH,59265,5045,4606,439,0.08512612840631063,0.07771872099890323,0.007407407407407408
2008,CH,63720,5717,5082,635,0.08972065285624607,0.07975517890772128,0.009965473948524796
2009,CH,67528,6106,5509,597,0.09042175097737234,0.08158097381826798,0.008840777159104371
2010,CH,72508,6634,5577,1057,0.09149335245765984,0.07691565068682077,0.01457770177083908
2011,CH,76096,6618,6322,296,0.08696909167367536,0.08307926829268293,0.0038898233809924305
2012,CH,80811,7482,6484,998,0.09258640531610796,0.08023660145277252,0.012349803863335437
2013,CH,84206,7906,7076,830,0.0938887965228131,0.08403201672089874,0.009856779801914352
2014,CH,86627,8370,7246,1124,0.09662114583213086,0.08364597642767267,0.012975169404458194
2015,CH,90170,8698,7544,1154,0.09646223799489853,0.08366418986359099,0.01279804813130753
2016,CH,93032,8517,7639,878,0.09154914438042824,0.08211153151603749,0.009437612864390748
2017,CH,96709,9112,7864,1248,0.09422080675014735,0.08131611328831856,0.012904693461828785
2018,CH,100497,8889,8290,599,0.08845040150452252,0.0824900245778481,0.005960376926674428
2019,CH,105785,9319,8161,1158,0.0880937751098927,0.07714704353169163,0.010946731578201068
2020,CH,113530,9903,8776,1127,0.0872280454505417,0.07730115388003171,0.009926891570509997
2021,CH,118704,10029,8504,1525,0.08448746461787303,0.07164038280091657,0.012847081816956462
2022,CH,122550,9585,8308,1277,0.07821297429620563,0.06779273765809873,0.010420236638106895
2023,CH,126328,11389,9669,1720,0.09015420176049649,0.07653885124437972,0.013615350516116776
2024,CH,104097,11107,10141,966,0.10669855999692594,0.09741875366244944,0.009279806334476498
2025,CH,73492,11464,10913,551,0.1559897675937517,0.14849235290916019,0.00749741468459152
1998,CI,488,0,0,0,0.0,0.0,0.0
1999,CI,517,17,22,-5,0.03288201160541586,0.0425531914893617,-0.009671179883945842
2000,CI,577,25,25,0,0.043327556325823226,0.043327556325823226,0.0
2001,CI,638,40,23,17,0.06269592476489028,0.03605015673981191,0.02664576802507837
2002,CI,766,31,30,1,0.04046997389033943,0.0391644908616188,0.0013054830287206266
2003,CI,930,43,55,-12,0.046236559139784944,0.05913978494623656,-0.012903225806451613
2004,CI,1011,28,66,-38,0.027695351137487636,0.06528189910979229,-0.03758654797230465
2005,CI,1145,79,50,29,0.06899563318777292,0.043668122270742356,0.025327510917030567
2006,CI,1349,69,66,3,0.05114899925871016,0.04892512972572276,0.002223869532987398
2007,CI,1721,68,77,-9,0.039511911679256245,0.04474142940151075,-0.005229517722254503
2008,CI,2109,87,72,15,0.041251778093883355,0.034139402560455195,0.007112375533428165
2009,CI,2340,95,88,7,0.0405982905982906,0.037606837606837605,0.0029914529914529917
2010,CI,2509,128,92,36,0.05101634117178159,0.036667995217218016,0.01434834595456357
2011,CI,2655,113,121,-8,0.04256120527306968,0.045574387947269306,-0.0030131826741996233
2012,CI,3170,133,125,8,0.04195583596214511,0.03943217665615142,0.002523659305993691
2013,CI,3729,136,119,17,0.036470903727540895,0.03191204076159829,0.004558862965942612
2014,CI,4450,148,123,25,0.03325842696629214,0.027640449438202246,0.0056179775280898875
2015,CI,5274,184,138,46,0.034888130451270385,0.026166097838452786,0.008722032612817596
2016,CI,6167,200,147,53,0.03243067942273391,0.02383654937570942,0.008594130047024485
2017,CI,6894,246,207,39,0.03568320278503046,0.030026109660574413,0.005657093124456049
2018,CI,7422,251,195,56,0.033818377795742385,0.026273241713823767,0.00754513608191862
2019,CI,7967,233,249,-16,0.02924563825781348,0.031253922430023846,-0.002008284172210368
2020,CI,8724,252,234,18,0.02888583218707015,0.026822558459422285,0.0020632737276478678
2021,CI,9658,302,243,59,0.03126941395734106,0.025160488714019467,0.006108925243321598
2022,CI,9691,287,276,11,0.029615106800123827,0.02848003302032814,0.0011350737797956867
2023,CI,9958,327,301,26,0.03283791926089576,0.030226953203454508,0.0026109660574412533
2024,CI,7215,304,297,7,0.04213444213444213,0.041164241164241167,0.0009702009702009702
2025,CI,4584,353,293,60,0.07700698080279232,0.06391797556719023,0.013089005235602094
2009,CK,1,1,0,1,1.0,0.0,1.0
2016,CK,1,0,0,0,0.0,0.0,0.0
2017,CK,1,0,0,0,0.0,0.0,0.0
2018,CK,1,0,0,0,0.0,0.0,0.0
2019,CK,1,0,0,0,0.0,0.0,0.0
2020,CK,1,0,0,0,0.0,0.0,0.0
2021,CK,3,0,0,0,0.0,0.0,0.0
2022,CK,3,0,0,0,0.0,0.0,0.0
2023,CK,5,2,0,2,0.4,0.0,0.4
2024,CK,1,0,0,0,0.0,0.0,0.0
2025,CK,2,1,0,1,0.5,0.0,0.5
1998,CL,8650,0,0,0,0.0,0.0,0.0
1999,CL,9545,192,166,26,0.020115243583027763,0.017391304347826087,0.002723939235201676
2000,CL,11134,288,268,20,0.025866714567989942,0.02407041494521286,0.0017962996227770792
2001,CL,12828,376,379,-3,0.029310882444652322,0.029544745868412846,-0.00023386342376052386
2002,CL,14510,514,446,68,0.03542384562370779,0.030737422467263957,0.004686423156443832
2003,CL,15725,599,567,32,0.03809220985691574,0.03605723370429253,0.0020349761526232114
2004,CL,17190,681,650,31,0.03961605584642234,0.03781268179173938,0.0018033740546829552
2005,CL,18935,702,726,-24,0.03707420121468181,0.03834169527330341,-0.0012674940586216003
2006,CL,20762,875,909,-34,0.04214430209035738,0.04378190925729698,-0.0016376071669396012
2007,CL,22579,1002,950,52,0.0443775189335223,0.04207449399884849,0.0023030249346738117
2008,CL,25319,1100,1062,38,0.043445633713811764,0.04194478454915281,0.0015008491646589517
2009,CL,28280,1237,1244,-7,0.043741159830268744,0.04398868458274399,-0.00024752475247524753
2010,CL,30489,1486,1400,86,0.04873888943553413,0.045918200006559745,0.002820689428974384
2011,CL,31787,1618,1577,41,0.05090131185704848,0.049611476389719064,0.0012898354673294113
2012,CL,33278,1728,1721,7,0.0519261974878298,0.0517158483081916,0.00021034917963819942
2013,CL,36156,1799,1800,-1,0.049756610244496076,0.04978426817125788,-2.7657926761809936e-05
2014,CL,39925,2118,1997,121,0.05304946775203507,0.0500187852222918,0.0030306825297432686
2015,CL,43275,2427,2188,239,0.05608318890814558,0.050560369728480645,0.005522819179664934
2016,CL,46118,2686,2492,194,0.05824190120993972,0.05403530075024936,0.004206600459690359
2017,CL,48630,2893,2646,247,0.05949002673246967,0.05441085749537323,0.005079169237096443
2018,CL,52646,2960,2817,143,0.056224594461117654,0.05350833871519204,0.0027162557459256163
2019,CL,56417,3188,3021,167,0.05650779020508003,0.05354768952620664,0.002960100678873389
2020,CL,58925,3380,3213,167,0.05736105218498091,0.05452694102672889,0.002834111158252015
2021,CL,60277,3359,3425,-66,0.055726064668115534,0.0568210096720142,-0.0010949450038986678
2022,CL,63557,2981,3172,-191,0.0469027801815693,0.04990795663734915,-0.003005176455779851
2023,CL,68633,3670,4043,-373,0.05347281919776201,0.058907522620313846,-0.005434703422551834
2024,CL,55237,3900,3956,-56,0.07060484819957637,0.07161866140449337,-0.001013813204916994
2025,CL,35867,4155,4383,-228,0.11584464828393788,0.12220146652912148,-0.006356818245183595
1998,CM,654,0,0,0,0.0,0.0,0.0
1999,CM,781,39,21,18,0.0499359795134443,0.026888604353393086,0.023047375160051217
2000,CM,921,33,47,-14,0.035830618892508145,0.051031487513572206,-0.01520086862106406
2001,CM,1114,54,51,3,0.04847396768402154,0.04578096947935368,0.0026929982046678637
2002,CM,1310,71,60,11,0.05419847328244275,0.04580152671755725,0.008396946564885497
2003,CM,1540,62,74,-12,0.04025974025974026,0.048051948051948054,-0.007792207792207792
2004,CM,1719,80,78,2,0.04653868528214078,0.04537521815008726,0.0011634671320535194
2005,CM,1904,92,93,-1,0.04831932773109244,0.04884453781512605,-0.0005252100840336134
2006,CM,2052,81,96,-15,0.039473684210526314,0.04678362573099415,-0.007309941520467836
2007,CM,2318,90,91,-1,0.03882657463330457,0.039257981018119066,-0.0004314063848144953
2008,CM,2540,100,102,-2,0.03937007874015748,0.04015748031496063,-0.0007874015748031496
2009,CM,2971,102,129,-27,0.03433187478963312,0.04341972399865365,-0.009087849209020532
2010,CM,3411,107,142,-35,0.03136909997068309,0.0416300205218411,-0.010260920551158018
2011,CM,4167,137,114,23,0.03287736981041517,0.027357811375089993,0.005519558435325174
2012,CM,5105,142,165,-23,0.02781586679725759,0.03232125367286973,-0.0045053868756121445
2013,CM,6157,176,152,24,0.02858535000812084,0.02468734773428618,0.0038980022738346596
2014,CM,7155,207,157,50,0.028930817610062894,0.02194269741439553,0.0069881201956673656
2015,CM,8160,234,193,41,0.028676470588235293,0.023651960784313725,0.005024509803921569
2016,CM,9393,242,237,5,0.02576386670925157,0.025231555413605878,0.0005323112956456936
2017,CM,10859,247,225,22,0.022746109218160053,0.020720139976056727,0.0020259692421033242
2018,CM,13372,259,265,-6,0.019368830391863597,0.019817529165420282,-0.0004486987735566856
2019,CM,15815,291,265,26,0.018400252924438823,0.016756244072083464,0.0016440088523553588
2020,CM,18436,364,359,5,0.01974397917118681,0.019472770666088088,0.0002712085050987199
2021,CM,20067,378,369,9,0.018836896397069817,0.01838839886380625,0.00044849753326356705
2022,CM,21202,358,378,-20,0.01688519950948024,0.01782850674464673,-0.0009433072351664937
2023,CM,21765,476,472,4,0.021869974730071216,0.021686193429818517,0.0001837813002526993
2024,CM,16372,504,531,-27,0.030784265819692156,0.032433422917175665,-0.0016491570974835085
2025,CM,9917,570,654,-84,0.05747705959463548,0.06594736311384491,-0.008470303519209438
1998,CN,116476,0,0,0,0.0,0.0,0.0
1999,CN,145327,1932,2159,-227,0.013294157314194885,0.014856151988274719,-0.0015619946740798338
2000,CN,193204,3696,3798,-102,0.019130038715554545,0.0196579780956916,-0.0005279393801370572
2001,CN,245097,5882,5892,-10,0.02399866175432584,0.02403946192731857,-4.080017299273349e-05
2002,CN,329667,8916,8457,459,0.02704547315927891,0.02565315909690688,0.00139231406237203
2003,CN,429922,12321,10616,1705,0.02865868692460493,0.0246928512613916,0.003965835663213327
2004,CN,552762,17454,12074,5380,0.03157597664094131,0.0218430355198078,0.009732941121133508
2005,CN,670840,22393,14945,7448,0.03338053783316439,0.02227803947289965,0.011102498360264742
2006,CN,789788,27240,17950,9290,0.034490268274524304,0.02272761804433595,0.011762650230188354
2007,CN,903091,30631,19558,11073,0.033917955111943315,0.021656732267290892,0.012261222844652421
2008,CN,1016982,33173,23152,10021,0.032619063070929474,0.02276539801097758,0.009853665059951897
2009,CN,1140338,35609,26018,9591,0.031226706467731496,0.02281604226115415,0.008410664206577349
2010,CN,1215331,37842,30114,7728,0.031137196368725886,0.024778434846144795,0.006358761522581091
2011,CN,1309959,41483,32945,8538,0.03166740333094394,0.025149642088034815,0.006517761242909129
2012,CN,1357071,40521,36266,4255,0.02985915991130899,0.026723730740690798,0.003135429170618192
2013,CN,1362995,44708,38762,5946,0.032801294208709496,0.02843884240220984,0.004362451806499657
2014,CN,1307707,46119,42387,3732,0.035267074352282275,0.032413224063188466,0.0028538502890938107
2015,CN,1271446,46797,44142,2655,0.036806124680088655,0.03471795105730011,0.0020881736227885417
2016,CN,1303106,47068,42056,5012,0.03611985517678531,0.032273660009239466,0.003846195167545848
2017,CN,1433510,50389,42221,8168,0.03515078374060872,0.029452881389038094,0.00569790235157062
2018,CN,1586884,53055,44330,8725,0.033433445670887095,0.027935249205360946,0.005498196465526151
2019,CN,1764885,57078,47505,9573,0.03234091739688422,0.026916767948053272,0.005424149448830943
2020,CN,2068066,59534,52086,7448,0.02878728241748571,0.02518584996803777,0.0036014324494479384
2021,CN,2317798,64617,50325,14292,0.027878615824157238,0.02171241842472899,0.00616619739942825
2022,CN,2589705,63062,45972,17090,0.024351036121874885,0.017751828876261967,0.006599207245612917
2023,CN,2738981,70786,58669,12117,0.02584391786580484,0.021420009850378664,0.004423908015426175
2024,CN,2391813,91693,64764,26929,0.038336190998209306,0.027077367670465875,0.01125882332774343
2025,CN,1820498,95170,82977,12193,0.05227690445141934,0.04557928654686794,0.006697617904551392
1998,CO,6710,0,0,0,0.0,0.0,0.0
1999,CO,7987,121,93,28,0.015149618129460373,0.011643921372229873,0.0035056967572304996
2000,CO,9088,173,209,-36,0.019036091549295774,0.022997359154929578,-0.003961267605633803
2001,CO,10157,287,236,51,0.028256374913852515,0.023235207246234124,0.005021167667618391
2002,CO,11443,334,365,-31,0.029188149960674648,0.03189722974744385,-0.0027090797867692037
2003,CO,13951,422,437,-15,0.030248727689771344,0.03132391943229876,-0.0010751917425274175
2004,CO,17522,508,489,19,0.028992124186736672,0.02790777308526424,0.0010843511014724347
2005,CO,21056,669,620,49,0.03177241641337386,0.02944528875379939,0.002327127659574468
2006,CO,24941,822,710,112,0.032957780361653505,0.028467182550819935,0.004490597810833568
2007,CO,29113,928,899,29,0.03187579431868925,0.030879675746230205,0.000996118572459039
2008,CO,34179,1162,987,175,0.033997483835103426,0.028877380847889055,0.0051201029872143715
2009,CO,39380,1369,1212,157,0.034763839512442864,0.030777044184865415,0.003986795327577451
2010,CO,44939,1521,1404,117,0.03384587997062685,0.031242350742117092,0.002603529228509758
2011,CO,50804,1632,1657,-25,0.032123454846075115,0.03261554208330053,-0.0004920872372254153
2012,CO,56699,1968,1821,147,0.034709606871373394,0.03211696855323727,0.0025926383181361225
2013,CO,63110,2135,2154,-19,0.033829820947551895,0.03413088258596102,-0.0003010616384091269
2014,CO,68632,2335,2319,16,0.03402203053968994,0.03378890313556358,0.00023312740412635504
2015,CO,75474,2677,2588,89,0.035469168190370194,0.03428995415639823,0.001179214033971964
2016,CO,81027,2967,2945,22,0.03661742382168907,0.03634590938822862,0.00027151443346045144
2017,CO,86336,3299,3197,102,0.038211174944403264,0.03702974425500371,0.0011814306893995553
2018,CO,92308,3306,3475,-169,0.03581488061706461,0.03764570784764051,-0.0018308272305758982
2019,CO,98058,3587,3694,-107,0.03658039119704665,0.03767158212486488,-0.00109119092781823
2020,CO,101249,3983,4254,-271,0.03933866013491491,0.04201522978004721,-0.0026765696451322976
2021,CO,101535,4076,4434,-358,0.0401437927808145,0.043669670556950806,-0.0035258777761363077
2022,CO,100833,3413,3970,-557,0.03384804577866373,0.0393720309819206,-0.00552398520325687
2023,CO,100845,4859,5008,-149,0.048182854876295304,0.04966036987455997,-0.0014775149982646635
2024,CO,74523,4829,4946,-117,0.06479878695167934,0.06636877205694885,-0.0015699851052695141
2025,CO,43878,4864,5511,-647,0.11085281918045489,0.12559824969232872,-0.014745430511873832
1998,CR,1422,0,0,0,0.0,0.0,0.0
1999,CR,1613,31,32,-1,0.019218846869187848,0.019838809671419714,-0.0006199628022318661
2000,CR,1879,56,47,9,0.029803086748270355,0.025013304949441192,0.004789781798829164
2001,CR,2035,68,83,-15,0.03341523341523341,0.04078624078624079,-0.007371007371007371
2002,CR,2247,101,79,22,0.04494882064975523,0.03515798842901647,0.009790832220738763
2003,CR,2377,110,99,11,0.04627681952040387,0.041649137568363484,0.004627681952040387
2004,CR,2616,103,131,-28,0.03937308868501529,0.05007645259938838,-0.010703363914373088
2005,CR,2940,145,126,19,0.04931972789115646,0.04285714285714286,0.006462585034013605
2006,CR,3101,165,158,7,0.05320864237342793,0.0509513060303128,0.002257336343115124
2007,CR,3666,205,188,17,0.05591925804691762,0.05128205128205128,0.004637206764866339
2008,CR,3959,187,230,-43,0.047234150037888355,0.05809547865622632,-0.010861328618337964
2009,CR,5108,278,233,45,0.05442443226311668,0.04561472200469851,0.008809710258418167
2010,CR,5257,268,286,-18,0.05097964618603766,0.054403652273159596,-0.0034240060871219328
2011,CR,5875,342,322,20,0.05821276595744681,0.05480851063829787,0.003404255319148936
2012,CR,6191,295,328,-33,0.04764981424648684,0.052980132450331126,-0.00533031820384429
2013,CR,7338,390,403,-13,0.053147996729354045,0.054919596620332516,-0.0017715998909784683
2014,CR,8179,488,420,68,0.05966499572074826,0.05135102090720137,0.008313974813546888
2015,CR,8693,584,538,46,0.06718049004946508,0.0618888761072127,0.005291613942252387
2016,CR,9036,563,620,-57,0.06230633023461709,0.06861443116423196,-0.0063081009296148734
2017,CR,9795,607,603,4,0.06197039305768249,0.06156202143950995,0.000408371618172537
2018,CR,10989,621,650,-29,0.056511056511056514,0.05915005915005915,-0.002639002639002639
2019,CR,11832,761,618,143,0.06431710615280595,0.052231237322515216,0.012085868830290737
2020,CR,11723,784,762,22,0.06687707924592681,0.06500042651198498,0.0018766527339418237
2021,CR,10990,734,827,-93,0.06678798908098271,0.07525022747952684,-0.00846223839854413
2022,CR,10520,579,623,-44,0.05503802281368821,0.05922053231939164,-0.004182509505703422
2023,CR,10719,609,721,-112,0.05681500139938427,0.0672637372889262,-0.010448735889541936
2024,CR,8142,656,664,-8,0.08056988454925079,0.08155244411692458,-0.0009825595676737902
2025,CR,5051,794,741,53,0.15719659473371608,0.14670362304494158,0.0104929716887745
1998,CU,5193,0,0,0,0.0,0.0,0.0
1999,CU,5711,77,92,-15,0.013482752582735073,0.016109262826125022,-0.002626510243389949
2000,CU,6091,151,139,12,0.02479067476604827,0.02282055491709079,0.0019701198489574783
2001,CU,6638,159,203,-44,0.023952997890931003,0.030581500451943355,-0.006628502561012353
2002,CU,7128,210,228,-18,0.029461279461279462,0.03198653198653199,-0.0025252525252525255
2003,CU,8008,277,323,-46,0.03459040959040959,0.040334665334665336,-0.005744255744255744
2004,CU,8498,294,355,-61,0.03459637561779242,0.041774535184749356,-0.007178159566956931
2005,CU,9450,369,406,-37,0.039047619047619046,0.04296296296296296,-0.003915343915343915
2006,CU,10504,354,444,-90,0.033701447067783705,0.04226961157654227,-0.008568164508758568
2007,CU,12159,454,550,-96,0.037338596924089154,0.045233983057817256,-0.007895386133728102
2008,CU,13986,577,517,60,0.041255541255541255,0.03696553696553696,0.00429000429000429
2009,CU,15792,582,692,-110,0.03685410334346505,0.04381965552178318,-0.006965552178318136
2010,CU,17706,690,717,-27,0.03896984073195527,0.04049474754320569,-0.0015249068112504235
2011,CU,19682,728,734,-6,0.036988110964332896,0.03729295803272025,-0.000304847068387359
2012,CU,21527,785,774,11,0.03646583360431087,0.03595484740093836,0.000510986203372509
2013,CU,23387,899,929,-30,0.03844015906272716,0.03972292299140548,-0.0012827639286783256
2014,CU,24535,893,1161,-268,0.03639698390055023,0.047320154880782554,-0.010923170980232322
2015,CU,25552,967,1198,-231,0.03784439574201628,0.046884783969943646,-0.009040388227927364
2016,CU,26563,1123,1340,-217,0.042276851259270415,0.05044610924970824,-0.008169257990437826
2017,CU,26709,983,1409,-426,0.03680407353326594,0.05275375341645138,-0.015949679883185443
2018,CU,27860,1062,1476,-414,0.038119167264895906,0.0529791816223977,-0.014860014357501795
2019,CU,28786,1045,1539,-494,0.03630236920725353,0.05346348919613701,-0.017161119988883484
2020,CU,26371,1179,1467,-288,0.0447082021918016,0.05562928975010428,-0.010921087558302681
2021,CU,22390,1178,1483,-305,0.052612773559624834,0.06623492630638678,-0.013622152746761948
2022,CU,14694,813,1077,-264,0.05532870559412005,0.07329522253981217,-0.01796651694569212
2023,CU,12225,911,1212,-301,0.07451942740286299,0.09914110429447853,-0.02462167689161554
2024,CU,7820,682,1255,-573,0.08721227621483375,0.1604859335038363,-0.07327365728900256
2025,CU,4531,672,1241,-569,0.14831163098653719,0.27389097329507833,-0.12557934230854115
1998,CV,23,0,0,0,0.0,0.0,0.0
1999,CV,33,0,0,0,0.0,0.0,0.0
2000,CV,36,1,1,0,0.027777777777777776,0.027777777777777776,0.0
2001,CV,40,5,1,4,0.125,0.025,0.1
2002,CV,42,1,6,-5,0.023809523809523808,0.14285714285714285,-0.11904761904761904
2003,CV,45,1,1,0,0.022222222222222223,0.022222222222222223,0.0
2004,CV,48,0,2,-2,0.0,0.041666666666666664,-0.041666666666666664
2005,CV,48,1,5,-4,0.020833333333333332,0.10416666666666667,-0.08333333333333333
2006,CV,70,1,2,-1,0.014285714285714285,0.02857142857142857,-0.014285714285714285
2007,CV,74,2,1,1,0.02702702702702703,0.013513513513513514,0.013513513513513514
2008,CV,81,6,2,4,0.07407407407407407,0.024691358024691357,0.04938271604938271
2009,CV,72,8,7,1,0.1111111111111111,0.09722222222222222,0.013888888888888888
2010,CV,86,10,7,3,0.11627906976744186,0.08139534883720931,0.03488372093023256
2011,CV,92,2,11,-9,0.021739130434782608,0.11956521739130435,-0.09782608695652174
2012,CV,115,3,8,-5,0.02608695652173913,0.06956521739130435,-0.043478260869565216
2013,CV,127,13,8,5,0.10236220472440945,0.06299212598425197,0.03937007874015748
2014,CV,138,11,10,1,0.07971014492753623,0.07246376811594203,0.007246376811594203
2015,CV,135,11,16,-5,0.08148148148148149,0.11851851851851852,-0.037037037037037035
2016,CV,146,15,10,5,0.10273972602739725,0.0684931506849315,0.03424657534246575
2017,CV,164,16,10,6,0.0975609756097561,0.06097560975609756,0.036585365853658534
2018,CV,187,12,15,-3,0.06417112299465241,0.08021390374331551,-0.016042780748663103
2019,CV,205,12,12,0,0.05853658536585366,0.05853658536585366,0.0
2020,CV,210,19,17,2,0.09047619047619047,0.08095238095238096,0.009523809523809525
2021,CV,235,23,12,11,0.09787234042553192,0.05106382978723404,0.04680851063829787
2022,CV,252,25,30,-5,0.0992063492063492,0.11904761904761904,-0.01984126984126984
2023,CV,258,22,20,2,0.08527131782945736,0.07751937984496124,0.007751937984496124
2024,CV,210,29,19,10,0.1380952380952381,0.09047619047619047,0.047619047619047616
2025,CV,128,45,32,13,0.3515625,0.25,0.1015625
1998,CW,75,0,0,0,0.0,0.0,0.0
1999,CW,86,3,5,-2,0.03488372093023256,0.05813953488372093,-0.023255813953488372
2000,CW,75,8,7,1,0.10666666666666667,0.09333333333333334,0.013333333333333334
2001,CW,68,8,15,-7,0.11764705882352941,0.22058823529411764,-0.10294117647058823
2002,CW,73,4,9,-5,0.0547945205479452,0.1232876712328767,-0.0684931506849315
2003,CW,78,9,6,3,0.11538461538461539,0.07692307692307693,0.038461538461538464
2004,CW,80,13,12,1,0.1625,0.15,0.0125
2005,CW,78,8,13,-5,0.10256410256410256,0.16666666666666666,-0.0641025641025641
2006,CW,93,13,18,-5,0.13978494623655913,0.1935483870967742,-0.053763440860215055
2007,CW,103,8,14,-6,0.07766990291262135,0.13592233009708737,-0.05825242718446602
2008,CW,107,21,11,10,0.19626168224299065,0.102803738317757,0.09345794392523364
2009,CW,107,14,10,4,0.1308411214953271,0.09345794392523364,0.037383177570093455
2010,CW,109,18,18,0,0.1651376146788991,0.1651376146788991,0.0
2011,CW,123,16,14,2,0.13008130081300814,0.11382113821138211,0.016260162601626018
2012,CW,125,17,17,0,0.136,0.136,0.0
2013,CW,136,17,17,0,0.125,0.125,0.0
2014,CW,138,23,23,0,0.16666666666666666,0.16666666666666666,0.0
2015,CW,179,35,24,11,0.19553072625698323,0.1340782122905028,0.061452513966480445
2016,CW,192,12,32,-20,0.0625,0.16666666666666666,-0.10416666666666667
2017,CW,221,41,27,14,0.18552036199095023,0.12217194570135746,0.06334841628959276
2018,CW,211,16,31,-15,0.07582938388625593,0.14691943127962084,-0.07109004739336493
2019,CW,215,26,32,-6,0.12093023255813953,0.14883720930232558,-0.027906976744186046
2020,CW,239,20,27,-7,0.08368200836820083,0.11297071129707113,-0.029288702928870293
2021,CW,338,31,25,6,0.09171597633136094,0.07396449704142012,0.01775147928994083
2022,CW,392,27,23,4,0.06887755102040816,0.058673469387755105,0.01020408163265306
2023,CW,427,51,32,19,0.11943793911007025,0.07494145199063232,0.04449648711943794
2024,CW,272,43,34,9,0.15808823529411764,0.125,0.03308823529411765
2025,CW,150,40,45,-5,0.26666666666666666,0.3,-0.03333333333333333
1998,CY,500,0,0,0,0.0,0.0,0.0
1999,CY,551,21,25,-4,0.038112522686025406,0.045372050816696916,-0.007259528130671506
2000,CY,655,36,24,12,0.0549618320610687,0.0366412213740458,0.0183206106870229
2001,CY,710,36,24,12,0.05070422535211268,0.03380281690140845,0.016901408450704224
2002,CY,760,49,46,3,0.06447368421052632,0.060526315789473685,0.003947368421052632
2003,CY,926,64,49,15,0.06911447084233262,0.052915766738660906,0.016198704103671708
2004,CY,1115,83,62,21,0.07443946188340807,0.05560538116591928,0.01883408071748879
2005,CY,1336,113,59,54,0.0845808383233533,0.04416167664670659,0.040419161676646706
2006,CY,1516,136,82,54,0.08970976253298153,0.05408970976253298,0.03562005277044855
2007,CY,1759,123,105,18,0.06992609437180217,0.05969300739056282,0.01023308698123934
2008,CY,2025,171,109,62,0.08444444444444445,0.05382716049382716,0.030617283950617285
2009,CY,2303,180,138,42,0.07815892314372558,0.059921841076856275,0.0182370820668693
2010,CY,2697,218,135,83,0.08083055246570263,0.05005561735261402,0.030774935113088618
2011,CY,3141,222,138,84,0.07067812798471824,0.04393505253104107,0.026743075453677174
2012,CY,3519,296,164,132,0.08411480534242682,0.04660414890593919,0.03751065643648764
2013,CY,3936,321,227,94,0.08155487804878049,0.057672764227642274,0.023882113821138213
2014,CY,4392,274,247,27,0.06238615664845173,0.05623861566484517,0.006147540983606557
2015,CY,5018,314,281,33,0.06257473096851335,0.05599840573933838,0.00657632522917497
2016,CY,5655,409,288,121,0.07232537577365164,0.05092838196286472,0.021396993810786913
2017,CY,6261,435,359,76,0.06947771921418304,0.05733908321354416,0.012138636000638876
2018,CY,7028,479,361,118,0.06815594763801935,0.05136596471257826,0.016789982925441094
2019,CY,7909,444,419,25,0.05613857630547477,0.052977620432418764,0.003160955873056012
2020,CY,8855,581,464,117,0.06561264822134387,0.05239977413890457,0.0132128740824393
2021,CY,9502,627,492,135,0.06598610818774994,0.051778572932014315,0.014207535255735634
2022,CY,10098,579,524,55,0.057338086749851455,0.05189146365616954,0.0054466230936819175
2023,CY,11206,717,642,75,0.06398358022487953,0.05729073710512225,0.006692843119757273
2024,CY,9163,760,647,113,0.0829422678162174,0.07061006220670087,0.012332205609516533
2025,CY,6356,829,703,126,0.1304279421019509,0.1106041535556954,0.019823788546255508
1998,CZ,13143,0,0,0,0.0,0.0,0.0
1999,CZ,14398,460,416,44,0.03194888178913738,0.028892901791915542,0.0030559799972218363
2000,CZ,15955,632,703,-71,0.0396114070824193,0.04406142275148856,-0.004450015669069257
2001,CZ,17443,843,827,16,0.04832884251562231,0.04741156911081809,0.0009172734048042195
2002,CZ,19177,837,1023,-186,0.04364603431193617,0.05334515304792199,-0.009699118735985817
2003,CZ,20598,894,1043,-149,0.043402272065249055,0.050635984076123894,-0.0072337120108748425
2004,CZ,22803,1069,1205,-136,0.04687979651800202,0.052843924045081786,-0.00596412752707977
2005,CZ,28388,1175,1361,-186,0.041390728476821195,0.047942792729322246,-0.006552064252501057
2006,CZ,30847,1501,1458,43,0.04865951308068856,0.04726553635685804,0.0013939767238305184
2007,CZ,32892,1545,1615,-70,0.04697190806275082,0.049100085127082575,-0.0021281770643317524
2008,CZ,31585,1751,1684,67,0.055437707772676904,0.05331644768086117,0.0021212600918157354
2009,CZ,34059,1799,1915,-116,0.052820106286150505,0.056225960832672714,-0.0034058545465222114
2010,CZ,36836,1871,1873,-2,0.050792702790748184,0.050846997502443265,-5.42947116950809e-05
2011,CZ,40001,1789,2021,-232,0.04472388190295243,0.050523736906577334,-0.005799855003624909
2012,CZ,44142,1985,2059,-74,0.04496851071541842,0.04664491867155997,-0.001676407956141543
2013,CZ,47584,2290,2242,48,0.04812542030934768,0.04711667787491594,0.0010087424344317419
2014,CZ,50567,2778,2470,308,0.054937014258310754,0.04884608539165859,0.006090928866652165
2015,CZ,51860,2936,2485,451,0.05661396066332434,0.04791747011183957,0.008696490551484767
2016,CZ,52460,2695,2804,-109,0.05137247426610751,0.0534502478078536,-0.002077773541746092
2017,CZ,53690,2812,2807,5,0.05237474390016763,0.05228161668839635,9.312721177127957e-05
2018,CZ,54995,2820,2937,-117,0.05127738885353214,0.053404854986816984,-0.0021274661332848443
2019,CZ,57421,3149,3178,-29,0.05484056355688685,0.05534560526636596,-0.0005050417094791105
2020,CZ,60228,3504,3370,134,0.0581789201036063,0.055954041309689846,0.002224878793916451
2021,CZ,62556,3414,3442,-28,0.054575100709764054,0.05502269966110365,-0.0004475989513395997
2022,CZ,64200,3174,3228,-54,0.0494392523364486,0.0502803738317757,-0.0008411214953271028
2023,CZ,67344,3732,3701,31,0.05541696364932288,0.05495664053219292,0.0004603231171299596
2024,CZ,55751,3977,3919,58,0.07133504331760865,0.0702947032340227,0.0010403400835859446
2025,CZ,39402,4911,4295,616,0.12463834323130805,0.10900461905487031,0.015633724176437745
1998,DE,198582,0,0,0,0.0,0.0,0.0
1999,DE,202534,4970,5397,-427,0.024539089733081852,0.026647377724233957,-0.002108287991152103
2000,DE,216271,7108,7549,-441,0.03286617253353431,0.03490528087445843,-0.0020391083409241183
2001,DE,227258,8300,8766,-466,0.03652236664935888,0.03857289952388915,-0.0020505328745302697
2002,DE,249559,9903,10332,-429,0.0396819990463177,0.04140103141942386,-0.0017190323731061594
2003,DE,261648,10489,10653,-164,0.0400882101143521,0.040715006420840215,-0.0006267963064881062
2004,DE,279552,11639,11498,141,0.0416344722985348,0.041130093864468864,0.0005043784340659341
2005,DE,289298,12387,12947,-560,0.04281744083954953,0.044753161100318704,-0.0019357202607691722
2006,DE,309724,13191,13972,-781,0.04258953132466325,0.0451111312006819,-0.002521599876018649
2007,DE,327295,13668,14738,-1070,0.041760491299897645,0.04502971325562566,-0.003269221955728013
2008,DE,344103,15691,16376,-685,0.04559971868888094,0.04759040171111557,-0.0019906830222346217
2009,DE,352286,16596,17320,-724,0.047109450843916593,0.04916459921768109,-0.002055148373764498
2010,DE,362379,17369,17550,-181,0.047930481622831346,0.04842995868965917,-0.0004994770668278239
2011,DE,375091,17564,18205,-641,0.04682597023122389,0.04853488886696828,-0.0017089186357443927
2012,DE,392418,18777,18714,63,0.04784948702658899,0.04768894393223552,0.00016054309435347002
2013,DE,408796,19149,20068,-919,0.046842434857483926,0.0490904999070441,-0.002248065049560172
2014,DE,422599,20252,20636,-384,0.0479224986334563,0.04883116145565891,-0.0009086628222026082
2015,DE,433385,21186,21257,-71,0.04888494064169272,0.04904876726236487,-0.00016382662067215064
2016,DE,444009,21671,21678,-7,0.04880756921593932,0.048823334662135225,-1.5765446195910443e-05
2017,DE,455088,22086,22275,-189,0.04853127307246071,0.04894657736525683,-0.00041530429279611853
2018,DE,470207,23373,22547,826,0.049707894608119405,0.04795122148330416,0.0017566731248152409
2019,DE,486178,23863,23407,456,0.04908284620036283,0.048144918116410036,0.000937928083952791
2020,DE,511017,24832,25450,-618,0.04859329533068372,0.04980264844418092,-0.0012093531134972026
2021,DE,528831,24962,24415,547,0.04720222528558273,0.04616786837382831,0.001034356911754417
2022,DE,543076,23689,22724,965,0.04362004581310903,0.041843130611553446,0.0017769152015555834
2023,DE,560327,26925,27043,-118,0.048052298033112804,0.04826288934854112,-0.0002105913154283124
2024,DE,458888,27629,27839,-210,0.06020859120308223,0.0606662192081728,-0.00045762800509056677
2025,DE,321467,29154,29591,-437,0.09069049078132436,0.09204988381389069,-0.0013593930325663287
1998,DJ,20,0,0,0,0.0,0.0,0.0
1999,DJ,36,0,1,-1,0.0,0.027777777777777776,-0.027777777777777776
2000,DJ,45,0,0,0,0.0,0.0,0.0
2001,DJ,50,0,0,0,0.0,0.0,0.0
2002,DJ,40,0,0,0,0.0,0.0,0.0
2003,DJ,40,3,1,2,0.075,0.025,0.05
2004,DJ,34,1,2,-1,0.029411764705882353,0.058823529411764705,-0.029411764705882353
2005,DJ,35,0,4,-4,0.0,0.11428571428571428,-0.11428571428571428
2006,DJ,45,0,0,0,0.0,0.0,0.0
2007,DJ,64,4,0,4,0.0625,0.0,0.0625
2008,DJ,73,3,2,1,0.0410958904109589,0.0273972602739726,0.0136986301369863
2009,DJ,70,2,2,0,0.02857142857142857,0.02857142857142857,0.0
2010,DJ,85,3,2,1,0.03529411764705882,0.023529411764705882,0.011764705882352941
2011,DJ,90,5,2,3,0.05555555555555555,0.022222222222222223,0.03333333333333333
2012,DJ,112,12,2,10,0.10714285714285714,0.017857142857142856,0.08928571428571429
2013,DJ,84,3,11,-8,0.03571428571428571,0.13095238095238096,-0.09523809523809523
2014,DJ,95,7,10,-3,0.07368421052631578,0.10526315789473684,-0.031578947368421054
2015,DJ,79,7,6,1,0.08860759493670886,0.0759493670886076,0.012658227848101266
2016,DJ,83,13,8,5,0.1566265060240964,0.0963855421686747,0.060240963855421686
2017,DJ,77,9,2,7,0.11688311688311688,0.025974025974025976,0.09090909090909091
2018,DJ,109,7,6,1,0.06422018348623854,0.05504587155963303,0.009174311926605505
2019,DJ,132,5,7,-2,0.03787878787878788,0.05303030303030303,-0.015151515151515152
2020,DJ,127,12,10,2,0.09448818897637795,0.07874015748031496,0.015748031496062992
2021,DJ,141,14,5,9,0.09929078014184398,0.03546099290780142,0.06382978723404255
2022,DJ,142,7,7,0,0.04929577464788732,0.04929577464788732,0.0
2023,DJ,156,12,9,3,0.07692307692307693,0.057692307692307696,0.019230769230769232
2024,DJ,122,5,14,-9,0.040983606557377046,0.11475409836065574,-0.07377049180327869
2025,DJ,76,15,16,-1,0.19736842105263158,0.21052631578947367,-0.013157894736842105
1998,DK,17872,0,0,0,0.0,0.0,0.0
1999,DK,18240,651,569,82,0.03569078947368421,0.03119517543859649,0.004495614035087719
2000,DK,19170,839,859,-20,0.04376630151278039,0.04480959833072509,-0.0010432968179447052
2001,DK,19954,1013,1063,-50,0.05076676355617921,0.05327252681166683,-0.0025057632554876213
2002,DK,21105,1173,1117,56,0.05557924662402274,0.0529258469556977,0.0026533996683250414
2003,DK,21922,1252,1250,2,0.05711157741082018,0.05702034485904571,9.123255177447313e-05
2004,DK,23419,1274,1313,-39,0.05440027328237756,0.05606558777061361,-0.0016653144882360477
2005,DK,25340,1444,1429,15,0.05698500394632992,0.056393054459352804,0.0005919494869771113
2006,DK,27805,1571,1593,-22,0.05650062938320446,0.057291853983096566,-0.0007912245998921057
2007,DK,31079,2137,1477,660,0.06876025612149683,0.04752405161041218,0.021236204511084655
2008,DK,33714,2210,1777,433,0.06555140297799134,0.05270807379723557,0.012843329180755769
2009,DK,36771,2221,1849,372,0.060400859372875364,0.05028419134644149,0.010116668026433875
2010,DK,38628,2334,2121,213,0.06042249145697422,0.05490835663249456,0.0055141348244796525
2011,DK,41353,2837,3218,-381,0.0686044543322129,0.07781781249244311,-0.009213358160230212
2012,DK,44294,3108,2954,154,0.070167517045198,0.0666907481825981,0.0034767688625999007
2013,DK,47370,3474,2982,492,0.07333755541481951,0.0629512349588347,0.010386320455984801
2014,DK,49079,3618,3199,419,0.07371788341245747,0.06518062715214247,0.008537256260315002
2015,DK,51448,3822,3370,452,0.07428860208365728,0.06550303218784015,0.008785569895817136
2016,DK,52900,3947,3667,280,0.0746124763705104,0.0693194706994329,0.005293005671077505
2017,DK,54823,4252,3700,552,0.07755868887145906,0.06748992211298178,0.01006876675847728
2018,DK,55714,4184,3791,393,0.07509782101446674,0.06804393868686506,0.00705388232760168
2019,DK,57487,4110,4010,100,0.07149442482648251,0.06975490110807661,0.0017395237184059005
2020,DK,61561,4512,3750,762,0.07329315638147528,0.060915189811731454,0.012377966569743831
2021,DK,64264,4380,3768,612,0.06815635503547865,0.05863313830449396,0.009523216730984689
2022,DK,66521,4350,3692,658,0.06539288345033899,0.05550127027555208,0.00989161317478691
2023,DK,67851,4718,4175,543,0.06953471577427009,0.061531886044420864,0.00800282972984923
2024,DK,56555,4495,4445,50,0.07948015206436213,0.07859605693572629,0.0008840951286358412
2025,DK,40999,4937,3993,944,0.1204175711602722,0.09739261933217884,0.023024951828093367
1998,DM,8,0,0,0,0.0,0.0,0.0
1999,DM,8,2,0,2,0.25,0.0,0.25
2000,DM,4,0,1,-1,0.0,0.25,-0.25
2001,DM,10,0,1,-1,0.0,0.1,-0.1
2002,DM,11,0,2,-2,0.0,0.18181818181818182,-0.18181818181818182
2003,DM,13,2,0,2,0.15384615384615385,0.0,0.15384615384615385
2004,DM,9,1,3,-2,0.1111111111111111,0.3333333333333333,-0.2222222222222222
2005,DM,13,0,1,-1,0.0,0.07692307692307693,-0.07692307692307693
2006,DM,18,2,1,1,0.1111111111111111,0.05555555555555555,0.05555555555555555
2007,DM,16,0,1,-1,0.0,0.0625,-0.0625
2008,DM,18,3,2,1,0.16666666666666666,0.1111111111111111,0.05555555555555555
2009,DM,19,3,2,1,0.15789473684210525,0.10526315789473684,0.05263157894736842
2010,DM,27,5,4,1,0.18518518518518517,0.14814814814814814,0.037037037037037035
2011,DM,33,2,3,-1,0.06060606060606061,0.09090909090909091,-0.030303030303030304
2012,DM,42,9,4,5,0.21428571428571427,0.09523809523809523,0.11904761904761904
2013,DM,57,5,11,-6,0.08771929824561403,0.19298245614035087,-0.10526315789473684
2014,DM,82,4,2,2,0.04878048780487805,0.024390243902439025,0.024390243902439025
2015,DM,100,10,6,4,0.1,0.06,0.04
2016,DM,114,7,6,1,0.06140350877192982,0.05263157894736842,0.008771929824561403
2017,DM,104,10,11,-1,0.09615384615384616,0.10576923076923077,-0.009615384615384616
2018,DM,98,10,15,-5,0.10204081632653061,0.15306122448979592,-0.05102040816326531
2019,DM,92,5,17,-12,0.05434782608695652,0.18478260869565216,-0.13043478260869565
2020,DM,98,3,8,-5,0.030612244897959183,0.08163265306122448,-0.05102040816326531
2021,DM,131,10,10,0,0.07633587786259542,0.07633587786259542,0.0
2022,DM,111,6,15,-9,0.05405405405405406,0.13513513513513514,-0.08108108108108109
2023,DM,109,7,17,-10,0.06422018348623854,0.1559633027522936,-0.09174311926605505
2024,DM,64,7,14,-7,0.109375,0.21875,-0.109375
2025,DM,43,4,10,-6,0.09302325581395349,0.23255813953488372,-0.13953488372093023
1998,DO,205,0,0,0,0.0,0.0,0.0
1999,DO,191,8,15,-7,0.041884816753926704,0.07853403141361257,-0.03664921465968586
2000,DO,161,20,16,4,0.12422360248447205,0.09937888198757763,0.024844720496894408
2001,DO,201,19,17,2,0.0945273631840796,0.0845771144278607,0.009950248756218905
2002,DO,214,16,27,-11,0.07476635514018691,0.1261682242990654,-0.0514018691588785
2003,DO,273,17,19,-2,0.06227106227106227,0.0695970695970696,-0.007326007326007326
2004,DO,395,16,19,-3,0.04050632911392405,0.04810126582278481,-0.007594936708860759
2005,DO,423,23,15,8,0.054373522458628844,0.03546099290780142,0.018912529550827423
2006,DO,424,39,29,10,0.09198113207547169,0.06839622641509434,0.02358490566037736
2007,DO,293,31,41,-10,0.10580204778156997,0.13993174061433447,-0.034129692832764506
2008,DO,286,26,46,-20,0.09090909090909091,0.16083916083916083,-0.06993006993006994
2009,DO,301,22,30,-8,0.07308970099667775,0.09966777408637874,-0.026578073089700997
2010,DO,382,35,42,-7,0.09162303664921466,0.1099476439790576,-0.01832460732984293
2011,DO,471,31,32,-1,0.06581740976645435,0.06794055201698514,-0.0021231422505307855
2012,DO,673,59,52,7,0.08766716196136701,0.07726597325408618,0.010401188707280832
2013,DO,742,51,54,-3,0.06873315363881402,0.07277628032345014,-0.004043126684636119
2014,DO,790,95,67,28,0.12025316455696203,0.08481012658227848,0.035443037974683546
2015,DO,802,64,84,-20,0.0798004987531172,0.10473815461346633,-0.02493765586034913
2016,DO,1012,112,76,36,0.11067193675889328,0.07509881422924901,0.03557312252964427
2017,DO,1346,86,95,-9,0.0638930163447251,0.07057949479940565,-0.006686478454680535
2018,DO,1683,114,99,15,0.0677361853832442,0.058823529411764705,0.008912655971479501
2019,DO,2120,158,104,54,0.07452830188679245,0.04905660377358491,0.02547169811320755
2020,DO,2252,181,152,29,0.08037300177619894,0.0674955595026643,0.012877442273534635
2021,DO,2386,210,152,58,0.08801341156747695,0.06370494551550712,0.024308466051969825
2022,DO,2338,167,174,-7,0.07142857142857142,0.07442258340461934,-0.0029940119760479044
2023,DO,2663,197,215,-18,0.07397671798723245,0.08073601201652272,-0.006759294029290274
2024,DO,2014,197,184,13,0.09781529294935452,0.0913604766633565,0.006454816285998014
2025,DO,1365,323,194,129,0.23663003663003662,0.14212454212454212,0.0945054945054945
1998,DZ,1877,0,0,0,0.0,0.0,0.0
1999,DZ,2325,47,34,13,0.02021505376344086,0.014623655913978495,0.005591397849462366
2000,DZ,2910,57,60,-3,0.01958762886597938,0.020618556701030927,-0.0010309278350515464
2001,DZ,3520,135,67,68,0.03835227272727273,0.01903409090909091,0.019318181818181818
2002,DZ,4258,121,155,-34,0.02841709722874589,0.036402066697980275,-0.007984969469234382
2003,DZ,5024,150,153,-3,0.029856687898089172,0.030453821656050956,-0.0005971337579617834
2004,DZ,6017,189,198,-9,0.03141100216054512,0.03290676416819013,-0.0014957620076450058
2005,DZ,6824,186,205,-19,0.027256740914419694,0.03004103165298945,-0.002784290738569754
2006,DZ,8019,258,237,21,0.032173587729143284,0.02955480733258511,0.002618780396558174
2007,DZ,9110,276,350,-74,0.030296377607025245,0.038419319429198684,-0.008122941822173435
2008,DZ,10081,390,374,16,0.038686638230334296,0.03709949409780776,0.001587144132526535
2009,DZ,11628,427,413,14,0.03672170622635019,0.03551771585827313,0.0012039903680770554
2010,DZ,13956,464,386,78,0.03324734881054744,0.02765835482946403,0.005588993981083405
2011,DZ,17137,502,472,30,0.029293341891813037,0.02754274377078835,0.0017505981210246835
2012,DZ,20293,609,498,111,0.03001034839599862,0.02454048193958508,0.005469866456413542
2013,DZ,23723,701,538,163,0.029549382455844538,0.022678413354128905,0.006870969101715634
2014,DZ,26733,812,647,165,0.030374443571615607,0.024202296786742978,0.0061721467848726294
2015,DZ,30039,899,756,143,0.029927760577915376,0.02516728253270748,0.004760478045207897
2016,DZ,33901,930,824,106,0.027432819090882275,0.024306067667620425,0.0031267514232618506
2017,DZ,36458,955,817,138,0.026194525207087607,0.022409347742607933,0.0037851774644796755
2018,DZ,39156,1115,843,272,0.028475840228828278,0.0215292675452038,0.006946572683624476
2019,DZ,41349,1014,935,79,0.024522963070449103,0.02261239691407289,0.0019105661563762122
2020,DZ,43868,1099,990,109,0.0250524300173247,0.022567703109327986,0.0024847269079967173
2021,DZ,45626,1111,1073,38,0.024350151229562092,0.02351729277166528,0.0008328584578968133
2022,DZ,46310,1080,970,110,0.02332109695530123,0.020945800043187218,0.0023752969121140144
2023,DZ,50165,1158,1077,81,0.02308382338283664,0.021469151799063092,0.0016146715837735473
2024,DZ,39815,1264,1292,-28,0.031746829084515885,0.032450081627527314,-0.0007032525430114278
2025,DZ,25767,1369,1398,-29,0.053129972445375866,0.05425544300849924,-0.001125470563123375
1998,EC,458,0,0,0,0.0,0.0,0.0
1999,EC,476,12,16,-4,0.025210084033613446,0.03361344537815126,-0.008403361344537815
2000,EC,613,30,19,11,0.048939641109298535,0.03099510603588907,0.01794453507340946
2001,EC,727,40,34,6,0.055020632737276476,0.04676753782668501,0.008253094910591471
2002,EC,806,30,60,-30,0.03722084367245657,0.07444168734491315,-0.03722084367245657
2003,EC,910,55,61,-6,0.06043956043956044,0.06703296703296703,-0.006593406593406593
2004,EC,1150,67,62,5,0.058260869565217394,0.05391304347826087,0.004347826086956522
2005,EC,1390,73,82,-9,0.05251798561151079,0.058992805755395686,-0.006474820143884892
2006,EC,1651,113,84,29,0.06844336765596608,0.050878255602665054,0.01756511205330103
2007,EC,2099,122,111,11,0.05812291567413054,0.05288232491662696,0.005240590757503573
2008,EC,2551,106,121,-15,0.04155233241865935,0.047432379459035674,-0.005880047040376323
2009,EC,3034,169,139,30,0.05570204350692155,0.04581410678971654,0.00988793671720501
2010,EC,3460,175,178,-3,0.05057803468208093,0.051445086705202314,-0.0008670520231213873
2011,EC,4229,190,180,10,0.04492787893118941,0.042563253724284704,0.0023646252069047056
2012,EC,5647,233,173,60,0.0412608464671507,0.03063573578891447,0.010625110678236231
2013,EC,8438,372,239,133,0.04408627636880778,0.028324247452002845,0.01576202891680493
2014,EC,13198,520,339,181,0.0393999090771329,0.02568570995605395,0.01371419912107895
2015,EC,22050,863,420,443,0.03913832199546485,0.01904761904761905,0.020090702947845804
2016,EC,30865,1049,583,466,0.03398671634537502,0.018888708893568768,0.015098007451806252
2017,EC,38074,1463,725,738,0.038425172033408624,0.019041865840205913,0.01938330619320271
2018,EC,43651,1476,966,510,0.03381365833543332,0.0221300772032714,0.01168358113216192
2019,EC,48820,1562,1205,357,0.0319950839819746,0.024682507169192954,0.007312576812781647
2020,EC,54026,1679,1408,271,0.031077629289601304,0.026061525931958686,0.005016103357642616
2021,EC,59909,1728,1505,223,0.028843746348628754,0.025121434175165668,0.0037223121734630857
2022,EC,71056,1568,1513,55,0.02206710200405314,0.02129306462508444,0.0007740373789687007
2023,EC,86687,2574,1977,597,0.029693033557511506,0.022806187779021075,0.006886845778490431
2024,EC,69765,3204,2054,1150,0.045925607396258866,0.02944169712606608,0.01648391027019279
2025,EC,43018,3924,2595,1329,0.09121762982937374,0.06032358547584732,0.03089404435352643
1998,EE,2069,0,0,0,0.0,0.0,0.0
1999,EE,2178,43,40,3,0.019742883379247015,0.018365472910927456,0.0013774104683195593
2000,EE,2282,65,54,11,0.02848378615249781,0.02366345311130587,0.004820333041191937
2001,EE,2384,79,79,0,0.03313758389261745,0.03313758389261745,0.0
2002,EE,2695,112,77,35,0.04155844155844156,0.02857142857142857,0.012987012987012988
2003,EE,3000,112,108,4,0.037333333333333336,0.036,0.0013333333333333333
2004,EE,3443,149,112,37,0.04327621260528609,0.03252977054893988,0.010746442056346209
2005,EE,3927,185,125,60,0.04710975299210593,0.03183091418385536,0.015278838808250574
2006,EE,4208,210,146,64,0.04990494296577947,0.034695817490494295,0.015209125475285171
2007,EE,4604,230,168,62,0.04995655951346655,0.036490008688097306,0.013466550825369244
2008,EE,4821,226,218,8,0.046878241028832195,0.045218834266749636,0.0016594067620825555
2009,EE,5216,246,214,32,0.04716257668711656,0.04102760736196319,0.006134969325153374
2010,EE,5691,255,239,16,0.044807590933052185,0.041996134247056754,0.0028114566859954314
2011,EE,6284,295,216,79,0.04694462126034373,0.03437301082113304,0.012571610439210694
2012,EE,6839,315,243,72,0.04605936540429888,0.03553151045474485,0.010527854949554029
2013,EE,7173,370,311,59,0.05158232259863377,0.04335703331939216,0.0082252892792416
2014,EE,7278,357,359,-2,0.04905193734542457,0.04932673811486672,-0.0002748007694421544
2015,EE,7218,367,340,27,0.05084510944860072,0.04710446106954835,0.003740648379052369
2016,EE,7040,391,377,14,0.05553977272727273,0.05355113636363636,0.0019886363636363634
2017,EE,7246,390,366,24,0.05382279878553685,0.050510626552580734,0.0033121722329561135
2018,EE,7577,396,382,14,0.05226342879767718,0.050415731819981525,0.001847696977695658
2019,EE,8002,466,444,22,0.05823544113971507,0.05548612846788303,0.002749312671832042
2020,EE,8327,497,455,42,0.05968536087426444,0.05464152756094632,0.005043833313318122
2021,EE,8719,533,483,50,0.06113086363115036,0.05539626103910999,0.005734602592040372
2022,EE,9023,558,460,98,0.061841959436994345,0.05098082677601685,0.010861132660977503
2023,EE,9441,622,520,102,0.06588285139286093,0.05507891113229531,0.010803940260565617
2024,EE,7768,590,479,111,0.07595262615859938,0.06166323377960865,0.014289392378990731
2025,EE,5563,784,602,182,0.140931152255977,0.10821499191083947,0.03271616034513752
1998,EG,10407,0,0,0,0.0,0.0,0.0
1999,EG,11354,157,143,14,0.013827725911573014,0.012594680288884974,0.0012330456226880395
2000,EG,13456,224,202,22,0.016646848989298454,0.015011890606420927,0.0016349583828775267
2001,EG,14770,268,254,14,0.01814488828706838,0.017197020988490182,0.0009478672985781991
2002,EG,16080,371,339,32,0.023072139303482588,0.021082089552238805,0.001990049751243781
2003,EG,16752,453,424,29,0.027041547277936964,0.025310410697230182,0.0017311365807067814
2004,EG,18488,486,486,0,0.026287321505841628,0.026287321505841628,0.0
2005,EG,20763,542,594,-52,0.026104127534556664,0.02860858257477243,-0.0025044550402157683
2006,EG,22976,780,633,147,0.03394846796657382,0.02755048746518106,0.006397980501392757
2007,EG,25681,772,730,42,0.030061134691016705,0.028425684358085745,0.0016354503329309607
2008,EG,29613,958,868,90,0.032350656806132444,0.02931145105190288,0.0030392057542295613
2009,EG,34134,1096,1067,29,0.03210874787601805,0.03125915509462706,0.0008495927813909884
2010,EG,38803,1278,1294,-16,0.03293559776305956,0.03334793701517924,-0.0004123392521196815
2011,EG,45347,1496,1478,18,0.032990054468873355,0.03259311531082541,0.00039693915804794145
2012,EG,53080,1724,1663,61,0.03247927656367747,0.031330067822155236,0.0011492087415222306
2013,EG,61204,2089,1879,210,0.03413175609437292,0.030700607803411543,0.003431148290961375
2014,EG,70424,2256,2209,47,0.03203453368169942,0.031367147563330686,0.0006673861183687379
2015,EG,79832,2547,2382,165,0.03190449944884257,0.02983765908407656,0.0020668403647660085
2016,EG,91814,2976,2736,240,0.032413357440041826,0.029799377001328772,0.0026139804387130504
2017,EG,104221,3056,2859,197,0.029322305485458784,0.027432091421114746,0.0018902140643440382
2018,EG,118482,3523,3183,340,0.029734474434935265,0.02686484022889553,0.002869634206039736
2019,EG,131204,3818,3760,58,0.02909972256943386,0.028657662876131824,0.0004420596933020335
2020,EG,146424,4351,4113,238,0.02971507403157952,0.02808965743320767,0.0016254165983718516
2021,EG,155967,4535,4433,102,0.02907666365320869,0.02842267915648823,0.00065398449672046
2022,EG,162667,4296,4167,129,0.026409781947168143,0.02561675078534675,0.0007930311618213898
2023,EG,157027,5106,5340,-234,0.03251670094951824,0.0340068905347488,-0.0014901895852305655
2024,EG,119619,5426,6373,-947,0.04536068684740718,0.05327748936205787,-0.007916802514650682
2025,EG,72436,5879,7688,-1809,0.08116130101054723,0.10613507095919156,-0.02497376994864432
2019,EH,1,0,0,0,0.0,0.0,0.0
2020,EH,1,0,0,0,0.0,0.0,0.0
2021,EH,1,0,0,0,0.0,0.0,0.0
1998,ER,43,0,0,0,0.0,0.0,0.0
1999,ER,49,3,2,1,0.061224489795918366,0.04081632653061224,0.02040816326530612
2000,ER,66,2,0,2,0.030303030303030304,0.0,0.030303030303030304
2001,ER,77,2,1,1,0.025974025974025976,0.012987012987012988,0.012987012987012988
2002,ER,89,2,2,0,0.02247191011235955,0.02247191011235955,0.0
2003,ER,107,4,2,2,0.037383177570093455,0.018691588785046728,0.018691588785046728
2004,ER,130,1,3,-2,0.007692307692307693,0.023076923076923078,-0.015384615384615385
2005,ER,129,5,3,2,0.03875968992248062,0.023255813953488372,0.015503875968992248
2006,ER,111,5,7,-2,0.04504504504504504,0.06306306306306306,-0.018018018018018018
2007,ER,99,10,11,-1,0.10101010101010101,0.1111111111111111,-0.010101010101010102
2008,ER,137,4,8,-4,0.029197080291970802,0.058394160583941604,-0.029197080291970802
2009,ER,150,7,6,1,0.04666666666666667,0.04,0.006666666666666667
2010,ER,147,8,6,2,0.05442176870748299,0.04081632653061224,0.013605442176870748
2011,ER,126,6,10,-4,0.047619047619047616,0.07936507936507936,-0.031746031746031744
2012,ER,114,4,12,-8,0.03508771929824561,0.10526315789473684,-0.07017543859649122
2013,ER,127,8,10,-2,0.06299212598425197,0.07874015748031496,-0.015748031496062992
2014,ER,135,6,8,-2,0.044444444444444446,0.05925925925925926,-0.014814814814814815
2015,ER,228,6,9,-3,0.02631578947368421,0.039473684210526314,-0.013157894736842105
2016,ER,316,6,7,-1,0.0189873417721519,0.022151898734177215,-0.0031645569620253164
2017,ER,398,11,8,3,0.02763819095477387,0.020100502512562814,0.007537688442211055
2018,ER,417,10,12,-2,0.023980815347721823,0.02877697841726619,-0.004796163069544364
2019,ER,462,19,15,4,0.04112554112554113,0.032467532467532464,0.008658008658008658
2020,ER,468,19,27,-8,0.0405982905982906,0.057692307692307696,-0.017094017094017096
2021,ER,437,30,30,0,0.06864988558352403,0.06864988558352403,0.0
2022,ER,379,29,21,8,0.07651715039577836,0.055408970976253295,0.021108179419525065
2023,ER,308,19,28,-9,0.06168831168831169,0.09090909090909091,-0.02922077922077922
2024,ER,193,15,16,-1,0.07772020725388601,0.08290155440414508,-0.0051813471502590676
2025,ER,116,35,27,8,0.3017241379310345,0.23275862068965517,0.06896551724137931
1998,ES,89810,0,0,0,0.0,0.0,0.0
1999,ES,99994,1549,1663,-114,0.015490929455767346,0.016630997859871592,-0.0011400684041042463
2000,ES,111204,2345,2343,2,0.021087370957879215,0.021069385993309594,1.7984964569619797e-05
2001,ES,118274,3010,2827,183,0.025449380252633717,0.023902125572822428,0.0015472546798112857
2002,ES,127028,3433,3559,-126,0.02702553767673269,0.02801744497276191,-0.000991907296029222
2003,ES,135878,4010,3841,169,0.02951176790944818,0.02826800512224201,0.0012437627872061703
2004,ES,147079,4425,4282,143,0.030085872218331644,0.029113605613309855,0.000972266605021791
2005,ES,155301,4936,4817,119,0.03178343990058016,0.031017185980772823,0.0007662539198073419
2006,ES,165941,5597,5535,62,0.03372885543657083,0.03335522866561007,0.00037362677096076317
2007,ES,178641,6015,6148,-133,0.033670881824441196,0.03441539176336899,-0.0007445099389277938
2008,ES,192341,6875,6837,38,0.03574380917225137,0.03554624339064474,0.00019756578160662575
2009,ES,208933,7867,7643,224,0.037653218974503785,0.03658110494751906,0.0010721140269847273
2010,ES,223828,8356,8094,262,0.037332237253605446,0.0361616955876834,0.0011705416659220473
2011,ES,238442,9147,8963,184,0.03836153026731868,0.037589854136435695,0.000771676130882982
2012,ES,249734,9262,9975,-713,0.037087461058566314,0.03994249881874314,-0.002855037760176828
2013,ES,260385,9703,10820,-1117,0.03726405130863913,0.04155385294851854,-0.004289801639879409
2014,ES,270167,10005,11976,-1971,0.037032650175632106,0.04432813778144629,-0.007295487605814182
2015,ES,281089,10798,12893,-2095,0.03841487927311279,0.04586803467940759,-0.007453155406294804
2016,ES,290898,11490,13853,-2363,0.039498380875770886,0.04762150306980454,-0.008123122194033647
2017,ES,304261,12620,13958,-1338,0.04147754723740473,0.045875087507107386,-0.004397540269702656
2018,ES,321635,12558,14330,-1772,0.03904425824303947,0.04455360890450355,-0.005509350661464082
2019,ES,337963,13655,14260,-605,0.04040383118862124,0.04219396797874324,-0.0017901367901219955
2020,ES,358823,14562,15272,-710,0.04058268282690909,0.042561374270880074,-0.001978691443970983
2021,ES,371716,14510,15236,-726,0.03903517739349396,0.04098828137610434,-0.0019531039826103799
2022,ES,382806,13221,13764,-543,0.03453707622137584,0.035955549286061345,-0.0014184730646855065
2023,ES,395241,16349,17511,-1162,0.04136463575388181,0.044304614146811694,-0.0029399783929298833
2024,ES,322761,17301,18778,-1477,0.05360313048974318,0.05817927196904211,-0.004576141479298924
2025,ES,222996,19200,21122,-1922,0.08610019910671043,0.09471918778812176,-0.008618988681411326
1998,ET,983,0,0,0,0.0,0.0,0.0
1999,ET,1350,43,42,1,0.03185185185185185,0.03111111111111111,0.0007407407407407407
2000,ET,1681,57,68,-11,0.03390838786436645,0.04045211183819155,-0.006543723973825104
2001,ET,1728,52,83,-31,0.03009259259259259,0.048032407407407406,-0.017939814814814815
2002,ET,1817,80,74,6,0.04402861860209136,0.04072647220693451,0.003302146395156852
2003,ET,1930,78,106,-28,0.04041450777202073,0.054922279792746116,-0.014507772020725389
2004,ET,2083,88,100,-12,0.04224675948151704,0.04800768122899664,-0.005760921747479597
2005,ET,2237,83,84,-1,0.037103263299061245,0.03755029056772463,-0.0004470272686633885
2006,ET,2377,107,116,-9,0.04501472444257468,0.04880100967606226,-0.0037862852334875894
2007,ET,2632,119,114,5,0.04521276595744681,0.04331306990881459,0.001899696048632219
2008,ET,2908,119,114,5,0.04092159559834938,0.039202200825309494,0.0017193947730398899
2009,ET,3490,172,155,17,0.0492836676217765,0.044412607449856735,0.004871060171919771
2010,ET,4149,161,155,6,0.03880453121234032,0.03735839961436491,0.0014461315979754157
2011,ET,5275,234,202,32,0.04436018957345972,0.03829383886255924,0.006066350710900474
2012,ET,7080,201,215,-14,0.028389830508474576,0.03036723163841808,-0.0019774011299435027
2013,ET,9098,309,220,89,0.03396350846339855,0.024181138711804794,0.009782369751593757
2014,ET,11008,383,286,97,0.034792877906976744,0.025981104651162792,0.008811773255813954
2015,ET,13213,398,389,9,0.03012184969348369,0.029440702338605917,0.0006811473548777719
2016,ET,15857,496,437,59,0.03127956107712682,0.027558806836097623,0.0037207542410291985
2017,ET,20622,557,514,43,0.027009989331781593,0.024924837552128796,0.002085151779652798
2018,ET,26581,648,551,97,0.0243783153380234,0.020729092208720514,0.0036492231293028857
2019,ET,31898,797,651,146,0.024985892532447176,0.020408803059752963,0.004577089472694213
2020,ET,37178,957,839,118,0.02574102964118565,0.02256710958093496,0.0031739200602506857
2021,ET,40034,1000,879,121,0.024978768047159913,0.021956337113453565,0.0030224309337063496
2022,ET,44583,957,830,127,0.02146558105107328,0.01861696162214297,0.00284861942893031
2023,ET,46356,1093,1166,-73,0.02357839330399517,0.025153162481663646,-0.0015747691776684786
2024,ET,37218,1295,1330,-35,0.034794991670696974,0.03573539685098608,-0.0009404051802891074
2025,ET,23792,1478,1668,-190,0.0621217215870881,0.07010759919300605,-0.007985877605917955
1998,FI,19058,0,0,0,0.0,0.0,0.0
1999,FI,19972,455,428,27,0.02278189465251352,0.021430002002803924,0.0013518926497095934
2000,FI,21487,616,624,-8,0.02866849723088379,0.029040815376739425,-0.0003723181458556336
2001,FI,22555,717,752,-35,0.03178896031921968,0.03334072267789847,-0.0015517623586787852
2002,FI,23904,860,820,40,0.03597724230254351,0.034303882195448464,0.0016733601070950468
2003,FI,25000,930,825,105,0.0372,0.033,0.0042
2004,FI,26383,945,960,-15,0.03581851950119395,0.03638706742978433,-0.0005685479285903801
2005,FI,27310,1035,1053,-18,0.03789820578542658,0.03855730501647748,-0.0006590992310508971
2006,FI,28858,1202,1120,82,0.04165222815163906,0.038810728394206115,0.0028414997574329475
2007,FI,30275,1163,1124,39,0.03841453344343518,0.03712634186622626,0.0012881915772089182
2008,FI,31916,1247,1308,-61,0.03907131219451059,0.04098257927058529,-0.0019112670760746962
2009,FI,33180,1436,1366,70,0.0432790837854129,0.04116937914406269,0.002109704641350211
2010,FI,34181,1485,1397,88,0.0434451888476054,0.04087065913811767,0.002574529709487727
2011,FI,35756,1466,1429,37,0.041000111869336615,0.0399653205056494,0.0010347913636872133
2012,FI,37091,1562,1506,56,0.042112641880779705,0.040602841659701815,0.0015098002210778894
2013,FI,38616,1658,1553,105,0.04293557074787653,0.040216490573855394,0.0027190801740211313
2014,FI,40095,1743,1674,69,0.043471754582865695,0.041750841750841754,0.0017209128320239432
2015,FI,41255,1797,1719,78,0.04355835656284087,0.04166767664525512,0.0018906799175857471
2016,FI,42070,1850,1862,-12,0.04397432850011885,0.04425956738768719,-0.0002852388875683385
2017,FI,42741,1940,1905,35,0.04538967267962846,0.04457078683231557,0.0008188858473128846
2018,FI,43732,1892,2105,-213,0.0432635141315284,0.04813408945394677,-0.0048705753224183666
2019,FI,45176,2112,1989,123,0.04675048698423942,0.044027802372941384,0.0027226846112980343
2020,FI,47595,2268,2105,163,0.0476520642924677,0.044227334804076056,0.003424729488391638
2021,FI,49567,2357,2067,290,0.04755179857566526,0.04170113180140012,0.005850666774265136
2022,FI,52288,2441,1785,656,0.04668375152998776,0.03413785189718482,0.012545899632802938
2023,FI,55909,2446,2147,299,0.04374966463360103,0.03840168845803001,0.005347976175571017
2024,FI,47543,2554,2254,300,0.05371979050543718,0.04740971331215952,0.006310077193277665
2025,FI,35002,3031,2480,551,0.08659505171133078,0.07085309410890807,0.01574195760242272
1998,FJ,103,0,0,0,0.0,0.0,0.0
1999,FJ,124,8,4,4,0.06451612903225806,0.03225806451612903,0.03225806451612903
2000,FJ,132,7,7,0,0.05303030303030303,0.05303030303030303,0.0
2001,FJ,146,13,11,2,0.08904109589041095,0.07534246575342465,0.0136986301369863
2002,FJ,183,10,8,2,0.0546448087431694,0.04371584699453552,0.01092896174863388
2003,FJ,216,23,20,3,0.10648148148148148,0.09259259259259259,0.013888888888888888
2004,FJ,240,24,15,9,0.1,0.0625,0.0375
2005,FJ,269,16,17,-1,0.05947955390334572,0.06319702602230483,-0.0037174721189591076
2006,FJ,313,27,23,4,0.08626198083067092,0.07348242811501597,0.012779552715654952
2007,FJ,330,30,33,-3,0.09090909090909091,0.1,-0.00909090909090909
2008,FJ,332,28,26,2,0.08433734939759036,0.0783132530120482,0.006024096385542169
2009,FJ,340,32,37,-5,0.09411764705882353,0.10882352941176471,-0.014705882352941176
2010,FJ,350,29,43,-14,0.08285714285714285,0.12285714285714286,-0.04
2011,FJ,417,39,54,-15,0.09352517985611511,0.12949640287769784,-0.03597122302158273
2012,FJ,506,51,42,9,0.1007905138339921,0.08300395256916997,0.017786561264822136
2013,FJ,622,66,53,13,0.10610932475884244,0.08520900321543408,0.02090032154340836
2014,FJ,722,79,68,11,0.10941828254847645,0.09418282548476455,0.015235457063711912
2015,FJ,821,89,75,14,0.10840438489646773,0.09135200974421437,0.01705237515225335
2016,FJ,872,71,80,-9,0.08142201834862385,0.09174311926605505,-0.010321100917431193
2017,FJ,934,92,66,26,0.09850107066381156,0.07066381156316917,0.027837259100642397
2018,FJ,1009,93,82,11,0.09217046580773043,0.08126858275520317,0.010901883052527254
2019,FJ,1155,100,107,-7,0.08658008658008658,0.09264069264069263,-0.006060606060606061
2020,FJ,1254,89,129,-40,0.07097288676236045,0.10287081339712918,-0.03189792663476874
2021,FJ,1361,99,97,2,0.07274063188831742,0.07127112417340191,0.0014695077149155032
2022,FJ,1476,82,110,-28,0.05555555555555555,0.07452574525745258,-0.018970189701897018
2023,FJ,1560,99,132,-33,0.06346153846153846,0.08461538461538462,-0.021153846153846155
2024,FJ,1252,140,129,11,0.11182108626198083,0.10303514376996806,0.00878594249201278
2025,FJ,792,169,134,35,0.21338383838383837,0.1691919191919192,0.04419191919191919
1998,FK,11,0,0,0,0.0,0.0,0.0
1999,FK,13,1,1,0,0.07692307692307693,0.07692307692307693,0.0
2000,FK,23,4,0,4,0.17391304347826086,0.0,0.17391304347826086
2001,FK,25,3,3,0,0.12,0.12,0.0
2002,FK,26,2,3,-1,0.07692307692307693,0.11538461538461539,-0.038461538461538464
2003,FK,29,2,0,2,0.06896551724137931,0.0,0.06896551724137931
2004,FK,31,3,1,2,0.0967741935483871,0.03225806451612903,0.06451612903225806
2005,FK,26,2,3,-1,0.07692307692307693,0.11538461538461539,-0.038461538461538464
2006,FK,24,4,2,2,0.16666666666666666,0.08333333333333333,0.08333333333333333
2007,FK,24,4,6,-2,0.16666666666666666,0.25,-0.08333333333333333
2008,FK,24,2,5,-3,0.08333333333333333,0.20833333333333334,-0.125
2009,FK,23,4,1,3,0.17391304347826086,0.043478260869565216,0.13043478260869565
2010,FK,31,6,4,2,0.1935483870967742,0.12903225806451613,0.06451612903225806
2011,FK,29,2,2,0,0.06896551724137931,0.06896551724137931,0.0
2012,FK,27,4,8,-4,0.14814814814814814,0.2962962962962963,-0.14814814814814814
2013,FK,24,4,5,-1,0.16666666666666666,0.20833333333333334,-0.041666666666666664
2014,FK,23,2,6,-4,0.08695652173913043,0.2608695652173913,-0.17391304347826086
2015,FK,30,10,5,5,0.3333333333333333,0.16666666666666666,0.16666666666666666
2016,FK,26,2,2,0,0.07692307692307693,0.07692307692307693,0.0
2017,FK,30,8,7,1,0.26666666666666666,0.23333333333333334,0.03333333333333333
2018,FK,33,7,4,3,0.21212121212121213,0.12121212121212122,0.09090909090909091
2019,FK,38,4,7,-3,0.10526315789473684,0.18421052631578946,-0.07894736842105263
2020,FK,45,9,6,3,0.2,0.13333333333333333,0.06666666666666667
2021,FK,47,10,7,3,0.2127659574468085,0.14893617021276595,0.06382978723404255
2022,FK,41,8,8,0,0.1951219512195122,0.1951219512195122,0.0
2023,FK,31,5,11,-6,0.16129032258064516,0.3548387096774194,-0.1935483870967742
2024,FK,25,7,6,1,0.28,0.24,0.04
2025,FK,11,4,9,-5,0.36363636363636365,0.8181818181818182,-0.45454545454545453
1998,FM,7,0,0,0,0.0,0.0,0.0
1999,FM,12,0,0,0,0.0,0.0,0.0
2000,FM,13,0,0,0,0.0,0.0,0.0
2001,FM,16,1,1,0,0.0625,0.0625,0.0
2002,FM,17,0,1,-1,0.0,0.058823529411764705,-0.058823529411764705
2003,FM,23,1,1,0,0.043478260869565216,0.043478260869565216,0.0
2004,FM,23,3,1,2,0.13043478260869565,0.043478260869565216,0.08695652173913043
2005,FM,34,3,2,1,0.08823529411764706,0.058823529411764705,0.029411764705882353
2006,FM,31,2,3,-1,0.06451612903225806,0.0967741935483871,-0.03225806451612903
2007,FM,40,9,2,7,0.225,0.05,0.175
2008,FM,26,0,4,-4,0.0,0.15384615384615385,-0.15384615384615385
2009,FM,26,4,7,-3,0.15384615384615385,0.2692307692307692,-0.11538461538461539
2010,FM,19,2,1,1,0.10526315789473684,0.05263157894736842,0.05263157894736842
2011,FM,23,2,3,-1,0.08695652173913043,0.13043478260869565,-0.043478260869565216
2012,FM,43,2,0,2,0.046511627906976744,0.0,0.046511627906976744
2013,FM,58,1,2,-1,0.017241379310344827,0.034482758620689655,-0.017241379310344827
2014,FM,70,2,1,1,0.02857142857142857,0.014285714285714285,0.014285714285714285
2015,FM,70,3,2,1,0.04285714285714286,0.02857142857142857,0.014285714285714285
2016,FM,80,6,3,3,0.075,0.0375,0.0375
2017,FM,77,1,3,-2,0.012987012987012988,0.03896103896103896,-0.025974025974025976
2018,FM,65,7,5,2,0.1076923076923077,0.07692307692307693,0.03076923076923077
2019,FM,62,1,3,-2,0.016129032258064516,0.04838709677419355,-0.03225806451612903
2020,FM,67,4,2,2,0.05970149253731343,0.029850746268656716,0.029850746268656716
2021,FM,68,1,4,-3,0.014705882352941176,0.058823529411764705,-0.04411764705882353
2022,FM,76,10,3,7,0.13157894736842105,0.039473684210526314,0.09210526315789473
2023,FM,55,3,12,-9,0.05454545454545454,0.21818181818181817,-0.16363636363636364
2024,FM,43,6,5,1,0.13953488372093023,0.11627906976744186,0.023255813953488372
2025,FM,21,10,1,9,0.47619047619047616,0.047619047619047616,0.42857142857142855
1998,FO,16,0,0,0,0.0,0.0,0.0
1999,FO,25,0,0,0,0.0,0.0,0.0
2000,FO,30,2,2,0,0.06666666666666667,0.06666666666666667,0.0
2001,FO,37,0,1,-1,0.0,0.02702702702702703,-0.02702702702702703
2002,FO,37,3,0,3,0.08108108108108109,0.0,0.08108108108108109
2003,FO,42,2,3,-1,0.047619047619047616,0.07142857142857142,-0.023809523809523808
2004,FO,40,6,1,5,0.15,0.025,0.125
2005,FO,45,3,2,1,0.06666666666666667,0.044444444444444446,0.022222222222222223
2006,FO,42,1,3,-2,0.023809523809523808,0.07142857142857142,-0.047619047619047616
2007,FO,56,6,5,1,0.10714285714285714,0.08928571428571429,0.017857142857142856
2008,FO,70,4,3,1,0.05714285714285714,0.04285714285714286,0.014285714285714285
2009,FO,81,9,3,6,0.1111111111111111,0.037037037037037035,0.07407407407407407
2010,FO,88,9,6,3,0.10227272727272728,0.06818181818181818,0.03409090909090909
2011,FO,79,5,6,-1,0.06329113924050633,0.0759493670886076,-0.012658227848101266
2012,FO,89,8,3,5,0.0898876404494382,0.033707865168539325,0.056179775280898875
2013,FO,101,7,5,2,0.06930693069306931,0.04950495049504951,0.019801980198019802
2014,FO,126,9,4,5,0.07142857142857142,0.031746031746031744,0.03968253968253968
2015,FO,139,15,7,8,0.1079136690647482,0.050359712230215826,0.05755395683453238
2016,FO,146,11,6,5,0.07534246575342465,0.0410958904109589,0.03424657534246575
2017,FO,170,16,7,9,0.09411764705882353,0.041176470588235294,0.052941176470588235
2018,FO,163,11,8,3,0.06748466257668712,0.049079754601226995,0.018404907975460124
2019,FO,169,13,14,-1,0.07692307692307693,0.08284023668639054,-0.005917159763313609
2020,FO,195,14,16,-2,0.07179487179487179,0.08205128205128205,-0.010256410256410256
2021,FO,208,16,10,6,0.07692307692307693,0.04807692307692308,0.028846153846153848
2022,FO,221,19,9,10,0.08597285067873303,0.04072398190045249,0.04524886877828054
2023,FO,238,12,8,4,0.05042016806722689,0.03361344537815126,0.01680672268907563
2024,FO,208,15,13,2,0.07211538461538461,0.0625,0.009615384615384616
2025,FO,148,16,8,8,0.10810810810810811,0.05405405405405406,0.05405405405405406
1998,FR,171647,0,0,0,0.0,0.0,0.0
1999,FR,175005,3908,4289,-381,0.02233079054884146,0.024507871203679896,-0.002177080654838433
2000,FR,186580,5552,6100,-548,0.029756672740915424,0.032693750669953905,-0.002937077929038482
2001,FR,195701,6305,7098,-793,0.032217515495577435,0.03626961538265006,-0.004052099887072626
2002,FR,212211,7514,8251,-737,0.035408155090923654,0.038881113608625374,-0.0034729585177017213
2003,FR,224572,8366,8987,-621,0.037253085870010506,0.040018346009297684,-0.0027652601392871776
2004,FR,242947,9343,9752,-409,0.03845694740005021,0.04014044215405006,-0.0016834947539998437
2005,FR,257267,10412,10776,-364,0.04047157233535587,0.04188644482191653,-0.0014148724865606548
2006,FR,271571,11349,12345,-996,0.041790176417953316,0.0454577256039857,-0.0036675491860323818
2007,FR,283871,12312,13010,-698,0.04337181325320304,0.04583067661015038,-0.0024588633569473457
2008,FR,294294,13853,13755,98,0.047071975643404214,0.046738975310403885,0.000333000333000333
2009,FR,306848,14517,14985,-468,0.04731006882886641,0.04883525393680259,-0.0015251851079361768
2010,FR,321846,14625,15236,-611,0.045440987304487236,0.04733941077409693,-0.001898423469609689
2011,FR,340561,15679,15978,-299,0.04603874195812204,0.04691670508367077,-0.000877963125548727
2012,FR,356752,16499,17229,-730,0.04624781360721173,0.04829405301161591,-0.00204623940440418
2013,FR,369149,17227,17964,-737,0.04666679308355163,0.0486632768881942,-0.00199648380464257
2014,FR,378060,17683,18946,-1263,0.04677299899486854,0.05011373856001693,-0.003340739565148389
2015,FR,386317,18432,19782,-1350,0.04771211207376325,0.05120665153229084,-0.0034945394585275823
2016,FR,394593,18491,20212,-1721,0.04686094279422088,0.051222398775447105,-0.0043614559812262255
2017,FR,403192,18841,20374,-1533,0.04672959780948035,0.05053175658247187,-0.0038021587729915275
2018,FR,408150,18896,21054,-2158,0.04629670464290089,0.05158397647923558,-0.005287271836334681
2019,FR,411052,19025,21071,-2046,0.04628368186993373,0.0512611543065111,-0.004977472436577367
2020,FR,431636,19664,22094,-2430,0.045556904428731615,0.05118664800897052,-0.005629743580238905
2021,FR,443450,20220,21737,-1517,0.04559702333972263,0.04901792761303416,-0.0034209042733115346
2022,FR,455290,18966,20453,-1487,0.04165696588987239,0.04492301609962881,-0.0032660502097564188
2023,FR,455527,20528,23079,-2551,0.0450642881761125,0.05066439530477886,-0.005600107128666358
2024,FR,369376,20291,23243,-2952,0.054933184614051805,0.06292504115048081,-0.007991856536429004
2025,FR,249966,21179,25122,-3943,0.08472752294312026,0.10050166822687885,-0.015774145283758593
1998,GA,187,0,0,0,0.0,0.0,0.0
1999,GA,209,7,11,-4,0.03349282296650718,0.05263157894736842,-0.019138755980861243
2000,GA,215,18,6,12,0.08372093023255814,0.027906976744186046,0.05581395348837209
2001,GA,208,14,17,-3,0.0673076923076923,0.08173076923076923,-0.014423076923076924
2002,GA,238,22,15,7,0.09243697478991597,0.06302521008403361,0.029411764705882353
2003,GA,269,16,20,-4,0.05947955390334572,0.07434944237918216,-0.01486988847583643
2004,GA,243,18,27,-9,0.07407407407407407,0.1111111111111111,-0.037037037037037035
2005,GA,268,29,19,10,0.10820895522388059,0.0708955223880597,0.03731343283582089
2006,GA,280,19,25,-6,0.06785714285714285,0.08928571428571429,-0.02142857142857143
2007,GA,342,21,19,2,0.06140350877192982,0.05555555555555555,0.005847953216374269
2008,GA,376,21,28,-7,0.05585106382978723,0.07446808510638298,-0.018617021276595744
2009,GA,408,29,27,2,0.07107843137254902,0.0661764705882353,0.004901960784313725
2010,GA,452,33,27,6,0.07300884955752213,0.059734513274336286,0.01327433628318584
2011,GA,510,37,32,5,0.07254901960784314,0.06274509803921569,0.00980392156862745
2012,GA,597,29,53,-24,0.048576214405360134,0.08877721943048576,-0.04020100502512563
2013,GA,692,40,35,5,0.057803468208092484,0.05057803468208093,0.0072254335260115606
2014,GA,743,47,29,18,0.063257065948856,0.039030955585464336,0.024226110363391656
2015,GA,798,67,51,16,0.08395989974937343,0.06390977443609022,0.020050125313283207
2016,GA,832,40,50,-10,0.04807692307692308,0.06009615384615385,-0.01201923076923077
2017,GA,948,57,36,21,0.060126582278481014,0.0379746835443038,0.022151898734177215
2018,GA,1053,45,54,-9,0.042735042735042736,0.05128205128205128,-0.008547008547008548
2019,GA,1198,52,58,-6,0.04340567612687813,0.048414023372287146,-0.005008347245409015
2020,GA,1406,66,59,7,0.04694167852062589,0.041963015647226175,0.004978662873399715
2021,GA,1571,71,64,7,0.04519414385741566,0.04073838319541693,0.004455760661998727
2022,GA,1807,76,62,14,0.042058660763696736,0.03431101272827892,0.00774764803541782
2023,GA,1916,70,60,10,0.03653444676409186,0.031315240083507306,0.005219206680584551
2024,GA,1535,75,60,15,0.048859934853420196,0.03908794788273615,0.009771986970684038
2025,GA,869,72,86,-14,0.08285385500575373,0.09896432681242807,-0.01611047180667434
1998,GB,223917,0,0,0,0.0,0.0,0.0
1999,GB,227701,7691,7771,-80,0.03377675109024554,0.034128089029033686,-0.0003513379387881476
2000,GB,237144,11141,10891,250,0.04697989407279965,0.045925682285868505,0.0010542117869311474
2001,GB,243970,12608,12837,-229,0.05167848505963848,0.05261712505635939,-0.0009386399967209083
2002,GB,253480,14400,15259,-859,0.056809215717216345,0.0601980432381253,-0.0033888275209089476
2003,GB,261430,15946,16511,-565,0.060995295107677004,0.06315648548368588,-0.002161190376008874
2004,GB,274172,16383,18034,-1651,0.05975446070349999,0.06577622806121705,-0.006021767357717054
2005,GB,288568,18597,19688,-1091,0.06444581519780433,0.06822655318677054,-0.0037807379889662055
2006,GB,302891,21075,20940,135,0.0695794856895715,0.06913378079903332,0.0004457048905381804
2007,GB,314253,22461,22486,-25,0.07147425800231023,0.07155381173767633,-7.955373536609038e-05
2008,GB,328400,24097,24249,-152,0.07337697929354446,0.07383982947624848,-0.0004628501827040195
2009,GB,344287,25291,26190,-899,0.07345906177113862,0.07607025533929541,-0.0026111935681567993
2010,GB,363854,26533,27449,-916,0.07292210611948749,0.07543959939975925,-0.002517493280271757
2011,GB,378081,27711,29453,-1742,0.07329381799138279,0.07790129628307162,-0.004607478291688818
2012,GB,391055,29346,31628,-2282,0.0750431524977305,0.08087864878341922,-0.005835496285688714
2013,GB,399479,30366,33023,-2657,0.07601400824574008,0.08266517138572992,-0.006651163139989836
2014,GB,414276,32540,34109,-1569,0.07854666937017833,0.08233399955585166,-0.0037873301856733194
2015,GB,429156,34231,34893,-662,0.0797635358704061,0.081306098481671,-0.0015425626112649013
2016,GB,444529,35683,35560,123,0.08027147835124368,0.0799947809929161,0.0002766973583275782
2017,GB,457297,36375,37724,-1349,0.07954349142898379,0.08249343424514047,-0.002949942816156677
2018,GB,478076,37597,38983,-1386,0.0786423079175696,0.0815414285594759,-0.002899120641906308
2019,GB,499246,38221,40693,-2472,0.07655744863253787,0.08150891544449029,-0.004951466811952424
2020,GB,527846,41788,42406,-618,0.07916702977762453,0.08033782580525381,-0.0011707960276292706
2021,GB,541886,42159,44150,-1991,0.0778004967834563,0.08147470132094205,-0.003674204537485744
2022,GB,555330,37834,40940,-3106,0.06812886031728882,0.07372193110402823,-0.005593070786739416
2023,GB,571008,45415,47265,-1850,0.0795347876036763,0.0827746721587088,-0.003239884555032504
2024,GB,467467,48291,51961,-3670,0.10330354869969431,0.11115437025501265,-0.007850821555318343
2025,GB,320866,51218,56253,-5035,0.15962426682789702,0.17531617559978308,-0.015691908771886084
1998,GD,12,0,0,0,0.0,0.0,0.0
1999,GD,16,0,1,-1,0.0,0.0625,-0.0625
2000,GD,21,4,0,4,0.19047619047619047,0.0,0.19047619047619047
2001,GD,27,2,0,2,0.07407407407407407,0.0,0.07407407407407407
2002,GD,23,2,3,-1,0.08695652173913043,0.13043478260869565,-0.043478260869565216
2003,GD,27,2,2,0,0.07407407407407407,0.07407407407407407,0.0
2004,GD,40,1,0,1,0.025,0.0,0.025
2005,GD,66,4,3,1,0.06060606060606061,0.045454545454545456,0.015151515151515152
2006,GD,98,13,1,12,0.1326530612244898,0.01020408163265306,0.12244897959183673
2007,GD,122,5,5,0,0.040983606557377046,0.040983606557377046,0.0
2008,GD,143,9,11,-2,0.06293706293706294,0.07692307692307693,-0.013986013986013986
2009,GD,189,22,8,14,0.1164021164021164,0.042328042328042326,0.07407407407407407
2010,GD,224,22,12,10,0.09821428571428571,0.05357142857142857,0.044642857142857144
2011,GD,281,32,27,5,0.11387900355871886,0.09608540925266904,0.017793594306049824
2012,GD,352,33,22,11,0.09375,0.0625,0.03125
2013,GD,394,34,31,3,0.08629441624365482,0.07868020304568528,0.007614213197969543
2014,GD,413,47,37,10,0.11380145278450363,0.08958837772397095,0.024213075060532687
2015,GD,442,49,46,3,0.11085972850678733,0.10407239819004525,0.006787330316742082
2016,GD,457,52,49,3,0.1137855579868709,0.10722100656455143,0.006564551422319475
2017,GD,509,69,66,3,0.13555992141453832,0.12966601178781925,0.005893909626719057
2018,GD,519,50,70,-20,0.09633911368015415,0.1348747591522158,-0.038535645472061654
2019,GD,566,61,76,-15,0.10777385159010601,0.13427561837455831,-0.026501766784452298
2020,GD,644,72,80,-8,0.11180124223602485,0.12422360248447205,-0.012422360248447204
2021,GD,714,67,92,-25,0.0938375350140056,0.12885154061624648,-0.0350140056022409
2022,GD,827,68,71,-3,0.08222490931076179,0.08585247883917775,-0.0036275695284159614
2023,GD,863,77,92,-15,0.08922363847045191,0.10660486674391657,-0.01738122827346466
2024,GD,680,92,95,-3,0.13529411764705881,0.13970588235294118,-0.004411764705882353
2025,GD,406,104,108,-4,0.2561576354679803,0.2660098522167488,-0.009852216748768473
1998,GE,759,0,0,0,0.0,0.0,0.0
1999,GE,789,10,23,-13,0.012674271229404309,0.029150823827629912,-0.016476552598225603
2000,GE,853,21,28,-7,0.0246189917936694,0.032825322391559206,-0.008206330597889801
2001,GE,872,32,25,7,0.03669724770642202,0.028669724770642203,0.008027522935779817
2002,GE,934,26,33,-7,0.027837259100642397,0.035331905781584586,-0.007494646680942184
2003,GE,1082,32,45,-13,0.029574861367837338,0.041589648798521256,-0.012014787430683918
2004,GE,1272,48,27,21,0.03773584905660377,0.02122641509433962,0.01650943396226415
2005,GE,1351,37,34,3,0.027387120651369355,0.025166543301258327,0.0022205773501110288
2006,GE,1317,35,49,-14,0.026575550493545937,0.03720577069096431,-0.010630220197418374
2007,GE,1338,43,62,-19,0.032137518684603884,0.04633781763826607,-0.014200298953662182
2008,GE,1383,57,74,-17,0.04121475054229935,0.05350686912509038,-0.012292118582791034
2009,GE,1541,66,98,-32,0.04282933160285529,0.063595068137573,-0.020765736534717714
2010,GE,1725,77,61,16,0.04463768115942029,0.03536231884057971,0.00927536231884058
2011,GE,1942,88,81,7,0.04531410916580844,0.04170957775489186,0.003604531410916581
2012,GE,2359,106,92,14,0.04493429419245443,0.03899957609156422,0.005934718100890208
2013,GE,2761,119,74,45,0.04310032596885187,0.026801883375588555,0.01629844259326331
2014,GE,3185,100,84,16,0.03139717425431711,0.026373626373626374,0.005023547880690738
2015,GE,3651,126,99,27,0.03451109285127362,0.027115858668857847,0.007395234182415777
2016,GE,3979,123,101,22,0.030912289519979895,0.02538326212616235,0.005529027393817542
2017,GE,4313,116,124,-8,0.0268954324136332,0.028750289821469974,-0.0018548574078367725
2018,GE,4566,149,112,37,0.03263250109505037,0.024529128339903637,0.008103372755146736
2019,GE,5155,138,142,-4,0.02677012609117362,0.027546071774975752,-0.0007759456838021338
2020,GE,6277,164,191,-27,0.026127130794965748,0.030428548669746695,-0.0043014178747809466
2021,GE,7544,180,170,10,0.02386002120890774,0.022534464475079532,0.001325556733828208
2022,GE,8694,194,170,24,0.022314239705544053,0.019553715205889118,0.0027605244996549345
2023,GE,9888,282,267,15,0.028519417475728157,0.027002427184466018,0.001516990291262136
2024,GE,7847,337,285,52,0.042946348923155346,0.03631961259079903,0.006626736332356315
2025,GE,4982,406,320,86,0.08149337615415496,0.06423123243677238,0.017262143717382578
1998,GF,110,0,0,0,0.0,0.0,0.0
1999,GF,136,11,8,3,0.08088235294117647,0.058823529411764705,0.022058823529411766
2000,GF,161,18,11,7,0.11180124223602485,0.06832298136645963,0.043478260869565216
2001,GF,186,27,16,11,0.14516129032258066,0.08602150537634409,0.05913978494623656
2002,GF,208,21,30,-9,0.10096153846153846,0.14423076923076922,-0.04326923076923077
2003,GF,252,25,31,-6,0.0992063492063492,0.12301587301587301,-0.023809523809523808
2004,GF,297,64,25,39,0.21548821548821548,0.08417508417508418,0.13131313131313133
2005,GF,291,41,38,3,0.140893470790378,0.13058419243986255,0.010309278350515464
2006,GF,275,23,42,-19,0.08363636363636363,0.15272727272727274,-0.06909090909090909
2007,GF,277,30,43,-13,0.10830324909747292,0.1552346570397112,-0.04693140794223827
2008,GF,250,41,65,-24,0.164,0.26,-0.096
2009,GF,282,52,50,2,0.18439716312056736,0.1773049645390071,0.0070921985815602835
2010,GF,264,27,54,-27,0.10227272727272728,0.20454545454545456,-0.10227272727272728
2011,GF,312,46,46,0,0.14743589743589744,0.14743589743589744,0.0
2012,GF,338,44,38,6,0.1301775147928994,0.11242603550295859,0.01775147928994083
2013,GF,370,45,43,2,0.12162162162162163,0.11621621621621622,0.005405405405405406
2014,GF,411,46,55,-9,0.11192214111922141,0.13381995133819952,-0.021897810218978103
2015,GF,493,79,47,32,0.16024340770791076,0.09533468559837728,0.06490872210953347
2016,GF,527,60,56,4,0.11385199240986717,0.1062618595825427,0.007590132827324478
2017,GF,552,67,55,12,0.1213768115942029,0.09963768115942029,0.021739130434782608
2018,GF,616,71,59,12,0.11525974025974026,0.09577922077922078,0.01948051948051948
2019,GF,643,77,67,10,0.11975116640746501,0.104199066874028,0.015552099533437015
2020,GF,708,86,74,12,0.12146892655367232,0.10451977401129943,0.01694915254237288
2021,GF,790,84,70,14,0.10632911392405063,0.08860759493670886,0.017721518987341773
2022,GF,893,70,61,9,0.07838745800671892,0.0683090705487122,0.010078387458006719
2023,GF,1008,95,53,42,0.09424603174603174,0.05257936507936508,0.041666666666666664
2024,GF,827,101,90,11,0.12212817412333736,0.10882708585247884,0.013301088270858524
2025,GF,559,103,102,1,0.18425760286225404,0.18246869409660108,0.0017889087656529517
1998,GH,1070,0,0,0,0.0,0.0,0.0
1999,GH,1258,17,24,-7,0.013513513513513514,0.019077901430842606,-0.005564387917329093
2000,GH,1434,38,33,5,0.026499302649930265,0.02301255230125523,0.003486750348675035
2001,GH,1414,49,31,18,0.034653465346534656,0.021923620933521924,0.01272984441301273
2002,GH,1626,44,64,-20,0.02706027060270603,0.03936039360393604,-0.012300123001230012
2003,GH,1838,62,65,-3,0.03373231773667029,0.03536452665941241,-0.001632208922742111
2004,GH,2154,74,69,5,0.034354688950789226,0.03203342618384401,0.002321262766945218
2005,GH,2265,83,81,2,0.03664459161147903,0.03576158940397351,0.0008830022075055188
2006,GH,2461,87,78,9,0.0353514831369362,0.03169443315725315,0.0036570499796830555
2007,GH,2750,115,97,18,0.04181818181818182,0.035272727272727275,0.006545454545454545
2008,GH,3163,94,124,-30,0.02971862156180841,0.03920328801770471,-0.0094846664558963
2009,GH,3709,139,127,12,0.037476408735508226,0.03424103531949312,0.0032353734160150984
2010,GH,4317,160,135,25,0.037062775075283765,0.03127171646977067,0.0057910586055130876
2011,GH,5304,175,159,16,0.03299396681749623,0.02997737556561086,0.0030165912518853697
2012,GH,6628,245,166,79,0.03696439348219674,0.02504526252263126,0.01191913095956548
2013,GH,7877,255,200,55,0.03237273073505142,0.02539037704709915,0.0069823536879522665
2014,GH,9195,327,224,103,0.03556280587275693,0.0243610657966286,0.011201740076128331
2015,GH,9965,340,286,54,0.03411941796287005,0.02870045158053186,0.005418966382338184
2016,GH,11151,412,322,90,0.03694735898125728,0.028876333961079723,0.008071025020177562
2017,GH,12752,408,417,-9,0.031994981179422836,0.03270075282308658,-0.0007057716436637391
2018,GH,15289,431,462,-31,0.028190202106089347,0.030217803649682778,-0.0020276015435934333
2019,GH,17684,513,555,-42,0.02900927391992762,0.03138430219407374,-0.0023750282741461207
2020,GH,21196,654,570,84,0.030854878278920552,0.026891866389884885,0.003963011889035667
2021,GH,23843,723,633,90,0.030323365348320263,0.02654867256637168,0.00377469278194858
2022,GH,27105,776,653,123,0.028629404168972514,0.02409149603394208,0.004537908135030438
2023,GH,29517,967,898,69,0.03276078192228207,0.03042314598367043,0.0023376359386116474
2024,GH,23773,875,1168,-293,0.0368064611113448,0.049131367517772265,-0.01232490640642746
2025,GH,15803,1158,1391,-233,0.07327722584319434,0.08802126178573688,-0.014744035942542555
1998,GI,51,0,0,0,0.0,0.0,0.0
1999,GI,49,8,6,2,0.16326530612244897,0.12244897959183673,0.04081632653061224
2000,GI,40,7,2,5,0.175,0.05,0.125
2001,GI,36,6,10,-4,0.16666666666666666,0.2777777777777778,-0.1111111111111111
2002,GI,37,4,6,-2,0.10810810810810811,0.16216216216216217,-0.05405405405405406
2003,GI,32,2,8,-6,0.0625,0.25,-0.1875
2004,GI,34,4,3,1,0.11764705882352941,0.08823529411764706,0.029411764705882353
2005,GI,41,6,6,0,0.14634146341463414,0.14634146341463414,0.0
2006,GI,48,4,5,-1,0.08333333333333333,0.10416666666666667,-0.020833333333333332
2007,GI,46,2,7,-5,0.043478260869565216,0.15217391304347827,-0.10869565217391304
2008,GI,41,8,4,4,0.1951219512195122,0.0975609756097561,0.0975609756097561
2009,GI,36,5,5,0,0.1388888888888889,0.1388888888888889,0.0
2010,GI,38,5,7,-2,0.13157894736842105,0.18421052631578946,-0.05263157894736842
2011,GI,46,8,14,-6,0.17391304347826086,0.30434782608695654,-0.13043478260869565
2012,GI,66,10,4,6,0.15151515151515152,0.06060606060606061,0.09090909090909091
2013,GI,77,7,15,-8,0.09090909090909091,0.19480519480519481,-0.1038961038961039
2014,GI,81,7,6,1,0.08641975308641975,0.07407407407407407,0.012345679012345678
2015,GI,77,10,16,-6,0.12987012987012986,0.2077922077922078,-0.07792207792207792
2016,GI,71,8,15,-7,0.11267605633802817,0.2112676056338028,-0.09859154929577464
2017,GI,68,12,6,6,0.17647058823529413,0.08823529411764706,0.08823529411764706
2018,GI,78,13,12,1,0.16666666666666666,0.15384615384615385,0.01282051282051282
2019,GI,86,11,7,4,0.12790697674418605,0.08139534883720931,0.046511627906976744
2020,GI,104,16,19,-3,0.15384615384615385,0.18269230769230768,-0.028846153846153848
2021,GI,102,16,13,3,0.1568627450980392,0.12745098039215685,0.029411764705882353
2022,GI,101,14,8,6,0.13861386138613863,0.07920792079207921,0.0594059405940594
2023,GI,129,12,14,-2,0.09302325581395349,0.10852713178294573,-0.015503875968992248
2024,GI,111,15,14,1,0.13513513513513514,0.12612612612612611,0.009009009009009009
2025,GI,75,25,18,7,0.3333333333333333,0.24,0.09333333333333334
1998,GL,34,0,0,0,0.0,0.0,0.0
1999,GL,39,5,2,3,0.1282051282051282,0.05128205128205128,0.07692307692307693
2000,GL,49,7,2,5,0.14285714285714285,0.04081632653061224,0.10204081632653061
2001,GL,47,1,9,-8,0.02127659574468085,0.19148936170212766,-0.1702127659574468
2002,GL,64,5,1,4,0.078125,0.015625,0.0625
2003,GL,68,5,9,-4,0.07352941176470588,0.1323529411764706,-0.058823529411764705
2004,GL,81,13,6,7,0.16049382716049382,0.07407407407407407,0.08641975308641975
2005,GL,72,9,9,0,0.125,0.125,0.0
2006,GL,73,15,6,9,0.2054794520547945,0.0821917808219178,0.1232876712328767
2007,GL,73,4,14,-10,0.0547945205479452,0.1917808219178082,-0.136986301369863
2008,GL,86,3,8,-5,0.03488372093023256,0.09302325581395349,-0.05813953488372093
2009,GL,103,10,4,6,0.0970873786407767,0.038834951456310676,0.05825242718446602
2010,GL,120,13,7,6,0.10833333333333334,0.058333333333333334,0.05
2011,GL,138,14,13,1,0.10144927536231885,0.09420289855072464,0.007246376811594203
2012,GL,161,15,10,5,0.09316770186335403,0.062111801242236024,0.031055900621118012
2013,GL,179,11,14,-3,0.061452513966480445,0.0782122905027933,-0.01675977653631285
2014,GL,228,13,14,-1,0.05701754385964912,0.06140350877192982,-0.0043859649122807015
2015,GL,224,14,13,1,0.0625,0.05803571428571429,0.004464285714285714
2016,GL,235,33,10,23,0.14042553191489363,0.0425531914893617,0.09787234042553192
2017,GL,184,17,17,0,0.09239130434782608,0.09239130434782608,0.0
2018,GL,206,29,17,12,0.1407766990291262,0.0825242718446602,0.05825242718446602
2019,GL,204,17,21,-4,0.08333333333333333,0.10294117647058823,-0.0196078431372549
2020,GL,220,24,21,3,0.10909090909090909,0.09545454545454546,0.013636363636363636
2021,GL,241,29,10,19,0.12033195020746888,0.04149377593360996,0.07883817427385892
2022,GL,258,25,18,7,0.09689922480620156,0.06976744186046512,0.027131782945736434
2023,GL,268,25,35,-10,0.09328358208955224,0.13059701492537312,-0.03731343283582089
2024,GL,218,43,17,26,0.19724770642201836,0.0779816513761468,0.11926605504587157
2025,GL,116,24,31,-7,0.20689655172413793,0.2672413793103448,-0.0603448275862069
1998,GM,203,0,0,0,0.0,0.0,0.0
1999,GM,207,15,7,8,0.07246376811594203,0.033816425120772944,0.03864734299516908
2000,GM,189,10,15,-5,0.05291005291005291,0.07936507936507936,-0.026455026455026454
2001,GM,201,18,20,-2,0.08955223880597014,0.09950248756218906,-0.009950248756218905
2002,GM,227,19,19,0,0.08370044052863436,0.08370044052863436,0.0
2003,GM,258,25,19,6,0.09689922480620156,0.07364341085271318,0.023255813953488372
2004,GM,256,22,32,-10,0.0859375,0.125,-0.0390625
2005,GM,258,13,31,-18,0.050387596899224806,0.12015503875968993,-0.06976744186046512
2006,GM,282,40,18,22,0.14184397163120568,0.06382978723404255,0.07801418439716312
2007,GM,292,31,41,-10,0.10616438356164383,0.1404109589041096,-0.03424657534246575
2008,GM,315,28,26,2,0.08888888888888889,0.08253968253968254,0.006349206349206349
2009,GM,307,29,31,-2,0.09446254071661238,0.10097719869706841,-0.006514657980456026
2010,GM,319,19,37,-18,0.05956112852664577,0.11598746081504702,-0.05642633228840126
2011,GM,340,32,32,0,0.09411764705882353,0.09411764705882353,0.0
2012,GM,399,29,42,-13,0.07268170426065163,0.10526315789473684,-0.03258145363408521
2013,GM,394,38,40,-2,0.09644670050761421,0.10152284263959391,-0.005076142131979695
2014,GM,448,37,46,-9,0.08258928571428571,0.10267857142857142,-0.020089285714285716
2015,GM,442,39,36,3,0.08823529411764706,0.08144796380090498,0.006787330316742082
2016,GM,478,38,44,-6,0.0794979079497908,0.09205020920502092,-0.012552301255230125
2017,GM,516,27,42,-15,0.05232558139534884,0.08139534883720931,-0.029069767441860465
2018,GM,626,46,38,8,0.07348242811501597,0.06070287539936102,0.012779552715654952
2019,GM,784,63,74,-11,0.08035714285714286,0.09438775510204081,-0.01403061224489796
2020,GM,893,62,66,-4,0.06942889137737962,0.07390817469204927,-0.004479283314669653
2021,GM,1031,89,62,27,0.0863239573229874,0.06013579049466537,0.026188166828322017
2022,GM,1165,74,49,25,0.06351931330472103,0.04206008583690987,0.02145922746781116
2023,GM,1288,74,102,-28,0.05745341614906832,0.07919254658385093,-0.021739130434782608
2024,GM,1075,114,84,30,0.10604651162790697,0.07813953488372093,0.027906976744186046
2025,GM,710,103,111,-8,0.14507042253521127,0.1563380281690141,-0.011267605633802818
1998,GN,68,0,0,0,0.0,0.0,0.0
1999,GN,72,0,0,0,0.0,0.0,0.0
2000,GN,81,1,2,-1,0.012345679012345678,0.024691358024691357,-0.012345679012345678
2001,GN,93,4,2,2,0.043010752688172046,0.021505376344086023,0.021505376344086023
2002,GN,96,2,3,-1,0.020833333333333332,0.03125,-0.010416666666666666
2003,GN,121,1,5,-4,0.008264462809917356,0.04132231404958678,-0.03305785123966942
2004,GN,160,8,4,4,0.05,0.025,0.025
2005,GN,207,3,5,-2,0.014492753623188406,0.024154589371980676,-0.00966183574879227
2006,GN,203,10,15,-5,0.04926108374384237,0.07389162561576355,-0.024630541871921183
2007,GN,209,22,9,13,0.10526315789473684,0.0430622009569378,0.06220095693779904
2008,GN,194,10,14,-4,0.05154639175257732,0.07216494845360824,-0.020618556701030927
2009,GN,186,10,7,3,0.053763440860215055,0.03763440860215054,0.016129032258064516
2010,GN,205,10,18,-8,0.04878048780487805,0.08780487804878048,-0.03902439024390244
2011,GN,254,10,19,-9,0.03937007874015748,0.07480314960629922,-0.03543307086614173
2012,GN,321,24,18,6,0.07476635514018691,0.056074766355140186,0.018691588785046728
2013,GN,399,30,15,15,0.07518796992481203,0.03759398496240601,0.03759398496240601
2014,GN,450,34,33,1,0.07555555555555556,0.07333333333333333,0.0022222222222222222
2015,GN,492,38,25,13,0.07723577235772358,0.0508130081300813,0.026422764227642278
2016,GN,543,44,47,-3,0.08103130755064457,0.0865561694290976,-0.0055248618784530384
2017,GN,733,46,37,9,0.06275579809004093,0.0504774897680764,0.01227830832196453
2018,GN,922,44,52,-8,0.04772234273318872,0.05639913232104121,-0.008676789587852495
2019,GN,1179,85,56,29,0.0720949957591179,0.04749787955894826,0.024597116200169637
2020,GN,1337,75,75,0,0.05609573672400898,0.05609573672400898,0.0
2021,GN,1667,95,76,19,0.05698860227954409,0.04559088182363527,0.011397720455908818
2022,GN,1756,67,76,-9,0.038154897494305236,0.04328018223234624,-0.005125284738041002
2023,GN,1900,113,88,25,0.05947368421052632,0.04631578947368421,0.013157894736842105
2024,GN,1381,127,90,37,0.09196234612599566,0.06517016654598118,0.026792179580014484
2025,GN,816,145,133,12,0.17769607843137256,0.16299019607843138,0.014705882352941176
1998,GP,255,0,0,0,0.0,0.0,0.0
1999,GP,302,23,10,13,0.076158940397351,0.033112582781456956,0.04304635761589404
2000,GP,292,10,27,-17,0.03424657534246575,0.09246575342465753,-0.05821917808219178
2001,GP,314,36,19,17,0.11464968152866242,0.06050955414012739,0.054140127388535034
2002,GP,348,36,35,1,0.10344827586206896,0.10057471264367816,0.0028735632183908046
2003,GP,419,32,40,-8,0.07637231503579953,0.0954653937947494,-0.01909307875894988
2004,GP,510,55,36,19,0.10784313725490197,0.07058823529411765,0.03725490196078431
2005,GP,524,43,49,-6,0.08206106870229007,0.09351145038167939,-0.011450381679389313
2006,GP,537,68,57,11,0.1266294227188082,0.10614525139664804,0.020484171322160148
2007,GP,509,50,60,-10,0.09823182711198428,0.11787819253438114,-0.019646365422396856
2008,GP,550,67,71,-4,0.12181818181818181,0.1290909090909091,-0.007272727272727273
2009,GP,606,69,67,2,0.11386138613861387,0.11056105610561057,0.0033003300330033004
2010,GP,656,82,86,-4,0.125,0.13109756097560976,-0.006097560975609756
2011,GP,732,76,70,6,0.10382513661202186,0.09562841530054644,0.00819672131147541
2012,GP,841,89,69,20,0.10582639714625446,0.08204518430439953,0.023781212841854936
2013,GP,906,87,113,-26,0.09602649006622517,0.12472406181015452,-0.02869757174392936
2014,GP,972,134,96,38,0.13786008230452676,0.09876543209876543,0.03909465020576132
2015,GP,945,81,106,-25,0.08571428571428572,0.11216931216931217,-0.026455026455026454
2016,GP,946,115,96,19,0.12156448202959831,0.1014799154334038,0.0200845665961945
2017,GP,892,84,121,-37,0.09417040358744394,0.13565022421524664,-0.04147982062780269
2018,GP,872,105,109,-4,0.12041284403669725,0.125,-0.0045871559633027525
2019,GP,809,107,121,-14,0.13226205191594562,0.14956736711990112,-0.0173053152039555
2020,GP,815,139,125,14,0.1705521472392638,0.15337423312883436,0.01717791411042945
2021,GP,820,90,126,-36,0.10975609756097561,0.15365853658536585,-0.04390243902439024
2022,GP,821,96,106,-10,0.11693057247259439,0.12911084043848964,-0.012180267965895249
2023,GP,809,121,125,-4,0.14956736711990112,0.15451174289245984,-0.004944375772558714
2024,GP,611,110,108,2,0.18003273322422259,0.176759410801964,0.0032733224222585926
2025,GP,423,115,114,1,0.2718676122931442,0.2695035460992908,0.002364066193853428
1998,GQ,16,0,0,0,0.0,0.0,0.0
1999,GQ,27,0,1,-1,0.0,0.037037037037037035,-0.037037037037037035
2000,GQ,45,0,0,0,0.0,0.0,0.0
2001,GQ,42,0,0,0,0.0,0.0,0.0
2002,GQ,52,0,0,0,0.0,0.0,0.0
2003,GQ,47,1,0,1,0.02127659574468085,0.0,0.02127659574468085
2004,GQ,60,2,1,1,0.03333333333333333,0.016666666666666666,0.016666666666666666
2005,GQ,64,0,1,-1,0.0,0.015625,-0.015625
2006,GQ,70,3,1,2,0.04285714285714286,0.014285714285714285,0.02857142857142857
2007,GQ,59,0,0,0,0.0,0.0,0.0
2008,GQ,58,3,6,-3,0.05172413793103448,0.10344827586206896,-0.05172413793103448
2009,GQ,51,3,3,0,0.058823529411764705,0.058823529411764705,0.0
2010,GQ,54,1,0,1,0.018518518518518517,0.0,0.018518518518518517
2011,GQ,55,1,0,1,0.01818181818181818,0.0,0.01818181818181818
2012,GQ,75,0,1,-1,0.0,0.013333333333333334,-0.013333333333333334
2013,GQ,68,0,0,0,0.0,0.0,0.0
2014,GQ,66,3,0,3,0.045454545454545456,0.0,0.045454545454545456
2015,GQ,46,1,2,-1,0.021739130434782608,0.043478260869565216,-0.021739130434782608
2016,GQ,44,3,1,2,0.06818181818181818,0.022727272727272728,0.045454545454545456
2017,GQ,33,0,1,-1,0.0,0.030303030303030304,-0.030303030303030304
2018,GQ,35,0,2,-2,0.0,0.05714285714285714,-0.05714285714285714
2019,GQ,45,1,1,0,0.022222222222222223,0.022222222222222223,0.0
2020,GQ,57,3,2,1,0.05263157894736842,0.03508771929824561,0.017543859649122806
2021,GQ,67,3,7,-4,0.04477611940298507,0.1044776119402985,-0.05970149253731343
2022,GQ,81,15,5,10,0.18518518518518517,0.06172839506172839,0.12345679012345678
2023,GQ,74,4,4,0,0.05405405405405406,0.05405405405405406,0.0
2024,GQ,48,5,6,-1,0.10416666666666667,0.125,-0.020833333333333332
2025,GQ,27,3,17,-14,0.1111111111111111,0.6296296296296297,-0.5185185185185185
1998,GR,16813,0,0,0,0.0,0.0,0.0
1999,GR,18453,362,328,34,0.019617406383785833,0.01777488755215954,0.0018425188316262939
2000,GR,20833,536,498,38,0.025728411654586475,0.02390438247011952,0.0018240291844669515
2001,GR,23827,669,542,127,0.02807739119486297,0.022747303479246233,0.005330087715616738
2002,GR,27178,800,718,82,0.029435572889837367,0.02641842666862904,0.0030171462212083304
2003,GR,30297,935,766,169,0.03086114136713206,0.025283031323233323,0.005578110043898736
2004,GR,33682,978,838,140,0.029036280505908202,0.0248797577341013,0.0041565227718069
2005,GR,36481,1121,935,186,0.03072832433321455,0.02562977988541981,0.005098544447794742
2006,GR,39474,1146,1093,53,0.02903176774585803,0.02768911182043877,0.0013426559254192632
2007,GR,41189,1220,1226,-6,0.029619558620019908,0.029765228580446234,-0.0001456699604263274
2008,GR,43148,1364,1291,73,0.03161212570686938,0.029920274404375637,0.0016918513024937424
2009,GR,44531,1428,1411,17,0.0320675484493948,0.031685791920235344,0.00038175652915946193
2010,GR,45774,1432,1450,-18,0.03128413509852755,0.03167737143356491,-0.00039323633503735744
2011,GR,47039,1405,1526,-121,0.02986883224558345,0.03244116584111057,-0.002572333595527116
2012,GR,47842,1413,1713,-300,0.02953471844822541,0.035805359307721246,-0.006270640859495841
2013,GR,48755,1542,1954,-412,0.0316275253820121,0.0400779407240283,-0.008450415342016203
2014,GR,50260,1507,2042,-535,0.02998408276959809,0.04062873060087545,-0.010644647831277358
2015,GR,52277,1531,2080,-549,0.029286301815329877,0.03978805210704516,-0.010501750291715286
2016,GR,54841,1682,2067,-385,0.030670483762148756,0.037690778796885545,-0.007020295034736785
2017,GR,56360,1593,2202,-609,0.02826472675656494,0.03907026259758694,-0.010805535841022002
2018,GR,58996,1703,2166,-463,0.02886636382127602,0.03671435351549258,-0.007847989694216557
2019,GR,62452,1788,2028,-240,0.02862998783065394,0.0324729392173189,-0.0038429513866649586
2020,GR,68691,1842,2288,-446,0.026815740053282088,0.03330858482188351,-0.006492844768601418
2021,GR,72580,2064,2138,-74,0.02843758611187655,0.029457150730228712,-0.001019564618352163
2022,GR,74386,1999,2050,-51,0.026873336380501708,0.027558949264646575,-0.000685612884144866
2023,GR,75703,2303,2433,-130,0.03042151565988138,0.0321387527574865,-0.0017172370976051147
2024,GR,61109,2201,2601,-400,0.03601760788099952,0.04256328854996809,-0.0065456806689685645
2025,GR,43126,2539,2783,-244,0.058873997124704355,0.06453183694291147,-0.005657839818207114
1998,GT,411,0,0,0,0.0,0.0,0.0
1999,GT,423,26,20,6,0.061465721040189124,0.04728132387706856,0.014184397163120567
2000,GT,384,20,31,-11,0.052083333333333336,0.08072916666666667,-0.028645833333333332
2001,GT,421,32,32,0,0.07600950118764846,0.07600950118764846,0.0
2002,GT,475,34,49,-15,0.07157894736842105,0.1031578947368421,-0.031578947368421054
2003,GT,502,44,52,-8,0.08764940239043825,0.10358565737051793,-0.01593625498007968
2004,GT,516,47,54,-7,0.09108527131782945,0.10465116279069768,-0.013565891472868217
2005,GT,501,35,55,-20,0.06986027944111776,0.10978043912175649,-0.03992015968063872
2006,GT,548,48,68,-20,0.08759124087591241,0.12408759124087591,-0.0364963503649635
2007,GT,637,40,65,-25,0.06279434850863422,0.10204081632653061,-0.03924646781789639
2008,GT,757,64,69,-5,0.0845442536327609,0.09114927344782034,-0.0066050198150594455
2009,GT,871,81,86,-5,0.09299655568312284,0.09873708381171067,-0.0057405281285878304
2010,GT,924,78,79,-1,0.08441558441558442,0.0854978354978355,-0.0010822510822510823
2011,GT,1057,103,95,8,0.09744560075685904,0.08987701040681173,0.007568590350047304
2012,GT,1169,112,119,-7,0.09580838323353294,0.10179640718562874,-0.005988023952095809
2013,GT,1374,114,128,-14,0.08296943231441048,0.09315866084425037,-0.010189228529839884
2014,GT,1533,142,129,13,0.09262883235485975,0.08414872798434442,0.008480104370515329
2015,GT,1824,174,169,5,0.09539473684210527,0.09265350877192982,0.0027412280701754384
2016,GT,1995,167,199,-32,0.0837092731829574,0.09974937343358396,-0.016040100250626566
2017,GT,2258,167,195,-28,0.07395925597874226,0.08635961027457928,-0.012400354295837024
2018,GT,2600,204,198,6,0.07846153846153846,0.07615384615384616,0.002307692307692308
2019,GT,2934,207,233,-26,0.0705521472392638,0.07941376959781868,-0.008861622358554875
2020,GT,3509,251,219,32,0.07153035052721574,0.06241094328868624,0.009119407238529496
2021,GT,3833,258,263,-5,0.06731020088703366,0.06861466214453431,-0.0013044612575006521
2022,GT,4066,281,239,42,0.0691096901131333,0.058780127889818005,0.010329562223315297
2023,GT,3901,349,317,32,0.08946423993847731,0.0812612150730582,0.008203024865419123
2024,GT,2765,344,351,-7,0.1244122965641953,0.12694394213381555,-0.002531645569620253
2025,GT,1521,362,342,20,0.23800131492439186,0.22485207100591717,0.013149243918474688
1998,GU,69,0,0,0,0.0,0.0,0.0
1999,GU,72,3,2,1,0.041666666666666664,0.027777777777777776,0.013888888888888888
2000,GU,80,4,5,-1,0.05,0.0625,-0.0125
2001,GU,90,11,8,3,0.12222222222222222,0.08888888888888889,0.03333333333333333
2002,GU,85,5,7,-2,0.058823529411764705,0.08235294117647059,-0.023529411764705882
2003,GU,80,9,11,-2,0.1125,0.1375,-0.025
2004,GU,81,7,9,-2,0.08641975308641975,0.1111111111111111,-0.024691358024691357
2005,GU,81,3,9,-6,0.037037037037037035,0.1111111111111111,-0.07407407407407407
2006,GU,78,8,10,-2,0.10256410256410256,0.1282051282051282,-0.02564102564102564
2007,GU,74,9,17,-8,0.12162162162162163,0.22972972972972974,-0.10810810810810811
2008,GU,83,13,14,-1,0.1566265060240964,0.1686746987951807,-0.012048192771084338
2009,GU,103,11,15,-4,0.10679611650485436,0.14563106796116504,-0.038834951456310676
2010,GU,129,18,5,13,0.13953488372093023,0.03875968992248062,0.10077519379844961
2011,GU,145,19,10,9,0.1310344827586207,0.06896551724137931,0.06206896551724138
2012,GU,155,14,17,-3,0.09032258064516129,0.10967741935483871,-0.01935483870967742
2013,GU,141,11,16,-5,0.07801418439716312,0.11347517730496454,-0.03546099290780142
2014,GU,157,20,12,8,0.12738853503184713,0.07643312101910828,0.050955414012738856
2015,GU,145,9,16,-7,0.06206896551724138,0.1103448275862069,-0.04827586206896552
2016,GU,151,25,14,11,0.16556291390728478,0.09271523178807947,0.0728476821192053
2017,GU,153,11,19,-8,0.0718954248366013,0.12418300653594772,-0.05228758169934641
2018,GU,196,11,10,1,0.05612244897959184,0.05102040816326531,0.00510204081632653
2019,GU,294,17,16,1,0.05782312925170068,0.05442176870748299,0.003401360544217687
2020,GU,326,17,14,3,0.05214723926380368,0.04294478527607362,0.009202453987730062
2021,GU,354,80,24,56,0.22598870056497175,0.06779661016949153,0.15819209039548024
2022,GU,279,27,37,-10,0.0967741935483871,0.13261648745519714,-0.035842293906810034
2023,GU,293,32,36,-4,0.10921501706484642,0.12286689419795221,-0.013651877133105802
2024,GU,229,38,36,2,0.16593886462882096,0.1572052401746725,0.008733624454148471
2025,GU,151,35,29,6,0.23178807947019867,0.19205298013245034,0.039735099337748346
1998,GW,65,0,0,0,0.0,0.0,0.0
1999,GW,69,8,8,0,0.11594202898550725,0.11594202898550725,0.0
2000,GW,75,7,12,-5,0.09333333333333334,0.16,-0.06666666666666667
2001,GW,75,11,7,4,0.14666666666666667,0.09333333333333334,0.05333333333333334
2002,GW,83,10,17,-7,0.12048192771084337,0.20481927710843373,-0.08433734939759036
2003,GW,68,13,11,2,0.19117647058823528,0.16176470588235295,0.029411764705882353
2004,GW,72,8,10,-2,0.1111111111111111,0.1388888888888889,-0.027777777777777776
2005,GW,69,7,15,-8,0.10144927536231885,0.21739130434782608,-0.11594202898550725
2006,GW,84,7,10,-3,0.08333333333333333,0.11904761904761904,-0.03571428571428571
2007,GW,90,11,18,-7,0.12222222222222222,0.2,-0.07777777777777778
2008,GW,100,10,11,-1,0.1,0.11,-0.01
2009,GW,96,5,11,-6,0.052083333333333336,0.11458333333333333,-0.0625
2010,GW,114,12,19,-7,0.10526315789473684,0.16666666666666666,-0.06140350877192982
2011,GW,114,11,14,-3,0.09649122807017543,0.12280701754385964,-0.02631578947368421
2012,GW,137,17,16,1,0.12408759124087591,0.11678832116788321,0.0072992700729927005
2013,GW,145,16,22,-6,0.1103448275862069,0.15172413793103448,-0.041379310344827586
2014,GW,190,26,15,11,0.1368421052631579,0.07894736842105263,0.05789473684210526
2015,GW,208,26,19,7,0.125,0.09134615384615384,0.03365384615384615
2016,GW,223,29,23,6,0.13004484304932734,0.1031390134529148,0.026905829596412557
2017,GW,251,33,25,8,0.13147410358565736,0.099601593625498,0.03187250996015936
2018,GW,252,31,42,-11,0.12301587301587301,0.16666666666666666,-0.04365079365079365
2019,GW,254,31,24,7,0.1220472440944882,0.09448818897637795,0.027559055118110236
2020,GW,255,18,35,-17,0.07058823529411765,0.13725490196078433,-0.06666666666666667
2021,GW,336,41,30,11,0.12202380952380952,0.08928571428571429,0.03273809523809524
2022,GW,342,36,23,13,0.10526315789473684,0.06725146198830409,0.038011695906432746
2023,GW,338,50,46,4,0.14792899408284024,0.13609467455621302,0.011834319526627219
2024,GW,222,28,49,-21,0.12612612612612611,0.22072072072072071,-0.0945945945945946
2025,GW,128,30,29,1,0.234375,0.2265625,0.0078125
1998,GY,30,0,0,0,0.0,0.0,0.0
1999,GY,33,2,1,1,0.06060606060606061,0.030303030303030304,0.030303030303030304
2000,GY,27,0,2,-2,0.0,0.07407407407407407,-0.07407407407407407
2001,GY,20,3,2,1,0.15,0.1,0.05
2002,GY,20,4,4,0,0.2,0.2,0.0
2003,GY,23,3,5,-2,0.13043478260869565,0.21739130434782608,-0.08695652173913043
2004,GY,33,3,2,1,0.09090909090909091,0.06060606060606061,0.030303030303030304
2005,GY,45,2,3,-1,0.044444444444444446,0.06666666666666667,-0.022222222222222223
2006,GY,40,0,5,-5,0.0,0.125,-0.125
2007,GY,63,4,2,2,0.06349206349206349,0.031746031746031744,0.031746031746031744
2008,GY,63,4,2,2,0.06349206349206349,0.031746031746031744,0.031746031746031744
2009,GY,85,9,3,6,0.10588235294117647,0.03529411764705882,0.07058823529411765
2010,GY,86,7,7,0,0.08139534883720931,0.08139534883720931,0.0
2011,GY,94,15,9,6,0.1595744680851064,0.09574468085106383,0.06382978723404255
2012,GY,92,8,6,2,0.08695652173913043,0.06521739130434782,0.021739130434782608
2013,GY,97,6,8,-2,0.061855670103092786,0.08247422680412371,-0.020618556701030927
2014,GY,167,8,10,-2,0.04790419161676647,0.059880239520958084,-0.011976047904191617
2015,GY,248,9,8,1,0.036290322580645164,0.03225806451612903,0.004032258064516129
2016,GY,309,22,8,14,0.07119741100323625,0.025889967637540454,0.045307443365695796
2017,GY,364,15,18,-3,0.04120879120879121,0.04945054945054945,-0.008241758241758242
2018,GY,392,18,21,-3,0.04591836734693878,0.05357142857142857,-0.007653061224489796
2019,GY,416,37,26,11,0.0889423076923077,0.0625,0.026442307692307692
2020,GY,431,25,16,9,0.058004640371229696,0.037122969837587005,0.02088167053364269
2021,GY,532,24,33,-9,0.045112781954887216,0.06203007518796992,-0.016917293233082706
2022,GY,699,19,24,-5,0.027181688125894134,0.034334763948497854,-0.00715307582260372
2023,GY,787,56,30,26,0.07115628970775095,0.03811944091486658,0.03303684879288437
2024,GY,631,66,35,31,0.1045958795562599,0.0554675118858954,0.0491283676703645
2025,GY,332,54,64,-10,0.16265060240963855,0.1927710843373494,-0.030120481927710843
1998,HK,12324,0,0,0,0.0,0.0,0.0
1999,HK,13668,581,494,87,0.04250804799531753,0.03614281533508926,0.006365232660228271
2000,HK,16575,893,754,139,0.0538763197586727,0.04549019607843137,0.008386123680241327
2001,HK,18172,1000,1034,-34,0.0550297160466652,0.05690072639225181,-0.0018710103455866168
2002,HK,19973,1357,1364,-7,0.06794172132378712,0.06829219446252441,-0.0003504731387372953
2003,HK,20007,1455,1533,-78,0.07272454640875693,0.07662318188633978,-0.003898635477582846
2004,HK,20492,1633,1732,-99,0.0796896349795042,0.08452078860042944,-0.0048311536209252395
2005,HK,20491,1663,2101,-438,0.08115758137718998,0.10253281928651603,-0.021375237909326047
2006,HK,20779,1863,2221,-358,0.0896578276144184,0.10688676067183214,-0.017228933057413735
2007,HK,20809,1981,2290,-309,0.09519919265702341,0.11004853669085492,-0.014849344033831514
2008,HK,21542,2239,2467,-228,0.10393649614706156,0.11452047163680253,-0.01058397548974097
2009,HK,22074,2269,2695,-426,0.1027906133913201,0.1220893358702546,-0.019298722478934494
2010,HK,22669,2617,2858,-241,0.11544399841192818,0.12607525695884247,-0.010631258546914287
2011,HK,23026,2748,3209,-461,0.11934335099452792,0.13936419699470165,-0.020020846000173717
2012,HK,23500,2882,3104,-222,0.12263829787234043,0.1320851063829787,-0.009446808510638298
2013,HK,24054,2835,3259,-424,0.11785981541531554,0.1354868213186996,-0.017627005903384053
2014,HK,25115,3267,3265,2,0.130081624527175,0.1300019908421262,7.963368504877563e-05
2015,HK,26284,3261,3486,-225,0.12406787399178207,0.13262821488357937,-0.008560340891797292
2016,HK,27265,3576,3646,-70,0.1311571611956721,0.13372455529066568,-0.0025673940949935813
2017,HK,28326,3777,3819,-42,0.13334039398432534,0.13482313069264987,-0.0014827367083245075
2018,HK,29829,3745,3964,-219,0.12554896241912233,0.13289081095578129,-0.007341848536658956
2019,HK,31845,3952,4241,-289,0.12410111477468991,0.1331763228136285,-0.009075208038938609
2020,HK,34895,4229,4483,-254,0.12119214787218799,0.12847112766872046,-0.007278979796532454
2021,HK,38009,4651,4452,199,0.12236575547896551,0.11713015338472467,0.005235602094240838
2022,HK,40993,4561,4623,-62,0.11126289854365379,0.11277535188934697,-0.0015124533456931672
2023,HK,44160,5898,5400,498,0.13355978260869567,0.12228260869565218,0.011277173913043479
2024,HK,38036,6762,6816,-54,0.17777894626143653,0.1791986539068251,-0.0014197076453885793
2025,HK,28660,7969,7782,187,0.27805303558967204,0.27152826238660155,0.006524773203070482
1998,HN,185,0,0,0,0.0,0.0,0.0
1999,HN,184,8,1,7,0.043478260869565216,0.005434782608695652,0.03804347826086957
2000,HN,169,13,10,3,0.07692307692307693,0.05917159763313609,0.01775147928994083
2001,HN,172,2,12,-10,0.011627906976744186,0.06976744186046512,-0.05813953488372093
2002,HN,187,6,17,-11,0.03208556149732621,0.09090909090909091,-0.058823529411764705
2003,HN,214,7,14,-7,0.03271028037383177,0.06542056074766354,-0.03271028037383177
2004,HN,240,16,9,7,0.06666666666666667,0.0375,0.029166666666666667
2005,HN,220,20,27,-7,0.09090909090909091,0.12272727272727273,-0.031818181818181815
2006,HN,201,13,23,-10,0.06467661691542288,0.11442786069651742,-0.04975124378109453
2007,HN,222,14,19,-5,0.06306306306306306,0.08558558558558559,-0.02252252252252252
2008,HN,287,13,19,-6,0.04529616724738676,0.06620209059233449,-0.020905923344947737
2009,HN,341,32,30,2,0.093841642228739,0.08797653958944282,0.005865102639296188
2010,HN,682,50,31,19,0.07331378299120235,0.045454545454545456,0.02785923753665689
2011,HN,724,25,38,-13,0.034530386740331494,0.052486187845303865,-0.017955801104972375
2012,HN,948,102,36,66,0.10759493670886076,0.0379746835443038,0.06962025316455696
2013,HN,1084,42,67,-25,0.03874538745387454,0.061808118081180814,-0.023062730627306273
2014,HN,1273,88,49,39,0.06912804399057344,0.0384917517674784,0.030636292223095052
2015,HN,1297,121,82,39,0.09329221279876639,0.06322282189668466,0.030069390902081727
2016,HN,1230,51,102,-51,0.041463414634146344,0.08292682926829269,-0.041463414634146344
2017,HN,1611,61,97,-36,0.03786468032278088,0.06021104903786468,-0.0223463687150838
2018,HN,1958,94,85,9,0.04800817160367722,0.04341164453524004,0.004596527068437181
2019,HN,2236,101,91,10,0.04516994633273703,0.040697674418604654,0.004472271914132379
2020,HN,2382,134,110,24,0.056255247691015954,0.04617968094038623,0.010075566750629723
2021,HN,2642,147,109,38,0.055639666919000755,0.04125662376987131,0.014383043149129448
2022,HN,2739,130,97,33,0.04746257758305951,0.035414384811975175,0.012048192771084338
2023,HN,2817,198,130,68,0.07028753993610223,0.04614838480653177,0.024139155129570464
2024,HN,1936,185,173,12,0.09555785123966942,0.0893595041322314,0.006198347107438017
2025,HN,1130,198,194,4,0.1752212389380531,0.17168141592920355,0.0035398230088495575
1998,HR,5159,0,0,0,0.0,0.0,0.0
1999,HR,5436,78,73,5,0.01434878587196468,0.013428991905813098,0.000919793966151582
2000,HR,6023,125,107,18,0.020753777187448117,0.017765233272455588,0.0029885439149925285
2001,HR,6499,131,158,-27,0.02015694722264964,0.024311432528081243,-0.004154485305431605
2002,HR,7461,191,193,-2,0.025599785551534648,0.02586784613322611,-0.0002680605816914623
2003,HR,8039,199,225,-26,0.02475432267694987,0.02798855579052121,-0.00323423311357134
2004,HR,9071,222,229,-7,0.024473597177819426,0.025245287178921837,-0.0007716900011024143
2005,HR,10307,231,266,-35,0.022411953041622197,0.025807703502474046,-0.0033957504608518483
2006,HR,12335,319,328,-9,0.025861370085123632,0.026591001216051884,-0.000729631130928253
2007,HR,14077,337,340,-3,0.023939759892022447,0.024152873481565675,-0.00021311358954322654
2008,HR,15703,421,378,43,0.02681016366299433,0.024071833407629115,0.002738330255365217
2009,HR,16876,459,480,-21,0.027198388243659635,0.02844275894761792,-0.0012443707039582839
2010,HR,17966,463,499,-36,0.02577090059000334,0.02777468551708783,-0.0020037849270844927
2011,HR,19045,464,564,-100,0.024363349960619587,0.02961407193489105,-0.005250721974271462
2012,HR,20041,556,612,-56,0.027743126590489497,0.030537398333416496,-0.0027942717429269995
2013,HR,20535,551,674,-123,0.026832237643048453,0.03282201120038958,-0.005989773557341125
2014,HR,21170,636,767,-131,0.030042512990080303,0.03623051487954653,-0.006188001889466226
2015,HR,21854,613,733,-120,0.028049784936396083,0.033540770568317016,-0.00549098563192093
2016,HR,22918,620,787,-167,0.027052971463478487,0.034339820228641245,-0.007286848765162754
2017,HR,24044,699,809,-110,0.029071701879886874,0.033646647812344034,-0.004574945932457162
2018,HR,24802,772,847,-75,0.03112652205467301,0.03415047173615031,-0.0030239496814773
2019,HR,25820,774,835,-61,0.029976762199845082,0.032339271882261815,-0.0023625096824167312
2020,HR,26965,784,932,-148,0.02907472649731133,0.03456332282588541,-0.005488596328574078
2021,HR,27852,755,969,-214,0.02710756857676289,0.03479103834554072,-0.007683469768777825
2022,HR,28459,764,817,-53,0.026845637583892617,0.028707965845602444,-0.0018623282617098282
2023,HR,29392,846,958,-112,0.028783342406096896,0.03259390310288514,-0.003810560696788242
2024,HR,23980,882,893,-11,0.03678065054211843,0.03723936613844871,-0.00045871559633027525
2025,HR,16387,974,1042,-68,0.059437358882040645,0.06358698968694697,-0.004149630804906328
1998,HT,20,0,0,0,0.0,0.0,0.0
1999,HT,16,0,0,0,0.0,0.0,0.0
2000,HT,27,2,0,2,0.07407407407407407,0.0,0.07407407407407407
2001,HT,34,3,1,2,0.08823529411764706,0.029411764705882353,0.058823529411764705
2002,HT,35,4,3,1,0.11428571428571428,0.08571428571428572,0.02857142857142857
2003,HT,39,3,4,-1,0.07692307692307693,0.10256410256410256,-0.02564102564102564
2004,HT,55,3,3,0,0.05454545454545454,0.05454545454545454,0.0
2005,HT,79,2,2,0,0.02531645569620253,0.02531645569620253,0.0
2006,HT,87,13,2,11,0.14942528735632185,0.022988505747126436,0.12643678160919541
2007,HT,76,5,4,1,0.06578947368421052,0.05263157894736842,0.013157894736842105
2008,HT,82,6,4,2,0.07317073170731707,0.04878048780487805,0.024390243902439025
2009,HT,97,5,15,-10,0.05154639175257732,0.15463917525773196,-0.10309278350515463
2010,HT,126,5,9,-4,0.03968253968253968,0.07142857142857142,-0.031746031746031744
2011,HT,145,9,5,4,0.06206896551724138,0.034482758620689655,0.027586206896551724
2012,HT,167,20,13,7,0.11976047904191617,0.07784431137724551,0.041916167664670656
2013,HT,191,11,17,-6,0.05759162303664921,0.08900523560209424,-0.031413612565445025
2014,HT,262,18,15,3,0.06870229007633588,0.05725190839694656,0.011450381679389313
2015,HT,304,23,24,-1,0.0756578947368421,0.07894736842105263,-0.003289473684210526
2016,HT,345,32,25,7,0.0927536231884058,0.07246376811594203,0.020289855072463767
2017,HT,360,45,15,30,0.125,0.041666666666666664,0.08333333333333333
2018,HT,391,26,28,-2,0.06649616368286446,0.07161125319693094,-0.005115089514066497
2019,HT,457,31,26,5,0.06783369803063458,0.05689277899343545,0.010940919037199124
2020,HT,510,24,24,0,0.047058823529411764,0.047058823529411764,0.0
2021,HT,531,46,25,21,0.08662900188323917,0.047080979284369114,0.03954802259887006
2022,HT,533,42,20,22,0.07879924953095685,0.0375234521575985,0.04127579737335835
2023,HT,510,39,40,-1,0.07647058823529412,0.0784313725490196,-0.00196078431372549
2024,HT,391,34,54,-20,0.08695652173913043,0.13810741687979539,-0.05115089514066496
2025,HT,200,27,42,-15,0.135,0.21,-0.075
1998,HU,12385,0,0,0,0.0,0.0,0.0
1999,HU,13300,382,394,-12,0.028721804511278197,0.02962406015037594,-0.0009022556390977444
2000,HU,14670,536,542,-6,0.0365371506475801,0.03694614860259032,-0.00040899795501022495
2001,HU,15780,601,568,33,0.03808618504435995,0.035994930291508236,0.002091254752851711
2002,HU,16969,659,659,0,0.03883552360186222,0.03883552360186222,0.0
2003,HU,17742,699,829,-130,0.039398038552587084,0.0467252846353286,-0.0073272460827415176
2004,HU,18498,740,810,-70,0.04000432479186939,0.043788517677586763,-0.003784192885717375
2005,HU,19679,943,896,47,0.04791910158036486,0.045530768839880074,0.0023883327404847807
2006,HU,20867,887,1039,-152,0.04250730818996502,0.04979153687640773,-0.0072842286864427085
2007,HU,22051,993,981,12,0.045031971339168295,0.044487778332048436,0.0005441930071198585
2008,HU,22610,1001,1127,-126,0.04427244582043344,0.04984520123839009,-0.005572755417956657
2009,HU,23548,1130,1132,-2,0.04798709019874299,0.04807202310174962,-8.493290300662476e-05
2010,HU,24417,1097,1210,-113,0.04492771429741573,0.049555637465700124,-0.004627923168284392
2011,HU,25791,1041,1209,-168,0.040362917296731415,0.046876817494474816,-0.0065139001977433985
2012,HU,27184,1079,1318,-239,0.03969246615656268,0.04848440258975868,-0.008791936433195998
2013,HU,28606,1232,1320,-88,0.04306788785569461,0.046144165559672795,-0.0030762777039781866
2014,HU,29822,1300,1375,-75,0.043591979075850044,0.046106900945610624,-0.0025149218697605794
2015,HU,31050,1339,1474,-135,0.04312399355877617,0.04747181964573269,-0.004347826086956522
2016,HU,32529,1427,1511,-84,0.04386854806480371,0.046450859233299516,-0.0025823111684958036
2017,HU,34478,1463,1576,-113,0.04243285573409131,0.045710308022507105,-0.0032774522884158014
2018,HU,36796,1541,1660,-119,0.04187955212523101,0.0451135993042722,-0.0032340471790412
2019,HU,39591,1632,1611,21,0.041221489732514965,0.040691066151398045,0.0005304235811169206
2020,HU,43638,1768,1754,14,0.04051514734864109,0.04019432604610661,0.0003208213025344883
2021,HU,46121,1779,1789,-10,0.03857245072743436,0.03878927169835866,-0.0002168209709243078
2022,HU,48334,1789,1717,72,0.037013282575412754,0.035523647949683455,0.0014896346257293003
2023,HU,50002,1928,2114,-186,0.03855845766169353,0.042278308867645296,-0.003719851205951762
2024,HU,41294,2116,2097,19,0.05124231123165593,0.05078219596067225,0.000460115270983678
2025,HU,29019,2692,2364,328,0.09276680795340983,0.08146386849994831,0.011302939453461525
1998,ID,3435,0,0,0,0.0,0.0,0.0
1999,ID,4171,60,51,9,0.014385039558858786,0.012227283625029969,0.002157755933828818
2000,ID,4991,117,97,20,0.023442195952714885,0.01943498296934482,0.004007212983370066
2001,ID,5745,160,132,28,0.0278503046127067,0.022976501305483028,0.004873803307223673
2002,ID,6844,216,199,17,0.031560490940970194,0.02907656341320865,0.002483927527761543
2003,ID,8256,246,223,23,0.029796511627906978,0.02701065891472868,0.0027858527131782948
2004,ID,10151,290,249,41,0.028568613929662104,0.02452960299477884,0.004039010934883263
2005,ID,12861,400,366,34,0.03110178057693803,0.028458129227898296,0.0026436513490397323
2006,ID,15553,426,377,49,0.02739021410660323,0.024239696521571402,0.0031505175850318266
2007,ID,20090,521,437,84,0.025933300149328025,0.021752115480338476,0.004181184668989547
2008,ID,25679,589,490,99,0.022937030258187625,0.019081739943144202,0.0038552903150434205
2009,ID,33761,767,627,140,0.022718521370812476,0.018571724771185686,0.004146796599626789
2010,ID,48071,971,722,249,0.020199288552349648,0.015019450396288823,0.0051798381560608266
2011,ID,71200,1080,850,230,0.015168539325842697,0.011938202247191011,0.0032303370786516852
2012,ID,96959,1369,999,370,0.014119370043007869,0.010303324085438175,0.0038160459575696942
2013,ID,131137,1583,1187,396,0.012071345234373212,0.00905160252255275,0.0030197427118204626
2014,ID,175038,1834,1445,389,0.010477724836892561,0.00825535026679921,0.002222374570093351
2015,ID,247085,2224,1636,588,0.009000951089705972,0.00662120322965781,0.0023797478600481614
2016,ID,344247,2746,1988,758,0.007976830589663817,0.005774923238256252,0.002201907351407565
2017,ID,465908,3537,2485,1052,0.007591627531615684,0.005333671025180937,0.0022579565064347468
2018,ID,590148,4455,3035,1420,0.007548953821753187,0.005142777743887974,0.0024061760778652133
2019,ID,730305,5301,4070,1231,0.007258611128227247,0.005573014014692491,0.001685597113534756
2020,ID,881541,5842,5060,782,0.006627031527745165,0.005739948567338332,0.000887082960406833
2021,ID,1101806,6834,5441,1393,0.006202543823504319,0.004938255918010974,0.0012642879054933446
2022,ID,1381481,6777,5602,1175,0.004905604926886436,0.004055068437423316,0.0008505364894631196
2023,ID,1662274,9066,7388,1678,0.005453974495179495,0.0044445139609956,0.001009460534183895
2024,ID,1295380,9581,8679,902,0.007396285259923729,0.006699964489184641,0.0006963207707390882
2025,ID,774813,10722,11326,-604,0.013838177728045348,0.014617720662921246,-0.0007795429348758991
1998,IE,9782,0,0,0,0.0,0.0,0.0
1999,IE,9450,447,513,-66,0.0473015873015873,0.054285714285714284,-0.006984126984126984
2000,IE,10565,647,680,-33,0.061239943208708,0.06436346426881212,-0.003123521060104117
2001,IE,11448,783,748,35,0.06839622641509434,0.06533892382948987,0.0030573025856044725
2002,IE,12966,948,897,51,0.07311429893567793,0.06918093475242944,0.003933364183248496
2003,IE,14426,1151,998,153,0.07978649660335506,0.06918064605573271,0.010605850547622349
2004,IE,16325,1399,1122,277,0.0856967840735069,0.06872894333843797,0.016967840735068913
2005,IE,17802,1701,1363,338,0.0955510616784631,0.07656443096281317,0.018986630715649926
2006,IE,19282,1980,1635,345,0.10268644331500881,0.0847941084949694,0.017892334820039414
2007,IE,20853,2150,1865,285,0.10310267107850189,0.08943557281925862,0.013667098259243275
2008,IE,22555,2302,2058,244,0.10206162713367324,0.09124362669031257,0.010818000443360674
2009,IE,24280,2536,2231,305,0.1044481054365733,0.09188632619439868,0.01256177924217463
2010,IE,25691,2635,2448,187,0.10256510061889378,0.09528628702658519,0.0072788135923085905
2011,IE,27033,2632,2696,-64,0.09736248289128102,0.09972995967891096,-0.002367476787629934
2012,IE,27981,2818,2824,-6,0.10071119688359959,0.10092562810478539,-0.00021443122118580465
2013,IE,29015,3001,3048,-47,0.10342926072721007,0.10504911252800275,-0.0016198518007926935
2014,IE,30257,3145,3324,-179,0.10394288924876888,0.10985887563208514,-0.005915986383316257
2015,IE,31547,3206,3395,-189,0.10162614511680984,0.10761720607347766,-0.005991060956667829
2016,IE,33338,3365,3339,26,0.10093586897834303,0.10015597816305717,0.00077989081528586
2017,IE,35360,3467,3431,36,0.09804864253393665,0.09703054298642534,0.0010180995475113123
2018,IE,37569,3624,3515,109,0.09646250898347042,0.09356118076073358,0.002901328222736831
2019,IE,39766,3804,3530,274,0.0956596087109591,0.08876930040738319,0.006890308303575919
2020,IE,42920,3947,3803,144,0.09196178937558248,0.0886067101584343,0.0033550792171481826
2021,IE,45762,4333,3808,525,0.09468554696036012,0.08321314627857174,0.011472400681788383
2022,IE,47047,3715,3552,163,0.07896358960188747,0.0754989691159904,0.0034646204858970815
2023,IE,48398,4913,4257,656,0.10151245919252862,0.08795818009008637,0.01355427910244225
2024,IE,38775,4713,4810,-97,0.12154738878143133,0.12404900064474532,-0.002501611863313991
2025,IE,27160,5456,4882,574,0.2008836524300442,0.17974963181148748,0.021134020618556702
1998,IL,25604,0,0,0,0.0,0.0,0.0
1999,IL,26358,694,720,-26,0.026329767053645953,0.027316184839517414,-0.0009864177858714622
2000,IL,27925,979,925,54,0.03505819158460161,0.03312444046553268,0.0019337511190689347
2001,IL,29413,1050,1127,-77,0.03569850066297216,0.03831639071159011,-0.002617890048617958
2002,IL,31126,1182,1272,-90,0.0379746835443038,0.04086615691062134,-0.002891473366317548
2003,IL,31970,1191,1402,-211,0.03725367532061308,0.04385361276196434,-0.0065999374413512665
2004,IL,33203,1300,1544,-244,0.03915308857633346,0.04650182212450682,-0.007348733548173358
2005,IL,34078,1279,1733,-454,0.03753154527847878,0.050853923352309406,-0.013322378073830623
2006,IL,36015,1351,1659,-308,0.03751214771622935,0.046064139941690965,-0.008551992225461613
2007,IL,37601,1532,1727,-195,0.040743597244754126,0.045929629531129494,-0.005186032286375362
2008,IL,38888,1670,1867,-197,0.042943838716313514,0.048009668792429544,-0.005065830076116025
2009,IL,39275,1806,2000,-194,0.04598345003182686,0.050922978994271166,-0.004939528962444303
2010,IL,39842,1815,1994,-179,0.04555494202098288,0.05004768836905778,-0.004492746348074896
2011,IL,41510,1858,1967,-109,0.04476029872319923,0.047386172006745365,-0.0026258732835461335
2012,IL,43366,1984,2025,-41,0.045750126827468526,0.04669556795646359,-0.0009454411289950653
2013,IL,45493,2097,2059,38,0.04609500362693161,0.04525971028509881,0.0008352933418328094
2014,IL,47236,2255,2283,-28,0.04773901261749513,0.04833178084511813,-0.0005927682276229994
2015,IL,49664,2535,2375,160,0.051043009020618556,0.04782135953608247,0.0032216494845360823
2016,IL,52250,2770,2435,335,0.053014354066985646,0.04660287081339713,0.0064114832535885164
2017,IL,54643,2679,2703,-24,0.04902732280438483,0.049466537342386034,-0.0004392145380012078
2018,IL,58114,2851,2769,82,0.04905874660150738,0.04764772688164642,0.0014110197198609628
2019,IL,61178,3007,2974,33,0.04915165582398902,0.04861224623230573,0.0005394095916832849
2020,IL,64547,3331,3052,279,0.051605806621531594,0.04728337490510791,0.004322431716423691
2021,IL,66513,3243,3061,182,0.04875738577420955,0.04602107858614105,0.0027363071880684977
2022,IL,66913,2777,3016,-239,0.04150165139808408,0.045073453588988684,-0.0035718021909046074
2023,IL,68398,3152,3394,-242,0.04608321880756747,0.04962133395713325,-0.003538115149565777
2024,IL,55755,3236,3540,-304,0.05803963770065465,0.06349206349206349,-0.005452425791408842
2025,IL,38668,3444,3833,-389,0.0890658942795076,0.09912589221061342,-0.010059997931105824
1998,IM,49,0,0,0,0.0,0.0,0.0
1999,IM,46,5,6,-1,0.10869565217391304,0.13043478260869565,-0.021739130434782608
2000,IM,44,1,8,-7,0.022727272727272728,0.18181818181818182,-0.1590909090909091
2001,IM,48,2,3,-1,0.041666666666666664,0.0625,-0.020833333333333332
2002,IM,42,4,3,1,0.09523809523809523,0.07142857142857142,0.023809523809523808
2003,IM,43,3,5,-2,0.06976744186046512,0.11627906976744186,-0.046511627906976744
2004,IM,43,2,4,-2,0.046511627906976744,0.09302325581395349,-0.046511627906976744
2005,IM,50,1,7,-6,0.02,0.14,-0.12
2006,IM,47,8,4,4,0.1702127659574468,0.0851063829787234,0.0851063829787234
2007,IM,57,4,8,-4,0.07017543859649122,0.14035087719298245,-0.07017543859649122
2008,IM,50,6,9,-3,0.12,0.18,-0.06
2009,IM,44,8,10,-2,0.18181818181818182,0.22727272727272727,-0.045454545454545456
2010,IM,47,3,5,-2,0.06382978723404255,0.10638297872340426,-0.0425531914893617
2011,IM,48,7,11,-4,0.14583333333333334,0.22916666666666666,-0.08333333333333333
2012,IM,52,8,7,1,0.15384615384615385,0.1346153846153846,0.019230769230769232
2013,IM,43,7,9,-2,0.16279069767441862,0.20930232558139536,-0.046511627906976744
2014,IM,60,8,5,3,0.13333333333333333,0.08333333333333333,0.05
2015,IM,72,12,10,2,0.16666666666666666,0.1388888888888889,0.027777777777777776
2016,IM,87,16,7,9,0.1839080459770115,0.08045977011494253,0.10344827586206896
2017,IM,80,6,14,-8,0.075,0.175,-0.1
2018,IM,79,18,7,11,0.22784810126582278,0.08860759493670886,0.13924050632911392
2019,IM,75,11,10,1,0.14666666666666667,0.13333333333333333,0.013333333333333334
2020,IM,61,3,14,-11,0.04918032786885246,0.22950819672131148,-0.18032786885245902
2021,IM,71,11,8,3,0.15492957746478872,0.11267605633802817,0.04225352112676056
2022,IM,53,9,8,1,0.16981132075471697,0.1509433962264151,0.018867924528301886
2023,IM,54,12,14,-2,0.2222222222222222,0.25925925925925924,-0.037037037037037035
2024,IM,35,3,8,-5,0.08571428571428572,0.22857142857142856,-0.14285714285714285
2025,IM,27,10,6,4,0.37037037037037035,0.2222222222222222,0.14814814814814814
1998,IN,58843,0,0,0,0.0,0.0,0.0
1999,IN,63899,1096,1306,-210,0.01715206810748212,0.020438504514937637,-0.0032864364074555157
2000,IN,70298,1601,1977,-376,0.022774474380494465,0.028123132948305783,-0.005348658567811317
2001,IN,77060,2005,2460,-455,0.026018686737607058,0.0319231767453932,-0.005904490007786141
2002,IN,84107,2404,3332,-928,0.02858263878155207,0.03961620316977184,-0.011033564388219768
2003,IN,93879,2823,3665,-842,0.03007062282299556,0.03903961482333642,-0.008968992000340865
2004,IN,107415,3199,3989,-790,0.029781687846203976,0.037136340362146816,-0.0073546525159428385
2005,IN,121800,3800,4479,-679,0.031198686371100164,0.03677339901477832,-0.005574712643678161
2006,IN,136002,4289,5044,-755,0.03153630093675093,0.037087689886913425,-0.005551388950162497
2007,IN,152684,4784,5560,-776,0.031332687118493095,0.03641507951062325,-0.005082392392130151
2008,IN,178357,5652,6252,-600,0.03168925245434718,0.035053291993025225,-0.0033640395386780445
2009,IN,212585,6314,7157,-843,0.02970106075216972,0.03366653338664534,-0.003965472634475622
2010,IN,257754,7370,7798,-428,0.02859315471340891,0.030253652707620444,-0.001660497994211535
2011,IN,307494,8762,8551,211,0.028494864940454123,0.027808672689548414,0.0006861922509057087
2012,IN,362694,10000,9562,438,0.02757145141634546,0.026363821844309528,0.0012076295720359312
2013,IN,409741,11405,10418,987,0.027834656526927987,0.025425817772690554,0.002408838754237433
2014,IN,459812,12859,11758,1101,0.027965777317686357,0.02557132045270676,0.0023944568649796
2015,IN,510933,13194,13296,-102,0.025823346701035164,0.026022981486809427,-0.00019963478577426002
2016,IN,563773,14952,14421,531,0.02652131265598033,0.025579444208928062,0.0009418684470522711
2017,IN,607184,15705,16160,-455,0.02586530606867111,0.02661466705315028,-0.0007493609844791694
2018,IN,671357,16398,17681,-1283,0.024425156809268392,0.026336211583404955,-0.0019110547741365623
2019,IN,750696,16991,19898,-2907,0.022633662627748116,0.026506069034602557,-0.003872406406854439
2020,IN,878699,20757,22286,-1529,0.023622423605808133,0.02536249614486872,-0.0017400725390605885
2021,IN,985139,22432,22782,-350,0.02277039077734208,0.023125670590647615,-0.00035527981330553355
2022,IN,1088923,21301,23169,-1868,0.01956153006227254,0.021276986527054714,-0.0017154564647821747
2023,IN,1191551,27725,32353,-4628,0.023267992725447755,0.027152006082828178,-0.0038840133573804225
2024,IN,962019,34305,33953,352,0.03565937886881652,0.03529348172957083,0.00036589713924569056
2025,IN,643549,37361,41666,-4305,0.05805463142666681,0.06474409873995608,-0.006689467313289276
1998,IQ,443,0,0,0,0.0,0.0,0.0
1999,IQ,518,2,4,-2,0.003861003861003861,0.007722007722007722,-0.003861003861003861
2000,IQ,546,10,8,2,0.018315018315018316,0.014652014652014652,0.003663003663003663
2001,IQ,569,5,12,-7,0.008787346221441126,0.0210896309314587,-0.012302284710017574
2002,IQ,686,19,10,9,0.027696793002915453,0.014577259475218658,0.013119533527696793
2003,IQ,1267,8,18,-10,0.006314127861089187,0.014206787687450671,-0.007892659826361484
2004,IQ,2007,9,21,-12,0.004484304932735426,0.01046337817638266,-0.005979073243647235
2005,IQ,2880,22,22,0,0.007638888888888889,0.007638888888888889,0.0
2006,IQ,3569,41,28,13,0.011487811711964136,0.007845334827682824,0.0036424768842813113
2007,IQ,4765,39,41,-2,0.008184679958027283,0.008604407135362015,-0.0004197271773347324
2008,IQ,6130,67,68,-1,0.010929853181076673,0.011092985318107667,-0.0001631321370309951
2009,IQ,7371,112,86,26,0.015194681861348529,0.011667345000678333,0.003527336860670194
2010,IQ,8942,145,108,37,0.01621561171997316,0.01207783493625587,0.004137776783717289
2011,IQ,10971,162,133,29,0.014766201804757998,0.012122869382918603,0.0026433324218393946
2012,IQ,12740,227,176,51,0.01781789638932496,0.013814756671899528,0.004003139717425432
2013,IQ,14154,353,213,140,0.024939946304931467,0.015048749470114454,0.009891196834817012
2014,IQ,15934,369,288,81,0.023158026860800804,0.01807455754989331,0.0050834693109074935
2015,IQ,20214,412,315,97,0.02038191352527951,0.015583259127337488,0.004798654397942021
2016,IQ,27178,514,417,97,0.01891235558172051,0.015343292368827728,0.003569063212892781
2017,IQ,36939,781,497,284,0.021142965429491865,0.013454614364222095,0.007688351065269769
2018,IQ,46356,1108,598,510,0.023901976011735267,0.012900163948571922,0.011001812063163344
2019,IQ,57072,1454,705,749,0.02547659097280628,0.012352817493692178,0.0131237734791141
2020,IQ,70678,1543,899,644,0.021831404397407963,0.012719658168029656,0.009111746229378307
2021,IQ,85256,1670,1045,625,0.019588064183165995,0.012257201839166745,0.00733086234399925
2022,IQ,95058,1756,1122,634,0.01847293231500768,0.011803320078268004,0.006669612236739675
2023,IQ,98831,2502,1510,992,0.02531594337808987,0.015278606914834415,0.010037336463255456
2024,IQ,73081,2701,1858,843,0.0369589907089394,0.025423844774975713,0.011535145933963684
2025,IQ,44211,3259,2377,882,0.07371468639026486,0.05376490013797471,0.019949786252290155
1998,IR,4873,0,0,0,0.0,0.0,0.0
1999,IR,5992,78,55,23,0.0130173564753004,0.009178905206942591,0.0038384512683578105
2000,IR,7932,110,104,6,0.013867876954109935,0.013111447302067574,0.0007564296520423601
2001,IR,10491,159,105,54,0.015155847869602517,0.010008578781812983,0.005147269087789534
2002,IR,14684,211,204,7,0.014369381639880142,0.01389267229637701,0.00047670934350313264
2003,IR,20273,368,246,122,0.01815222216741479,0.012134365905391407,0.006017856262023381
2004,IR,28172,418,269,149,0.014837427232713333,0.00954848786028681,0.005288939372426523
2005,IR,37623,528,434,94,0.014033968583047604,0.011535496903489886,0.0024984716795577173
2006,IR,49148,657,585,72,0.013367787092048507,0.011902824123056889,0.0014649629689916172
2007,IR,60904,846,737,109,0.013890713253645081,0.012101011427820833,0.001789701825824248
2008,IR,75348,999,1016,-17,0.013258480649784998,0.01348410044062218,-0.00022561979083718215
2009,IR,96842,1110,1349,-239,0.011461968980401065,0.013929906445550484,-0.0024679374651494185
2010,IR,118830,1287,1724,-437,0.010830598333754103,0.014508120844904486,-0.0036775225111503828
2011,IR,141610,1603,1972,-369,0.011319822046465646,0.013925570228091237,-0.0026057481816255915
2012,IR,163095,1794,2440,-646,0.010999724087188448,0.014960605781906252,-0.003960881694717803
2013,IR,184933,1986,2994,-1008,0.010739024403432594,0.016189647061368172,-0.005450622657935576
2014,IR,206712,2380,3280,-900,0.011513603467626456,0.015867487131854947,-0.004353883664228492
2015,IR,220975,2486,3631,-1145,0.011250141418712525,0.016431723045593392,-0.005181581626880869
2016,IR,233702,2868,3896,-1028,0.012272038750203251,0.016670802988421152,-0.0043987642382179015
2017,IR,244893,2927,4074,-1147,0.0119521586978803,0.01663583687569673,-0.0046836781778164345
2018,IR,261719,3092,4453,-1361,0.011814197670020137,0.01701443150860274,-0.005200233838582602
2019,IR,273792,3094,4844,-1750,0.011300549322113137,0.017692262739597942,-0.006391713417484806
2020,IR,275205,3273,5624,-2351,0.011892952526298578,0.020435675223923984,-0.008542722697625406
2021,IR,265525,3452,5593,-2141,0.013000659071650504,0.02106392995009886,-0.008063270878448357
2022,IR,255916,2987,5607,-2620,0.01167179855890214,0.02190953281545507,-0.010237734256552932
2023,IR,255369,3432,7438,-4006,0.01343937596184345,0.029126479721501043,-0.015687103759657595
2024,IR,199684,3867,7531,-3664,0.01936559764427796,0.037714589050700104,-0.018348991406422148
2025,IR,129411,4550,7487,-2937,0.03515929866858304,0.057854432776193676,-0.022695134107610634
1998,IS,853,0,0,0,0.0,0.0,0.0
1999,IS,887,23,18,5,0.02593010146561443,0.020293122886133032,0.005636978579481398
2000,IS,1092,41,40,1,0.037545787545787544,0.03663003663003663,0.0009157509157509158
2001,IS,1213,62,47,15,0.051112943116240726,0.038746908491343775,0.01236603462489695
2002,IS,1287,71,41,30,0.05516705516705517,0.031857031857031856,0.023310023310023312
2003,IS,1312,86,53,33,0.06554878048780488,0.040396341463414635,0.025152439024390245
2004,IS,1383,76,69,7,0.0549530007230658,0.049891540130151846,0.005061460592913955
2005,IS,1484,102,61,41,0.06873315363881402,0.04110512129380054,0.027628032345013476
2006,IS,1620,85,75,10,0.05246913580246913,0.046296296296296294,0.006172839506172839
2007,IS,1756,117,98,19,0.06662870159453303,0.05580865603644647,0.01082004555808656
2008,IS,1950,133,93,40,0.06820512820512821,0.047692307692307694,0.020512820512820513
2009,IS,2001,120,117,3,0.05997001499250375,0.05847076461769116,0.0014992503748125937
2010,IS,2182,161,121,40,0.07378551787351054,0.05545371219065078,0.01833180568285976
2011,IS,2280,148,148,0,0.06491228070175438,0.06491228070175438,0.0
2012,IS,2373,128,145,-17,0.0539401601348504,0.06110408765276022,-0.007163927517909819
2013,IS,2512,136,120,16,0.054140127388535034,0.04777070063694268,0.006369426751592357
2014,IS,2585,146,159,-13,0.05647969052224371,0.06150870406189555,-0.005029013539651838
2015,IS,2797,178,132,46,0.06363961387200572,0.04719342152306042,0.016446192348945298
2016,IS,2990,149,170,-21,0.04983277591973244,0.056856187290969896,-0.0070234113712374585
2017,IS,3244,218,142,76,0.06720098643649815,0.043773119605425403,0.02342786683107275
2018,IS,3440,214,168,46,0.062209302325581396,0.04883720930232558,0.013372093023255814
2019,IS,3686,193,187,6,0.052360282148670646,0.050732501356483994,0.0016277807921866521
2020,IS,3955,207,248,-41,0.052338811630847026,0.06270543615676359,-0.010366624525916562
2021,IS,4358,309,184,125,0.07090408444240477,0.04222120238641579,0.028682882055988984
2022,IS,4471,242,236,6,0.05412659360322076,0.05278461194363677,0.0013419816595839856
2023,IS,4700,315,241,74,0.06702127659574468,0.05127659574468085,0.01574468085106383
2024,IS,3803,315,248,67,0.08282934525374704,0.06521167499342624,0.017617670260320798
2025,IS,2641,325,275,50,0.12305944717909882,0.10412722453616055,0.01893222264293828
1998,IT,109452,0,0,0,0.0,0.0,0.0
1999,IT,111858,2241,2372,-131,0.020034329238856407,0.021205456918593216,-0.0011711276797368093
2000,IT,121135,3094,3263,-169,0.02554175093903496,0.026936888595368802,-0.0013951376563338424
2001,IT,129794,3522,3586,-64,0.027135306716797387,0.027628395765597794,-0.0004930890488004068
2002,IT,141114,4052,3924,128,0.028714372776620322,0.027807304732344062,0.0009070680442762589
2003,IT,148877,4384,4368,16,0.02944712749450889,0.029339656226280757,0.00010747126822813464
2004,IT,158482,4608,4644,-36,0.02907585719513888,0.0293030123294759,-0.0002271551343370225
2005,IT,167326,4931,5186,-255,0.02946941897852097,0.030993390148572247,-0.0015239711700512771
2006,IT,178889,5645,5850,-205,0.03155588102119191,0.03270184304233351,-0.0011459620211416019
2007,IT,188718,6016,6200,-184,0.03187825220699668,0.032853251942051104,-0.0009749997350544198
2008,IT,197025,6511,7155,-644,0.03304656769445502,0.036315188427864485,-0.003268620733409466
2009,IT,203724,6960,7757,-797,0.03416386876362137,0.03807602442520273,-0.003912155661581355
2010,IT,211443,7187,8354,-1167,0.033990247962807946,0.03950946590806979,-0.0055192179452618435
2011,IT,222775,7515,8484,-969,0.03373358770059477,0.038083267871170466,-0.004349680170575693
2012,IT,233729,7798,9207,-1409,0.033363425163330185,0.03939177423426276,-0.0060283490709325755
2013,IT,244954,8424,10003,-1579,0.03439013039182867,0.04083623864072438,-0.006446108248895711
2014,IT,252922,9126,10067,-941,0.03608227042329255,0.03980278504835483,-0.003720514625062272
2015,IT,260881,9212,10584,-1372,0.03531111886262319,0.04057022167195005,-0.005259102809326858
2016,IT,267192,9586,11191,-1605,0.03587682265936106,0.041883739034102814,-0.006006916374741759
2017,IT,276251,9962,11521,-1559,0.036061407922505256,0.041704826407868205,-0.0056434184853629485
2018,IT,292771,10287,11744,-1457,0.035136676788343105,0.04011326258406741,-0.004976585795724304
2019,IT,308530,10497,11792,-1295,0.03402262340777234,0.03821994619648008,-0.004197322788707743
2020,IT,338276,11242,12073,-831,0.03323321784578273,0.035689791767669,-0.0024565739218862705
2021,IT,354069,11467,11915,-448,0.03238634277499584,0.03365163287381838,-0.001265290098822546
2022,IT,371126,11539,11120,419,0.03109186637422331,0.029962869753129666,0.0011289966210936448
2023,IT,381835,13121,13627,-506,0.03436301020074116,0.03568818992496759,-0.0013251797242264328
2024,IT,324573,13994,15019,-1025,0.04311510815748691,0.0462731034312774,-0.003157995273790488
2025,IT,242997,14874,16337,-1463,0.06121063223002753,0.06723128269073281,-0.006020650460705276
1998,JE,26,0,0,0,0.0,0.0,0.0
1999,JE,27,1,1,0,0.037037037037037035,0.037037037037037035,0.0
2000,JE,28,2,3,-1,0.07142857142857142,0.10714285714285714,-0.03571428571428571
2001,JE,22,2,4,-2,0.09090909090909091,0.18181818181818182,-0.09090909090909091
2002,JE,18,1,2,-1,0.05555555555555555,0.1111111111111111,-0.05555555555555555
2003,JE,21,3,1,2,0.14285714285714285,0.047619047619047616,0.09523809523809523
2004,JE,20,2,4,-2,0.1,0.2,-0.1
2005,JE,22,1,1,0,0.045454545454545456,0.045454545454545456,0.0
2006,JE,25,5,2,3,0.2,0.08,0.12
2007,JE,23,1,3,-2,0.043478260869565216,0.13043478260869565,-0.08695652173913043
2008,JE,25,2,6,-4,0.08,0.24,-0.16
2009,JE,23,3,3,0,0.13043478260869565,0.13043478260869565,0.0
2010,JE,23,2,4,-2,0.08695652173913043,0.17391304347826086,-0.08695652173913043
2011,JE,27,7,5,2,0.25925925925925924,0.18518518518518517,0.07407407407407407
2012,JE,28,4,4,0,0.14285714285714285,0.14285714285714285,0.0
2013,JE,23,3,4,-1,0.13043478260869565,0.17391304347826086,-0.043478260869565216
2014,JE,28,7,5,2,0.25,0.17857142857142858,0.07142857142857142
2015,JE,29,4,6,-2,0.13793103448275862,0.20689655172413793,-0.06896551724137931
2016,JE,33,6,4,2,0.18181818181818182,0.12121212121212122,0.06060606060606061
2017,JE,47,11,6,5,0.23404255319148937,0.1276595744680851,0.10638297872340426
2018,JE,48,10,3,7,0.20833333333333334,0.0625,0.14583333333333334
2019,JE,39,7,8,-1,0.1794871794871795,0.20512820512820512,-0.02564102564102564
2020,JE,39,3,6,-3,0.07692307692307693,0.15384615384615385,-0.07692307692307693
2021,JE,46,10,3,7,0.21739130434782608,0.06521739130434782,0.15217391304347827
2022,JE,55,6,8,-2,0.10909090909090909,0.14545454545454545,-0.03636363636363636
2023,JE,53,7,8,-1,0.1320754716981132,0.1509433962264151,-0.018867924528301886
2024,JE,54,12,6,6,0.2222222222222222,0.1111111111111111,0.1111111111111111
2025,JE,29,5,10,-5,0.1724137931034483,0.3448275862068966,-0.1724137931034483
1998,JM,438,0,0,0,0.0,0.0,0.0
1999,JM,445,20,16,4,0.0449438202247191,0.035955056179775284,0.008988764044943821
2000,JM,498,33,31,2,0.06626506024096386,0.06224899598393574,0.004016064257028112
2001,JM,502,33,33,0,0.06573705179282868,0.06573705179282868,0.0
2002,JM,547,45,51,-6,0.08226691042047532,0.09323583180987204,-0.010968921389396709
2003,JM,560,55,42,13,0.09821428571428571,0.075,0.023214285714285715
2004,JM,623,53,59,-6,0.08507223113964688,0.09470304975922954,-0.009630818619582664
2005,JM,664,41,65,-24,0.061746987951807226,0.09789156626506024,-0.03614457831325301
2006,JM,754,66,56,10,0.08753315649867374,0.07427055702917772,0.013262599469496022
2007,JM,807,66,72,-6,0.08178438661710037,0.08921933085501858,-0.007434944237918215
2008,JM,837,70,70,0,0.08363201911589008,0.08363201911589008,0.0
2009,JM,886,80,76,4,0.09029345372460497,0.08577878103837472,0.004514672686230248
2010,JM,917,63,93,-30,0.06870229007633588,0.10141766630316248,-0.03271537622682661
2011,JM,971,85,96,-11,0.08753861997940268,0.09886714727085479,-0.01132852729145211
2012,JM,1069,103,97,6,0.09635173058933583,0.09073900841908325,0.005612722170252572
2013,JM,1171,114,93,21,0.09735269000853972,0.07941929974380871,0.017933390264730998
2014,JM,1250,124,121,3,0.0992,0.0968,0.0024
2015,JM,1270,126,114,12,0.09921259842519685,0.08976377952755905,0.009448818897637795
2016,JM,1243,122,130,-8,0.09814963797264682,0.10458567980691874,-0.006436041834271922
2017,JM,1205,126,120,6,0.1045643153526971,0.0995850622406639,0.004979253112033195
2018,JM,1184,93,124,-31,0.0785472972972973,0.10472972972972973,-0.026182432432432432
2019,JM,1278,115,138,-23,0.08998435054773082,0.107981220657277,-0.017996870109546165
2020,JM,1328,120,149,-29,0.09036144578313253,0.11219879518072289,-0.021837349397590362
2021,JM,1420,142,128,14,0.1,0.09014084507042254,0.009859154929577466
2022,JM,1344,93,131,-38,0.06919642857142858,0.0974702380952381,-0.028273809523809524
2023,JM,1322,140,143,-3,0.1059001512859304,0.10816944024205749,-0.0022692889561270802
2024,JM,942,128,144,-16,0.13588110403397027,0.15286624203821655,-0.016985138004246284
2025,JM,524,125,179,-54,0.2385496183206107,0.3416030534351145,-0.10305343511450382
1998,JO,1404,0,0,0,0.0,0.0,0.0
1999,JO,1453,31,28,3,0.021335168616655197,0.019270474879559532,0.0020646937370956643
2000,JO,1579,35,36,-1,0.022165927802406588,0.022799240025332488,-0.0006333122229259025
2001,JO,1722,46,57,-11,0.026713124274099883,0.033101045296167246,-0.006387921022067364
2002,JO,1922,77,61,16,0.040062434963579606,0.03173777315296566,0.008324661810613945
2003,JO,2095,80,73,7,0.03818615751789976,0.03484486873508353,0.003341288782816229
2004,JO,2368,91,64,27,0.03842905405405406,0.02702702702702703,0.011402027027027027
2005,JO,2745,144,89,55,0.05245901639344262,0.03242258652094718,0.020036429872495445
2006,JO,3283,154,104,50,0.046908315565031986,0.031678342978982636,0.015229972586049346
2007,JO,3890,177,139,38,0.0455012853470437,0.03573264781491003,0.009768637532133676
2008,JO,4698,227,140,87,0.04831843337590464,0.02979991485738612,0.018518518518518517
2009,JO,5343,253,144,109,0.04735167508890137,0.02695115103874228,0.020400524050159085
2010,JO,6069,245,203,42,0.040369088811995385,0.03344867358708189,0.006920415224913495
2011,JO,6985,273,230,43,0.03908375089477452,0.0329277022190408,0.006156048675733715
2012,JO,8058,318,261,57,0.039463886820551006,0.03239017125837677,0.007073715562174236
2013,JO,8887,325,296,29,0.03657027118262631,0.03330707775402273,0.003263193428603578
2014,JO,9434,387,329,58,0.04102183591265635,0.03487386050455798,0.006147975408098368
2015,JO,10170,387,389,-2,0.03805309734513274,0.03824975417895772,-0.00019665683382497542
2016,JO,11365,468,371,97,0.04117905851297844,0.03264408271007479,0.008534975802903652
2017,JO,13510,470,413,57,0.03478904515173945,0.030569948186528497,0.004219096965210955
2018,JO,15992,527,448,79,0.03295397698849425,0.02801400700350175,0.004939969984992496
2019,JO,18542,651,519,132,0.03510948117786646,0.02799050803581059,0.007118973142055873
2020,JO,21683,679,651,28,0.03131485495549509,0.030023520730526217,0.0012913342249688696
2021,JO,24850,767,662,105,0.03086519114688129,0.02663983903420523,0.004225352112676056
2022,JO,28635,716,779,-63,0.0250043652872359,0.027204470054129563,-0.0022001047668936615
2023,JO,31878,921,949,-28,0.028891398456615848,0.029769747161051508,-0.000878348704435661
2024,JO,25569,1080,1004,76,0.042238648363252376,0.03926629903398647,0.002972349329265908
2025,JO,16726,1389,1265,124,0.08304436207102714,0.0756307545139304,0.007413607557096736
1998,JP,295927,0,0,0,0.0,0.0,0.0
1999,JP,304391,4512,4491,21,0.014823040103025386,0.014754049889779922,6.899021324546389e-05
2000,JP,333874,6483,6227,256,0.019417504807202716,0.01865074848595578,0.0007667563212469374
2001,JP,348581,7368,7573,-205,0.021137124513384262,0.021725223118873375,-0.0005880986054891115
2002,JP,360048,9137,8708,429,0.025377171932631205,0.024185664133671066,0.0011915077989601386
2003,JP,358002,8740,9679,-939,0.0244132714342378,0.027036161809151905,-0.002622890374914107
2004,JP,361689,9030,10228,-1198,0.02496620024385591,0.028278438105665365,-0.003312237861809455
2005,JP,366008,9728,10949,-1221,0.0265786540184914,0.02991464667438963,-0.003335992655898232
2006,JP,367897,10333,11650,-1317,0.028086665561284817,0.03166647186576678,-0.003579806304481961
2007,JP,371285,10163,11785,-1622,0.027372503602353986,0.03174111531572781,-0.004368611713373823
2008,JP,376070,10689,12427,-1738,0.02842289999202276,0.03304438003563166,-0.004621480043608903
2009,JP,381577,10972,12767,-1795,0.028754353642908247,0.03345851558138986,-0.004704161938481617
2010,JP,387664,10833,12466,-1633,0.027944302282388873,0.03215671302984027,-0.004212410747451401
2011,JP,395387,11307,12780,-1473,0.02859729834314229,0.032322762255714024,-0.0037254639125717335
2012,JP,402414,11370,13020,-1650,0.028254484187925866,0.03235473914923437,-0.0041002549613085035
2013,JP,408884,11754,13036,-1282,0.028746539360796707,0.03188190293579597,-0.0031353635749992665
2014,JP,413867,11814,13558,-1744,0.028545402266911834,0.032759316398746456,-0.004213914131834623
2015,JP,417880,11973,13697,-1724,0.028651766057241315,0.03277735234995693,-0.004125586292715612
2016,JP,421328,12402,14437,-2035,0.02943549918353397,0.034265465385637794,-0.004829966202103824
2017,JP,426075,13103,14024,-921,0.03075280173678343,0.03291439300592618,-0.0021615912691427567
2018,JP,433508,13589,13344,245,0.03134659567989518,0.030781438866180094,0.0005651568137150871
2019,JP,439574,13099,13784,-685,0.02979930569141942,0.03135763261703377,-0.0015583269256143448
2020,JP,454783,13360,13771,-411,0.029376647763878598,0.030280375475776358,-0.0009037277118977622
2021,JP,460864,12734,13259,-525,0.027630711012359394,0.028769875711706708,-0.001139164699347313
2022,JP,464952,11564,12194,-630,0.024871384573031195,0.026226363151465096,-0.001354978578433903
2023,JP,470042,12757,14384,-1627,0.027140127903463946,0.030601520715170135,-0.003461392811706188
2024,JP,387554,13855,15095,-1240,0.03574985679414998,0.03894941092080072,-0.0031995541266507375
2025,JP,277367,15612,16869,-1257,0.056286436382121885,0.060818338158468745,-0.0045319017763468614
1998,KE,2068,0,0,0,0.0,0.0,0.0
1999,KE,2690,52,61,-9,0.019330855018587362,0.02267657992565056,-0.003345724907063197
2000,KE,3240,97,88,9,0.029938271604938272,0.027160493827160494,0.002777777777777778
2001,KE,3556,141,135,6,0.03965129358830146,0.03796400449943757,0.001687289088863892
2002,KE,3831,174,153,21,0.04541895066562255,0.039937353171495694,0.00548159749412686
2003,KE,4035,177,182,-5,0.04386617100371747,0.04510532837670384,-0.0012391573729863693
2004,KE,4370,214,202,12,0.04897025171624714,0.04622425629290618,0.002745995423340961
2005,KE,4486,225,234,-9,0.05015604101649576,0.0521622826571556,-0.0020062416406598305
2006,KE,4775,237,284,-47,0.04963350785340314,0.059476439790575916,-0.009842931937172774
2007,KE,5161,274,276,-2,0.053090486339856614,0.05347800813795776,-0.00038752179810114316
2008,KE,5768,306,293,13,0.05305131761442441,0.05079750346740638,0.0022538141470180304
2009,KE,6635,321,343,-22,0.04837980406932931,0.05169555388093444,-0.0033157498116051245
2010,KE,7532,384,340,44,0.050982474774296335,0.04514073287307488,0.005841741901221455
2011,KE,8799,415,340,75,0.04716445050573929,0.03864075463120809,0.008523695874531197
2012,KE,10561,450,384,66,0.04260960136350724,0.036360193163526185,0.006249408199981063
2013,KE,12184,473,388,85,0.03882140512147078,0.03184504267892318,0.0069763624425476034
2014,KE,13693,590,469,121,0.0430877090484189,0.03425107719272621,0.00883663185569269
2015,KE,15025,620,559,61,0.04126455906821963,0.037204658901830286,0.004059900166389351
2016,KE,17030,630,627,3,0.0369935408103347,0.03681738109219025,0.00017615971814445098
2017,KE,19594,705,606,99,0.035980402163927734,0.030927835051546393,0.005052567112381341
2018,KE,22207,732,719,13,0.0329625793668663,0.03237717836718152,0.0005854009996847841
2019,KE,24783,830,745,85,0.033490699269660654,0.03006092886252673,0.0034297704071339224
2020,KE,27719,856,920,-64,0.030881344925863127,0.03319023052779682,-0.002308885601933692
2021,KE,30250,1005,941,64,0.03322314049586777,0.031107438016528925,0.002115702479338843
2022,KE,31803,847,852,-5,0.02663270760620067,0.02678992547872842,-0.00015721787252774894
2023,KE,33151,1041,1068,-27,0.03140176766915025,0.03221622273837893,-0.0008144550692286809
2024,KE,25281,1061,1196,-135,0.041968276571338156,0.0473082552114236,-0.00533997864008544
2025,KE,16290,1372,1331,41,0.08422344996930632,0.08170656844689994,0.002516881522406384
1998,KG,95,0,0,0,0.0,0.0,0.0
1999,KG,100,1,2,-1,0.01,0.02,-0.01
2000,KG,162,5,4,1,0.030864197530864196,0.024691358024691357,0.006172839506172839
2001,KG,145,4,5,-1,0.027586206896551724,0.034482758620689655,-0.006896551724137931
2002,KG,175,21,4,17,0.12,0.022857142857142857,0.09714285714285714
2003,KG,158,8,20,-12,0.05063291139240506,0.12658227848101267,-0.0759493670886076
2004,KG,198,10,13,-3,0.050505050505050504,0.06565656565656566,-0.015151515151515152
2005,KG,228,14,10,4,0.06140350877192982,0.043859649122807015,0.017543859649122806
2006,KG,248,14,11,3,0.056451612903225805,0.04435483870967742,0.012096774193548387
2007,KG,261,12,13,-1,0.04597701149425287,0.04980842911877394,-0.0038314176245210726
2008,KG,262,26,22,4,0.09923664122137404,0.08396946564885496,0.015267175572519083
2009,KG,284,22,22,0,0.07746478873239436,0.07746478873239436,0.0
2010,KG,324,25,20,5,0.07716049382716049,0.06172839506172839,0.015432098765432098
2011,KG,369,24,32,-8,0.06504065040650407,0.08672086720867209,-0.02168021680216802
2012,KG,414,23,27,-4,0.05555555555555555,0.06521739130434782,-0.00966183574879227
2013,KG,505,21,28,-7,0.041584158415841586,0.055445544554455446,-0.013861386138613862
2014,KG,688,36,30,6,0.05232558139534884,0.0436046511627907,0.00872093023255814
2015,KG,915,29,35,-6,0.03169398907103825,0.03825136612021858,-0.006557377049180328
2016,KG,1216,68,31,37,0.05592105263157895,0.02549342105263158,0.03042763157894737
2017,KG,1726,64,55,9,0.03707995365005794,0.03186558516801854,0.005214368482039398
2018,KG,2399,64,59,5,0.026677782409337224,0.024593580658607752,0.0020842017507294707
2019,KG,4068,95,69,26,0.02335299901671583,0.01696165191740413,0.006391347099311701
2020,KG,5099,102,107,-5,0.020003922337713278,0.020984506766032557,-0.0009805844283192783
2021,KG,5485,122,115,7,0.022242479489516864,0.020966271649954422,0.0012762078395624431
2022,KG,6110,113,95,18,0.01849427168576105,0.015548281505728314,0.0029459901800327334
2023,KG,7356,150,145,5,0.020391517128874388,0.019711799891245243,0.0006797172376291463
2024,KG,6299,217,185,32,0.0344499126845531,0.029369741228766472,0.005080171455786633
2025,KG,3992,287,199,88,0.0718937875751503,0.049849699398797596,0.022044088176352707
1998,KH,273,0,0,0,0.0,0.0,0.0
1999,KH,266,21,23,-2,0.07894736842105263,0.08646616541353383,-0.007518796992481203
2000,KH,296,32,42,-10,0.10810810810810811,0.14189189189189189,-0.033783783783783786
2001,KH,267,29,53,-24,0.10861423220973783,0.19850187265917604,-0.0898876404494382
2002,KH,324,30,53,-23,0.09259259259259259,0.16358024691358025,-0.07098765432098765
2003,KH,395,52,53,-1,0.13164556962025317,0.1341772151898734,-0.002531645569620253
2004,KH,508,70,56,14,0.1377952755905512,0.11023622047244094,0.027559055118110236
2005,KH,559,61,61,0,0.10912343470483005,0.10912343470483005,0.0
2006,KH,607,77,71,6,0.12685337726523888,0.11696869851729819,0.009884678747940691
2007,KH,589,60,89,-29,0.10186757215619695,0.15110356536502548,-0.04923599320882852
2008,KH,697,64,89,-25,0.09182209469153516,0.12769010043041606,-0.035868005738880916
2009,KH,774,68,85,-17,0.08785529715762273,0.10981912144702842,-0.021963824289405683
2010,KH,946,89,84,5,0.09408033826638477,0.08879492600422834,0.005285412262156448
2011,KH,1053,113,87,26,0.10731244064577398,0.08262108262108261,0.024691358024691357
2012,KH,1241,121,107,14,0.09750201450443191,0.0862207896857373,0.011281224818694601
2013,KH,1349,111,130,-19,0.08228317272053373,0.09636767976278725,-0.014084507042253521
2014,KH,1431,162,156,6,0.11320754716981132,0.1090146750524109,0.0041928721174004195
2015,KH,1504,174,154,20,0.11569148936170212,0.1023936170212766,0.013297872340425532
2016,KH,1605,145,152,-7,0.09034267912772585,0.09470404984423676,-0.004361370716510903
2017,KH,1776,137,168,-31,0.07713963963963964,0.0945945945945946,-0.017454954954954954
2018,KH,1968,211,168,43,0.10721544715447154,0.08536585365853659,0.02184959349593496
2019,KH,2255,218,221,-3,0.09667405764966741,0.09800443458980045,-0.0013303769401330377
2020,KH,2659,204,203,1,0.076720571643475,0.07634449040992855,0.000376081233546446
2021,KH,3292,234,225,9,0.07108140947752126,0.06834750911300122,0.0027339003645200487
2022,KH,4104,276,243,33,0.06725146198830409,0.05921052631578947,0.00804093567251462
2023,KH,4931,346,276,70,0.07016832285540459,0.05597241938754816,0.014195903467856418
2024,KH,3937,389,327,62,0.09880619761239523,0.08305816611633224,0.015748031496062992
2025,KH,2553,585,381,204,0.2291421856639248,0.1492361927144536,0.0799059929494712
2001,KI,2,0,0,0,0.0,0.0,0.0
2002,KI,2,0,0,0,0.0,0.0,0.0
2003,KI,2,0,0,0,0.0,0.0,0.0
2004,KI,4,0,0,0,0.0,0.0,0.0
2005,KI,7,0,0,0,0.0,0.0,0.0
2006,KI,8,0,0,0,0.0,0.0,0.0
2007,KI,4,2,0,2,0.5,0.0,0.5
2008,KI,2,0,0,0,0.0,0.0,0.0
2009,KI,4,0,0,0,0.0,0.0,0.0
2010,KI,7,0,0,0,0.0,0.0,0.0
2011,KI,13,1,0,1,0.07692307692307693,0.0,0.07692307692307693
2012,KI,31,1,0,1,0.03225806451612903,0.0,0.03225806451612903
2013,KI,31,0,1,-1,0.0,0.03225806451612903,-0.03225806451612903
2014,KI,36,0,0,0,0.0,0.0,0.0
2015,KI,28,0,0,0,0.0,0.0,0.0
2016,KI,37,0,2,-2,0.0,0.05405405405405406,-0.05405405405405406
2017,KI,33,0,1,-1,0.0,0.030303030303030304,-0.030303030303030304
2018,KI,46,1,2,-1,0.021739130434782608,0.043478260869565216,-0.021739130434782608
2019,KI,54,1,4,-3,0.018518518518518517,0.07407407407407407,-0.05555555555555555
2020,KI,58,3,3,0,0.05172413793103448,0.05172413793103448,0.0
2021,KI,55,2,0,2,0.03636363636363636,0.0,0.03636363636363636
2022,KI,61,5,3,2,0.08196721311475409,0.04918032786885246,0.03278688524590164
2023,KI,79,4,2,2,0.05063291139240506,0.02531645569620253,0.02531645569620253
2024,KI,57,1,3,-2,0.017543859649122806,0.05263157894736842,-0.03508771929824561
2025,KI,36,3,1,2,0.08333333333333333,0.027777777777777776,0.05555555555555555
1998,KN,17,0,0,0,0.0,0.0,0.0
1999,KN,17,2,1,1,0.11764705882352941,0.058823529411764705,0.058823529411764705
2000,KN,18,8,0,8,0.4444444444444444,0.0,0.4444444444444444
2001,KN,17,1,8,-7,0.058823529411764705,0.47058823529411764,-0.4117647058823529
2002,KN,27,4,2,2,0.14814814814814814,0.07407407407407407,0.07407407407407407
2003,KN,31,8,4,4,0.25806451612903225,0.12903225806451613,0.12903225806451613
2004,KN,26,4,7,-3,0.15384615384615385,0.2692307692307692,-0.11538461538461539
2005,KN,33,7,9,-2,0.21212121212121213,0.2727272727272727,-0.06060606060606061
2006,KN,46,6,8,-2,0.13043478260869565,0.17391304347826086,-0.043478260869565216
2007,KN,58,8,9,-1,0.13793103448275862,0.15517241379310345,-0.017241379310344827
2008,KN,67,14,5,9,0.208955223880597,0.07462686567164178,0.13432835820895522
2009,KN,67,8,13,-5,0.11940298507462686,0.19402985074626866,-0.07462686567164178
2010,KN,78,19,13,6,0.24358974358974358,0.16666666666666666,0.07692307692307693
2011,KN,106,15,13,2,0.14150943396226415,0.12264150943396226,0.018867924528301886
2012,KN,172,28,17,11,0.16279069767441862,0.09883720930232558,0.06395348837209303
2013,KN,209,28,32,-4,0.1339712918660287,0.15311004784688995,-0.019138755980861243
2014,KN,241,50,26,24,0.2074688796680498,0.1078838174273859,0.0995850622406639
2015,KN,248,49,35,14,0.1975806451612903,0.14112903225806453,0.056451612903225805
2016,KN,255,35,44,-9,0.13725490196078433,0.17254901960784313,-0.03529411764705882
2017,KN,294,39,40,-1,0.1326530612244898,0.1360544217687075,-0.003401360544217687
2018,KN,409,52,32,20,0.1271393643031785,0.07823960880195599,0.0488997555012225
2019,KN,467,65,54,11,0.139186295503212,0.11563169164882227,0.023554603854389723
2020,KN,519,71,64,7,0.13680154142581888,0.1233140655105973,0.01348747591522158
2021,KN,543,74,71,3,0.13627992633517497,0.13075506445672191,0.0055248618784530384
2022,KN,620,70,74,-4,0.11290322580645161,0.11935483870967742,-0.0064516129032258064
2023,KN,769,99,81,18,0.12873862158647595,0.10533159947984395,0.02340702210663199
2024,KN,693,169,125,44,0.24386724386724387,0.18037518037518038,0.06349206349206349
2025,KN,554,295,148,147,0.5324909747292419,0.26714801444043323,0.26534296028880866
1998,KP,10,0,0,0,0.0,0.0,0.0
1999,KP,12,1,1,0,0.08333333333333333,0.08333333333333333,0.0
2000,KP,14,0,3,-3,0.0,0.21428571428571427,-0.21428571428571427
2001,KP,18,5,2,3,0.2777777777777778,0.1111111111111111,0.16666666666666666
2002,KP,23,4,4,0,0.17391304347826086,0.17391304347826086,0.0
2003,KP,25,3,3,0,0.12,0.12,0.0
2004,KP,28,3,4,-1,0.10714285714285714,0.14285714285714285,-0.03571428571428571
2005,KP,29,5,9,-4,0.1724137931034483,0.3103448275862069,-0.13793103448275862
2006,KP,34,7,8,-1,0.20588235294117646,0.23529411764705882,-0.029411764705882353
2007,KP,29,1,7,-6,0.034482758620689655,0.2413793103448276,-0.20689655172413793
2008,KP,33,4,4,0,0.12121212121212122,0.12121212121212122,0.0
2009,KP,37,9,3,6,0.24324324324324326,0.08108108108108109,0.16216216216216217
2010,KP,53,3,6,-3,0.05660377358490566,0.11320754716981132,-0.05660377358490566
2011,KP,72,8,5,3,0.1111111111111111,0.06944444444444445,0.041666666666666664
2012,KP,79,7,9,-2,0.08860759493670886,0.11392405063291139,-0.02531645569620253
2013,KP,110,10,10,0,0.09090909090909091,0.09090909090909091,0.0
2014,KP,135,14,10,4,0.1037037037037037,0.07407407407407407,0.02962962962962963
2015,KP,150,9,12,-3,0.06,0.08,-0.02
2016,KP,162,15,10,5,0.09259259259259259,0.06172839506172839,0.030864197530864196
2017,KP,228,13,17,-4,0.05701754385964912,0.07456140350877193,-0.017543859649122806
2018,KP,337,25,19,6,0.07418397626112759,0.05637982195845697,0.017804154302670624
2019,KP,509,33,19,14,0.06483300589390963,0.03732809430255403,0.0275049115913556
2020,KP,602,39,20,19,0.06478405315614617,0.03322259136212625,0.03156146179401993
2021,KP,752,27,31,-4,0.03590425531914894,0.041223404255319146,-0.005319148936170213
2022,KP,871,51,33,18,0.05855338691159587,0.03788748564867968,0.02066590126291619
2023,KP,1248,80,52,28,0.0641025641025641,0.041666666666666664,0.022435897435897436
2024,KP,1019,80,36,44,0.07850834151128558,0.03532875368007851,0.04317958783120707
2025,KP,753,215,51,164,0.2855245683930943,0.06772908366533864,0.21779548472775564
1998,KR,66479,0,0,0,0.0,0.0,0.0
1999,KR,74718,951,872,79,0.012727856741347467,0.011670547926871704,0.0010573088144757623
2000,KR,93089,1532,1360,172,0.016457368754632662,0.014609674612467639,0.001847694142165025
2001,KR,106207,2112,1712,400,0.019885694916530926,0.0161194648187031,0.0037662300978278268
2002,KR,119778,2691,2532,159,0.022466563141812352,0.0211391073485949,0.0013274557932174522
2003,KR,126267,3344,2991,353,0.02648356260939121,0.02368789945116301,0.002795663158228199
2004,KR,139707,3692,3390,302,0.026426735954533417,0.02426506903734244,0.002161666917190978
2005,KR,153167,4282,4024,258,0.02795641358778327,0.026271977645315244,0.001684435942468025
2006,KR,165863,5233,4466,767,0.031550134749763356,0.026925836383039015,0.004624298366724345
2007,KR,175702,5342,4702,640,0.030403751807036916,0.026761220703236163,0.0036425311038007537
2008,KR,188053,5789,5354,435,0.03078387475871164,0.028470697090713787,0.0023131776679978515
2009,KR,203105,6111,5669,442,0.030087885576425985,0.027911671303020604,0.0021762142734053813
2010,KR,219663,6737,6228,509,0.030669707688595713,0.02835252181751137,0.002317185871084343
2011,KR,234019,7153,6808,345,0.030565894222264006,0.029091654951093716,0.0014742392711702896
2012,KR,242479,7772,7007,765,0.03205226019572829,0.028897347811563064,0.0031549123841652267
2013,KR,245118,7945,7456,489,0.032412960288514106,0.0304180027578554,0.001994957530658703
2014,KR,244808,8030,7521,509,0.0328012156465475,0.030722035227606942,0.0020791804189405575
2015,KR,242047,8211,7827,384,0.033923163683086344,0.032336694939412595,0.0015864687436737493
2016,KR,241017,8216,7934,282,0.03408888169714169,0.03291883974989316,0.0011700419472485343
2017,KR,239891,7924,8502,-578,0.033031668549466216,0.035441096164508044,-0.0024094276150418317
2018,KR,241588,8069,8611,-542,0.03339983774028511,0.03564332665529745,-0.002243488915012335
2019,KR,244259,8034,9017,-983,0.03289131618486934,0.03691573289008798,-0.004024416705218641
2020,KR,253349,8132,9535,-1403,0.032098014991178175,0.0376358304157506,-0.005537815424572428
2021,KR,262705,8594,9083,-489,0.032713499933385355,0.03457490340876649,-0.001861403475381131
2022,KR,272722,8141,8542,-401,0.029850910450935384,0.031321272211262755,-0.0014703617603273663
2023,KR,279138,10590,10522,68,0.037938224104206525,0.03769461699947696,0.0002436071047295603
2024,KR,230581,11550,12370,-820,0.05009085744272078,0.05364709147761524,-0.0035562340348944625
2025,KR,163628,13096,15238,-2142,0.08003520179920307,0.09312587087784487,-0.013090669078641797
1998,KW,1815,0,0,0,0.0,0.0,0.0
1999,KW,1828,41,41,0,0.022428884026258207,0.022428884026258207,0.0
2000,KW,1818,58,71,-13,0.0319031903190319,0.03905390539053905,-0.007150715071507151
2001,KW,1986,70,70,0,0.035246727089627394,0.035246727089627394,0.0
2002,KW,2018,72,89,-17,0.035678889990089196,0.04410307234886026,-0.00842418235877106
2003,KW,2119,86,73,13,0.04058518168947617,0.034450212364322795,0.006134969325153374
2004,KW,2240,100,80,20,0.044642857142857144,0.03571428571428571,0.008928571428571428
2005,KW,2449,138,83,55,0.05634953042057983,0.03389138423846468,0.022458146182115148
2006,KW,2704,135,124,11,0.04992603550295858,0.04585798816568047,0.0040680473372781065
2007,KW,2927,145,115,30,0.04953877690468056,0.039289374786470786,0.010249402118209771
2008,KW,3069,166,138,28,0.05408927989573151,0.044965786901270774,0.009123492994460736
2009,KW,3137,164,156,8,0.05227924768887472,0.04972904048453937,0.002550207204335352
2010,KW,3316,160,151,9,0.04825090470446321,0.045536791314837156,0.0027141133896260556
2011,KW,3522,162,185,-23,0.04599659284497445,0.052526973310618966,-0.00653038046564452
2012,KW,3761,197,180,17,0.052379686253655945,0.04785961180537091,0.00452007444828503
2013,KW,4138,215,189,26,0.05195746737554374,0.04567423876268729,0.006283228612856452
2014,KW,4349,253,210,43,0.05817429294090595,0.04828696252011957,0.009887330420786388
2015,KW,4774,356,253,103,0.07457059069962296,0.052995391705069124,0.021575198994553832
2016,KW,5083,338,287,51,0.06649616368286446,0.05646271886681094,0.010033444816053512
2017,KW,5738,334,300,34,0.0582084349947717,0.05228302544440572,0.0059254095503659815
2018,KW,6293,360,332,28,0.05720641983155887,0.05275703162243763,0.004449388209121246
2019,KW,6838,409,330,79,0.0598128107633811,0.048259725065808716,0.01155308569757239
2020,KW,7333,443,376,67,0.06041183690167735,0.05127505795717987,0.009136778944497477
2021,KW,7879,449,412,37,0.056986927275034904,0.05229089986038837,0.004696027414646529
2022,KW,8511,502,437,65,0.05898249324403713,0.05134531782399248,0.007637175420044648
2023,KW,9165,519,565,-46,0.05662847790507365,0.06164757228587016,-0.005019094380796508
2024,KW,7398,607,610,-3,0.08204920248715869,0.08245471749121384,-0.00040551500405515005
2025,KW,4855,766,750,16,0.15777548918640577,0.15447991761071062,0.0032955715756951597
1998,KY,23,0,0,0,0.0,0.0,0.0
1999,KY,34,0,0,0,0.0,0.0,0.0
2000,KY,35,4,0,4,0.11428571428571428,0.0,0.11428571428571428
2001,KY,29,1,2,-1,0.034482758620689655,0.06896551724137931,-0.034482758620689655
2002,KY,23,1,5,-4,0.043478260869565216,0.21739130434782608,-0.17391304347826086
2003,KY,24,0,1,-1,0.0,0.041666666666666664,-0.041666666666666664
2004,KY,23,2,4,-2,0.08695652173913043,0.17391304347826086,-0.08695652173913043
2005,KY,27,3,4,-1,0.1111111111111111,0.14814814814814814,-0.037037037037037035
2006,KY,42,3,2,1,0.07142857142857142,0.047619047619047616,0.023809523809523808
2007,KY,51,7,4,3,0.13725490196078433,0.0784313725490196,0.058823529411764705
2008,KY,57,8,5,3,0.14035087719298245,0.08771929824561403,0.05263157894736842
2009,KY,72,12,4,8,0.16666666666666666,0.05555555555555555,0.1111111111111111
2010,KY,75,9,5,4,0.12,0.06666666666666667,0.05333333333333334
2011,KY,80,14,8,6,0.175,0.1,0.075
2012,KY,65,8,12,-4,0.12307692307692308,0.18461538461538463,-0.06153846153846154
2013,KY,67,10,11,-1,0.14925373134328357,0.16417910447761194,-0.014925373134328358
2014,KY,64,11,11,0,0.171875,0.171875,0.0
2015,KY,95,12,9,3,0.12631578947368421,0.09473684210526316,0.031578947368421054
2016,KY,109,16,13,3,0.14678899082568808,0.11926605504587157,0.027522935779816515
2017,KY,114,14,15,-1,0.12280701754385964,0.13157894736842105,-0.008771929824561403
2018,KY,102,16,18,-2,0.1568627450980392,0.17647058823529413,-0.0196078431372549
2019,KY,123,18,11,7,0.14634146341463414,0.08943089430894309,0.056910569105691054
2020,KY,142,36,25,11,0.2535211267605634,0.176056338028169,0.07746478873239436
2021,KY,190,42,22,20,0.22105263157894736,0.11578947368421053,0.10526315789473684
2022,KY,196,40,32,8,0.20408163265306123,0.16326530612244897,0.04081632653061224
2023,KY,262,70,33,37,0.26717557251908397,0.12595419847328243,0.14122137404580154
2024,KY,180,26,73,-47,0.14444444444444443,0.40555555555555556,-0.2611111111111111
2025,KY,157,63,33,30,0.4012738853503185,0.21019108280254778,0.1910828025477707
1998,KZ,686,0,0,0,0.0,0.0,0.0
1999,KZ,845,28,33,-5,0.033136094674556214,0.03905325443786982,-0.005917159763313609
2000,KZ,968,35,41,-6,0.03615702479338843,0.042355371900826444,-0.006198347107438017
2001,KZ,1123,52,55,-3,0.04630454140694568,0.048975957257346395,-0.0026714158504007124
2002,KZ,1164,60,49,11,0.05154639175257732,0.04209621993127148,0.009450171821305841
2003,KZ,1212,61,79,-18,0.05033003300330033,0.06518151815181518,-0.01485148514851485
2004,KZ,1246,97,79,18,0.07784911717495988,0.06340288924558588,0.014446227929373997
2005,KZ,1414,96,94,2,0.06789250353606789,0.06647807637906648,0.0014144271570014145
2006,KZ,1618,98,110,-12,0.06056860321384425,0.06798516687268233,-0.007416563658838072
2007,KZ,1848,136,120,16,0.0735930735930736,0.06493506493506493,0.008658008658008658
2008,KZ,1995,139,168,-29,0.06967418546365915,0.08421052631578947,-0.014536340852130326
2009,KZ,2150,124,139,-15,0.05767441860465116,0.06465116279069767,-0.0069767441860465115
2010,KZ,2634,158,156,2,0.05998481397114654,0.05922551252847381,0.0007593014426727411
2011,KZ,3802,192,195,-3,0.05049973698053656,0.05128879537085744,-0.0007890583903208837
2012,KZ,5758,202,188,14,0.035081625564432097,0.03265022577283779,0.0024313997915943034
2013,KZ,8355,287,198,89,0.034350688210652305,0.0236983842010772,0.010652304009575104
2014,KZ,10382,363,313,50,0.03496436139472164,0.030148333654401848,0.004816027740319784
2015,KZ,12064,380,344,36,0.03149867374005305,0.028514588859416445,0.0029840848806366046
2016,KZ,14029,498,414,84,0.0354978972129161,0.029510300092665195,0.005987597120250909
2017,KZ,17149,537,456,81,0.03131377922910957,0.02659047174762377,0.004723307481485801
2018,KZ,21868,616,574,42,0.028169014084507043,0.026248399487836107,0.0019206145966709346
2019,KZ,27409,773,678,95,0.02820241526505892,0.024736400452406142,0.0034660148126527783
2020,KZ,34816,889,888,1,0.025534237132352942,0.025505514705882353,2.8722426470588235e-05
2021,KZ,41056,1010,928,82,0.02460054559625877,0.02260327357755261,0.0019972720187061573
2022,KZ,46531,1133,903,230,0.024349358492188004,0.01940641722722486,0.004942941264963143
2023,KZ,50737,1423,1287,136,0.028046593215996216,0.025366103632457577,0.0026804895835386405
2024,KZ,39917,1661,1556,105,0.04161134353784102,0.03898088533707443,0.002630458200766591
2025,KZ,25972,2053,1837,216,0.07904666563991991,0.07073001694132142,0.008316648698598491
1998,LA,78,0,0,0,0.0,0.0,0.0
1999,LA,83,8,11,-3,0.0963855421686747,0.13253012048192772,-0.03614457831325301
2000,LA,91,9,11,-2,0.0989010989010989,0.12087912087912088,-0.02197802197802198
2001,LA,117,11,9,2,0.09401709401709402,0.07692307692307693,0.017094017094017096
2002,LA,135,18,11,7,0.13333333333333333,0.08148148148148149,0.05185185185185185
2003,LA,161,20,24,-4,0.12422360248447205,0.14906832298136646,-0.024844720496894408
2004,LA,184,23,16,7,0.125,0.08695652173913043,0.03804347826086957
2005,LA,219,21,22,-1,0.0958904109589041,0.1004566210045662,-0.0045662100456621
2006,LA,253,23,27,-4,0.09090909090909091,0.1067193675889328,-0.015810276679841896
2007,LA,275,18,29,-11,0.06545454545454546,0.10545454545454545,-0.04
2008,LA,312,32,23,9,0.10256410256410256,0.07371794871794872,0.028846153846153848
2009,LA,337,36,20,16,0.10682492581602374,0.05934718100890208,0.04747774480712166
2010,LA,373,36,43,-7,0.09651474530831099,0.11528150134048257,-0.01876675603217158
2011,LA,432,43,36,7,0.09953703703703703,0.08333333333333333,0.016203703703703703
2012,LA,500,51,34,17,0.102,0.068,0.034
2013,LA,598,62,59,3,0.10367892976588629,0.09866220735785954,0.005016722408026756
2014,LA,602,53,75,-22,0.08803986710963455,0.12458471760797342,-0.036544850498338874
2015,LA,650,87,60,27,0.13384615384615384,0.09230769230769231,0.04153846153846154
2016,LA,696,85,56,29,0.1221264367816092,0.08045977011494253,0.041666666666666664
2017,LA,764,64,78,-14,0.08376963350785341,0.10209424083769633,-0.01832460732984293
2018,LA,883,89,71,18,0.10079275198187995,0.08040770101925254,0.020385050962627407
2019,LA,951,101,97,4,0.10620399579390116,0.10199789695057834,0.004206098843322818
2020,LA,1042,123,102,21,0.118042226487524,0.09788867562380038,0.02015355086372361
2021,LA,1194,127,111,16,0.10636515912897822,0.09296482412060302,0.01340033500837521
2022,LA,1567,156,85,71,0.09955328653477984,0.054243777919591576,0.04530950861518826
2023,LA,1940,160,166,-6,0.08247422680412371,0.08556701030927835,-0.003092783505154639
2024,LA,1638,194,165,29,0.11843711843711843,0.10073260073260074,0.017704517704517704
2025,LA,1056,218,174,44,0.20643939393939395,0.16477272727272727,0.041666666666666664
1998,LB,1042,0,0,0,0.0,0.0,0.0
1999,LB,1264,46,29,17,0.03639240506329114,0.022943037974683545,0.013449367088607595
2000,LB,1443,77,48,29,0.05336105336105336,0.033264033264033266,0.020097020097020097
2001,LB,1622,69,68,1,0.04254007398273736,0.04192355117139334,0.0006165228113440197
2002,LB,1870,88,85,3,0.047058823529411764,0.045454545454545456,0.0016042780748663102
2003,LB,2195,139,90,49,0.0633257403189066,0.04100227790432802,0.02232346241457859
2004,LB,2490,129,100,29,0.051807228915662654,0.040160642570281124,0.011646586345381526
2005,LB,2704,154,137,17,0.05695266272189349,0.05066568047337278,0.00628698224852071
2006,LB,2996,193,170,23,0.0644192256341789,0.056742323097463285,0.007676902536715621
2007,LB,3134,180,200,-20,0.0574345883854499,0.06381620931716656,-0.006381620931716656
2008,LB,3318,221,213,8,0.06660638939119952,0.06419529837251356,0.0024110910186859553
2009,LB,3612,227,276,-49,0.06284606866002215,0.07641196013289037,-0.013565891472868217
2010,LB,4052,243,263,-20,0.059970384995064165,0.06490621915103653,-0.004935834155972359
2011,LB,4734,351,254,97,0.0741444866920152,0.05365441487114491,0.0204900718208703
2012,LB,5511,392,323,69,0.07113046634004717,0.05861005262202867,0.012520413718018509
2013,LB,6286,427,334,93,0.06792873051224944,0.053133948456888326,0.01479478205536112
2014,LB,7025,483,441,42,0.06875444839857651,0.06277580071174377,0.00597864768683274
2015,LB,7874,536,480,56,0.0680721361442723,0.06096012192024384,0.007112014224028448
2016,LB,8966,549,519,30,0.06123131831362927,0.05788534463528887,0.0033459736783403972
2017,LB,10359,635,497,138,0.061299353219422724,0.04797760401583164,0.01332174920359108
2018,LB,11702,691,576,115,0.05904973508801914,0.0492223551529653,0.009827379935053837
2019,LB,12792,726,660,66,0.05675422138836773,0.051594746716697934,0.005159474671669793
2020,LB,13601,733,792,-59,0.0538930960958753,0.05823101242555694,-0.004337916329681641
2021,LB,14068,800,930,-130,0.05686664771111743,0.06610747796417402,-0.009240830253056583
2022,LB,14491,644,1086,-442,0.044441377406666205,0.07494306811124146,-0.030501690704575254
2023,LB,15647,822,1301,-479,0.05253403208282738,0.08314692912379369,-0.03061289704096632
2024,LB,12580,965,1235,-270,0.07670906200317965,0.09817170111287758,-0.021462639109697933
2025,LB,8491,1203,1246,-43,0.14167942527381933,0.14674361088211046,-0.005064185608291132
1998,LC,1,0,0,0,0.0,0.0,0.0
1999,LC,1,0,0,0,0.0,0.0,0.0
2000,LC,3,0,0,0,0.0,0.0,0.0
2001,LC,6,0,0,0,0.0,0.0,0.0
2002,LC,7,0,0,0,0.0,0.0,0.0
2003,LC,5,0,1,-1,0.0,0.2,-0.2
2004,LC,2,0,0,0,0.0,0.0,0.0
2005,LC,3,0,0,0,0.0,0.0,0.0
2006,LC,3,0,0,0,0.0,0.0,0.0
2007,LC,5,1,0,1,0.2,0.0,0.2
2008,LC,8,2,0,2,0.25,0.0,0.25
2009,LC,9,1,0,1,0.1111111111111111,0.0,0.1111111111111111
2010,LC,12,2,2,0,0.16666666666666666,0.16666666666666666,0.0
2011,LC,14,1,1,0,0.07142857142857142,0.07142857142857142,0.0
2012,LC,18,3,3,0,0.16666666666666666,0.16666666666666666,0.0
2013,LC,18,4,2,2,0.2222222222222222,0.1111111111111111,0.1111111111111111
2014,LC,24,3,0,3,0.125,0.0,0.125
2015,LC,33,5,6,-1,0.15151515151515152,0.18181818181818182,-0.030303030303030304
2016,LC,56,6,1,5,0.10714285714285714,0.017857142857142856,0.08928571428571429
2017,LC,67,6,4,2,0.08955223880597014,0.05970149253731343,0.029850746268656716
2018,LC,80,8,5,3,0.1,0.0625,0.0375
2019,LC,72,5,4,1,0.06944444444444445,0.05555555555555555,0.013888888888888888
2020,LC,96,8,2,6,0.08333333333333333,0.020833333333333332,0.0625
2021,LC,151,12,11,1,0.07947019867549669,0.0728476821192053,0.006622516556291391
2022,LC,169,14,16,-2,0.08284023668639054,0.09467455621301775,-0.011834319526627219
2023,LC,181,20,33,-13,0.11049723756906077,0.18232044198895028,-0.0718232044198895
2024,LC,114,14,22,-8,0.12280701754385964,0.19298245614035087,-0.07017543859649122
2025,LC,73,28,27,1,0.3835616438356164,0.3698630136986301,0.0136986301369863
1998,LI,83,0,0,0,0.0,0.0,0.0
1999,LI,101,5,1,4,0.04950495049504951,0.009900990099009901,0.039603960396039604
2000,LI,97,11,4,7,0.1134020618556701,0.041237113402061855,0.07216494845360824
2001,LI,84,5,3,2,0.05952380952380952,0.03571428571428571,0.023809523809523808
2002,LI,96,13,12,1,0.13541666666666666,0.125,0.010416666666666666
2003,LI,95,5,10,-5,0.05263157894736842,0.10526315789473684,-0.05263157894736842
2004,LI,122,15,8,7,0.12295081967213115,0.06557377049180328,0.05737704918032787
2005,LI,127,13,15,-2,0.10236220472440945,0.11811023622047244,-0.015748031496062992
2006,LI,154,24,6,18,0.15584415584415584,0.03896103896103896,0.11688311688311688
2007,LI,158,23,15,8,0.14556962025316456,0.0949367088607595,0.05063291139240506
2008,LI,141,17,15,2,0.12056737588652482,0.10638297872340426,0.014184397163120567
2009,LI,164,21,13,8,0.12804878048780488,0.07926829268292683,0.04878048780487805
2010,LI,180,24,19,5,0.13333333333333333,0.10555555555555556,0.027777777777777776
2011,LI,197,26,30,-4,0.1319796954314721,0.15228426395939088,-0.02030456852791878
2012,LI,215,26,17,9,0.12093023255813953,0.07906976744186046,0.04186046511627907
2013,LI,231,25,21,4,0.10822510822510822,0.09090909090909091,0.017316017316017316
2014,LI,260,36,21,15,0.13846153846153847,0.08076923076923077,0.057692307692307696
2015,LI,264,32,35,-3,0.12121212121212122,0.13257575757575757,-0.011363636363636364
2016,LI,264,44,22,22,0.16666666666666666,0.08333333333333333,0.08333333333333333
2017,LI,249,22,33,-11,0.08835341365461848,0.13253012048192772,-0.04417670682730924
2018,LI,268,31,33,-2,0.11567164179104478,0.12313432835820895,-0.007462686567164179
2019,LI,280,38,34,4,0.1357142857142857,0.12142857142857143,0.014285714285714285
2020,LI,329,50,21,29,0.1519756838905775,0.06382978723404255,0.08814589665653495
2021,LI,397,32,46,-14,0.08060453400503778,0.11586901763224182,-0.03526448362720403
2022,LI,436,55,34,21,0.12614678899082568,0.0779816513761468,0.0481651376146789
2023,LI,461,90,41,49,0.19522776572668113,0.08893709327548807,0.10629067245119306
2024,LI,307,44,60,-16,0.14332247557003258,0.19543973941368079,-0.05211726384364821
2025,LI,223,42,28,14,0.18834080717488788,0.12556053811659193,0.06278026905829596
1998,LK,1062,0,0,0,0.0,0.0,0.0
1999,LK,1138,47,49,-2,0.04130052724077329,0.04305799648506151,-0.0017574692442882249
2000,LK,1200,65,60,5,0.05416666666666667,0.05,0.004166666666666667
2001,LK,1360,91,78,13,0.06691176470588235,0.057352941176470586,0.009558823529411765
2002,LK,1435,87,107,-20,0.06062717770034843,0.07456445993031359,-0.013937282229965157
2003,LK,1711,111,97,14,0.06487434248977206,0.05669199298655757,0.008182349503214495
2004,LK,2076,144,132,12,0.06936416184971098,0.06358381502890173,0.005780346820809248
2005,LK,2392,133,172,-39,0.05560200668896321,0.07190635451505016,-0.016304347826086956
2006,LK,2953,176,139,37,0.059600406366407045,0.047070775482560105,0.012529630883846935
2007,LK,3717,196,169,27,0.05273069679849341,0.045466774280333605,0.007263922518159807
2008,LK,4519,219,231,-12,0.048462049125912815,0.051117503872538175,-0.0026554547466253594
2009,LK,5517,322,250,72,0.05836505347108936,0.045314482508609755,0.013050570962479609
2010,LK,6405,285,317,-32,0.04449648711943794,0.04949258391881343,-0.004996096799375488
2011,LK,7422,299,314,-15,0.040285637294529775,0.042306655887900835,-0.002021018593371059
2012,LK,8191,371,363,8,0.04529361494323037,0.04431693321938713,0.0009766817238432426
2013,LK,9287,348,388,-40,0.037471734682890064,0.04177883062345214,-0.004307095940562076
2014,LK,10177,382,362,20,0.037535619534243884,0.03557040385182274,0.001965215682421146
2015,LK,11536,430,425,5,0.037274618585298194,0.03684119278779473,0.00043342579750346743
2016,LK,13023,450,445,5,0.03455425017277125,0.034170314059740456,0.0003839361130307917
2017,LK,15055,473,505,-32,0.03141813351046164,0.033543673198273,-0.0021255396878113583
2018,LK,17396,481,522,-41,0.027650034490687515,0.030006898137502874,-0.00235686364681536
2019,LK,21178,549,556,-7,0.025923127774105204,0.026253659457928038,-0.000330531683822835
2020,LK,24236,698,632,66,0.02880013203498927,0.026076910381251033,0.0027232216537382407
2021,LK,26144,785,715,70,0.030026009791921663,0.027348531211750307,0.0026774785801713585
2022,LK,24950,548,756,-208,0.021963927855711423,0.030300601202404808,-0.008336673346693387
2023,LK,26635,722,1034,-312,0.0271071897878731,0.03882110005631688,-0.011713910268443777
2024,LK,20049,852,1094,-242,0.0424958850815502,0.054566312534290985,-0.012070427452740786
2025,LK,13207,1187,1209,-22,0.08987658060119634,0.09154236389793291,-0.001665783296736579
1998,LR,26,0,0,0,0.0,0.0,0.0
1999,LR,53,0,0,0,0.0,0.0,0.0
2000,LR,75,0,1,-1,0.0,0.013333333333333334,-0.013333333333333334
2001,LR,59,0,2,-2,0.0,0.03389830508474576,-0.03389830508474576
2002,LR,63,3,1,2,0.047619047619047616,0.015873015873015872,0.031746031746031744
2003,LR,75,5,3,2,0.06666666666666667,0.04,0.02666666666666667
2004,LR,83,5,2,3,0.060240963855421686,0.024096385542168676,0.03614457831325301
2005,LR,81,5,5,0,0.06172839506172839,0.06172839506172839,0.0
2006,LR,88,6,7,-1,0.06818181818181818,0.07954545454545454,-0.011363636363636364
2007,LR,108,2,6,-4,0.018518518518518517,0.05555555555555555,-0.037037037037037035
2008,LR,128,14,2,12,0.109375,0.015625,0.09375
2009,LR,129,11,7,4,0.08527131782945736,0.05426356589147287,0.031007751937984496
2010,LR,130,6,6,0,0.046153846153846156,0.046153846153846156,0.0
2011,LR,141,7,14,-7,0.04964539007092199,0.09929078014184398,-0.04964539007092199
2012,LR,147,13,6,7,0.08843537414965986,0.04081632653061224,0.047619047619047616
2013,LR,183,7,9,-2,0.03825136612021858,0.04918032786885246,-0.01092896174863388
2014,LR,200,7,5,2,0.035,0.025,0.01
2015,LR,244,21,12,9,0.0860655737704918,0.04918032786885246,0.036885245901639344
2016,LR,295,32,10,22,0.10847457627118644,0.03389830508474576,0.07457627118644068
2017,LR,360,36,21,15,0.1,0.058333333333333334,0.041666666666666664
2018,LR,345,30,24,6,0.08695652173913043,0.06956521739130435,0.017391304347826087
2019,LR,396,38,26,12,0.09595959595959595,0.06565656565656566,0.030303030303030304
2020,LR,478,21,43,-22,0.043933054393305436,0.0899581589958159,-0.04602510460251046
2021,LR,550,29,29,0,0.05272727272727273,0.05272727272727273,0.0
2022,LR,605,40,29,11,0.06611570247933884,0.047933884297520664,0.01818181818181818
2023,LR,565,39,29,10,0.06902654867256637,0.05132743362831858,0.017699115044247787
2024,LR,445,45,41,4,0.10112359550561797,0.09213483146067415,0.008988764044943821
2025,LR,240,43,44,-1,0.17916666666666667,0.18333333333333332,-0.004166666666666667
1998,LS,43,0,0,0,0.0,0.0,0.0
1999,LS,56,0,0,0,0.0,0.0,0.0
2000,LS,75,1,1,0,0.013333333333333334,0.013333333333333334,0.0
2001,LS,70,1,3,-2,0.014285714285714285,0.04285714285714286,-0.02857142857142857
2002,LS,77,3,2,1,0.03896103896103896,0.025974025974025976,0.012987012987012988
2003,LS,68,2,3,-1,0.029411764705882353,0.04411764705882353,-0.014705882352941176
2004,LS,79,1,3,-2,0.012658227848101266,0.0379746835443038,-0.02531645569620253
2005,LS,97,1,2,-1,0.010309278350515464,0.020618556701030927,-0.010309278350515464
2006,LS,121,7,4,3,0.05785123966942149,0.03305785123966942,0.024793388429752067
2007,LS,121,4,3,1,0.03305785123966942,0.024793388429752067,0.008264462809917356
2008,LS,137,7,3,4,0.051094890510948905,0.021897810218978103,0.029197080291970802
2009,LS,145,6,7,-1,0.041379310344827586,0.04827586206896552,-0.006896551724137931
2010,LS,169,6,8,-2,0.03550295857988166,0.047337278106508875,-0.011834319526627219
2011,LS,162,4,11,-7,0.024691358024691357,0.06790123456790123,-0.043209876543209874
2012,LS,184,4,7,-3,0.021739130434782608,0.03804347826086957,-0.016304347826086956
2013,LS,224,8,7,1,0.03571428571428571,0.03125,0.004464285714285714
2014,LS,225,12,7,5,0.05333333333333334,0.03111111111111111,0.022222222222222223
2015,LS,220,4,12,-8,0.01818181818181818,0.05454545454545454,-0.03636363636363636
2016,LS,214,6,9,-3,0.028037383177570093,0.04205607476635514,-0.014018691588785047
2017,LS,233,11,11,0,0.04721030042918455,0.04721030042918455,0.0
2018,LS,289,14,10,4,0.04844290657439446,0.03460207612456748,0.01384083044982699
2019,LS,358,19,8,11,0.05307262569832402,0.0223463687150838,0.030726256983240222
2020,LS,434,23,21,2,0.052995391705069124,0.04838709677419355,0.004608294930875576
2021,LS,487,25,24,1,0.0513347022587269,0.049281314168377825,0.002053388090349076
2022,LS,526,25,16,9,0.04752851711026616,0.030418250950570342,0.017110266159695818
2023,LS,582,33,24,9,0.05670103092783505,0.041237113402061855,0.015463917525773196
2024,LS,443,21,26,-5,0.04740406320541761,0.05869074492099323,-0.011286681715575621
2025,LS,288,41,18,23,0.1423611111111111,0.0625,0.0798611111111111
1998,LT,1752,0,0,0,0.0,0.0,0.0
1999,LT,1961,45,21,24,0.022947475777664456,0.010708822029576747,0.01223865374808771
2000,LT,2410,42,49,-7,0.017427385892116183,0.02033195020746888,-0.002904564315352697
2001,LT,2972,63,64,-1,0.0211978465679677,0.021534320323014805,-0.00033647375504710633
2002,LT,3661,70,97,-27,0.019120458891013385,0.026495493034689975,-0.007375034143676591
2003,LT,4201,121,79,42,0.028802666031897167,0.01880504641751964,0.009997619614377529
2004,LT,4705,86,125,-39,0.018278427205100957,0.026567481402763018,-0.008289054197662061
2005,LT,4957,148,90,58,0.029856768206576557,0.018156142828323583,0.011700625378252975
2006,LT,5189,110,135,-25,0.021198689535555985,0.026016573520909615,-0.004817883985353632
2007,LT,5471,121,128,-7,0.02211661487845001,0.023396088466459512,-0.0012794735880095047
2008,LT,6091,143,174,-31,0.023477261533409947,0.028566737809883433,-0.0050894762764734855
2009,LT,6964,139,150,-11,0.019959793222286044,0.0215393452039058,-0.0015795519816197588
2010,LT,8221,232,169,63,0.028220411142196814,0.02055710984065199,0.007663301301544824
2011,LT,9452,263,131,132,0.02782479898434194,0.013859500634786288,0.01396529834955565
2012,LT,10954,242,150,92,0.022092386342888442,0.013693627898484571,0.00839875844440387
2013,LT,12006,231,193,38,0.01924037981009495,0.016075295685490588,0.0031650841246043645
2014,LT,12656,234,160,74,0.018489254108723135,0.012642225031605562,0.005847029077117573
2015,LT,12808,227,221,6,0.017723297938788258,0.01725484072454716,0.00046845721424109934
2016,LT,13210,257,232,25,0.019454958364875093,0.017562452687358062,0.0018925056775170325
2017,LT,13711,281,285,-4,0.020494493472394428,0.020786230034279048,-0.00029173656188461817
2018,LT,14177,306,330,-24,0.021584256189602878,0.023277139028003102,-0.0016928828384002257
2019,LT,14413,349,351,-2,0.02421425102338167,0.024353014639561507,-0.00013876361617983765
2020,LT,15224,373,396,-23,0.02450078822911193,0.02601156069364162,-0.00151077246452969
2021,LT,15675,368,357,11,0.023476874003189794,0.02277511961722488,0.0007017543859649122
2022,LT,16312,390,351,39,0.023908778813143697,0.02151790093182933,0.0023908778813143696
2023,LT,16792,395,407,-12,0.023523106241067175,0.024237732253454027,-0.0007146260123868509
2024,LT,13582,412,342,70,0.030334265940214992,0.025180385804741568,0.005153880135473421
2025,LT,9362,576,400,176,0.06152531510361034,0.04272591326639607,0.01879940183721427
1998,LU,442,0,0,0,0.0,0.0,0.0
1999,LU,576,27,20,7,0.046875,0.034722222222222224,0.012152777777777778
2000,LU,677,44,39,5,0.06499261447562776,0.05760709010339734,0.007385524372230428
2001,LU,754,56,52,4,0.07427055702917772,0.06896551724137931,0.005305039787798408
2002,LU,801,86,80,6,0.10736579275905118,0.09987515605493133,0.00749063670411985
2003,LU,863,61,87,-26,0.07068366164542295,0.10081112398609501,-0.030127462340672075
2004,LU,1060,115,82,33,0.10849056603773585,0.07735849056603773,0.031132075471698113
2005,LU,1234,115,99,16,0.09319286871961102,0.08022690437601297,0.012965964343598054
2006,LU,1451,176,110,66,0.12129565816678153,0.07580978635423846,0.04548587181254307
2007,LU,1708,217,147,70,0.12704918032786885,0.0860655737704918,0.040983606557377046
2008,LU,1945,219,205,14,0.11259640102827763,0.10539845758354756,0.0071979434447300775
2009,LU,2250,260,169,91,0.11555555555555555,0.07511111111111111,0.04044444444444444
2010,LU,2557,336,217,119,0.13140398904966757,0.08486507626124365,0.04653891278842393
2011,LU,2741,331,248,83,0.12075884713608172,0.09047792776358993,0.03028091937249179
2012,LU,3004,398,292,106,0.13249001331557922,0.09720372836218376,0.035286284953395475
2013,LU,3199,423,316,107,0.13222882150672086,0.09878086902156924,0.03344795248515161
2014,LU,3411,409,358,51,0.11990618586924656,0.1049545587804163,0.014951627088830254
2015,LU,3653,462,301,161,0.12647139337530797,0.0823980290172461,0.04407336435806187
2016,LU,3784,470,388,82,0.12420718816067654,0.10253699788583509,0.021670190274841437
2017,LU,3932,476,396,80,0.12105798575788403,0.10071210579857579,0.02034587995930824
2018,LU,4096,471,405,66,0.114990234375,0.098876953125,0.01611328125
2019,LU,4219,476,452,24,0.11282294382555108,0.1071343920360275,0.005688551789523584
2020,LU,4492,510,469,41,0.11353517364203028,0.10440783615316118,0.0091273374888691
2021,LU,4853,608,437,171,0.12528332989903151,0.09004739336492891,0.03523593653410262
2022,LU,5035,619,440,179,0.12293942403177756,0.08738828202581926,0.03555114200595829
2023,LU,5590,640,479,161,0.11449016100178891,0.08568872987477638,0.02880143112701252
2024,LU,4757,611,487,124,0.12844229556443137,0.10237544671011141,0.026066848854319948
2025,LU,3544,712,507,205,0.20090293453724606,0.143058690744921,0.057844243792325056
1998,LV,1255,0,0,0,0.0,0.0,0.0
1999,LV,1329,37,35,2,0.02784048156508653,0.02633559066967645,0.0015048908954100827
2000,LV,1436,48,52,-4,0.033426183844011144,0.036211699164345405,-0.002785515320334262
2001,LV,1510,58,69,-11,0.038410596026490065,0.0456953642384106,-0.00728476821192053
2002,LV,1554,68,74,-6,0.043758043758043756,0.047619047619047616,-0.003861003861003861
2003,LV,1682,81,94,-13,0.048156956004756245,0.0558858501783591,-0.0077288941736028535
2004,LV,1884,88,90,-2,0.04670912951167728,0.04777070063694268,-0.0010615711252653928
2005,LV,2208,87,94,-7,0.03940217391304348,0.042572463768115944,-0.003170289855072464
2006,LV,2590,100,92,8,0.03861003861003861,0.03552123552123552,0.003088803088803089
2007,LV,3004,123,127,-4,0.04094540612516644,0.042276964047936086,-0.0013315579227696406
2008,LV,3402,164,138,26,0.048206937095825984,0.04056437389770723,0.007642563198118754
2009,LV,3949,191,156,35,0.04836667510762218,0.03950367181564953,0.008863003291972652
2010,LV,4574,184,191,-7,0.04022737210319195,0.04175776125929165,-0.001530389156099694
2011,LV,5198,215,200,15,0.041362062331666026,0.038476337052712584,0.0028857252789534437
2012,LV,5704,211,223,-12,0.036991584852734925,0.03909537166900421,-0.0021037868162692847
2013,LV,6354,189,243,-54,0.029745042492917848,0.03824362606232295,-0.0084985835694051
2014,LV,6748,245,231,14,0.03630705394190872,0.03423236514522822,0.002074688796680498
2015,LV,7146,227,290,-63,0.031766022949902044,0.04058214385670305,-0.008816120906801008
2016,LV,7330,249,248,1,0.0339699863574352,0.03383356070941337,0.00013642564802182812
2017,LV,7880,265,300,-35,0.03362944162436548,0.03807106598984772,-0.004441624365482234
2018,LV,8275,288,339,-51,0.034803625377643505,0.04096676737160121,-0.006163141993957704
2019,LV,8813,281,352,-71,0.0318847157608079,0.0399409962555316,-0.008056280494723704
2020,LV,9431,346,302,44,0.03668751988124271,0.032022054925246526,0.004665464955996183
2021,LV,9908,316,386,-70,0.03189341945902301,0.03895841744045216,-0.007064997981429148
2022,LV,10100,355,287,68,0.03514851485148515,0.028415841584158417,0.006732673267326733
2023,LV,10492,351,339,12,0.03345406023637057,0.032310331681280974,0.001143728555089592
2024,LV,8297,358,397,-39,0.04314812582861275,0.04784861998312643,-0.00470049415451368
2025,LV,5618,479,422,57,0.08526165895336418,0.07511569953720185,0.010145959416162335
1998,LY,250,0,0,0,0.0,0.0,0.0
1999,LY,254,4,5,-1,0.015748031496062992,0.01968503937007874,-0.003937007874015748
2000,LY,278,2,6,-4,0.007194244604316547,0.02158273381294964,-0.014388489208633094
2001,LY,254,7,2,5,0.027559055118110236,0.007874015748031496,0.01968503937007874
2002,LY,265,10,6,4,0.03773584905660377,0.022641509433962263,0.01509433962264151
2003,LY,337,13,12,1,0.03857566765578635,0.03560830860534125,0.002967359050445104
2004,LY,420,18,12,6,0.04285714285714286,0.02857142857142857,0.014285714285714285
2005,LY,535,18,16,2,0.03364485981308411,0.029906542056074768,0.003738317757009346
2006,LY,666,24,18,6,0.036036036036036036,0.02702702702702703,0.009009009009009009
2007,LY,824,34,20,14,0.0412621359223301,0.024271844660194174,0.01699029126213592
2008,LY,1015,55,31,24,0.054187192118226604,0.030541871921182268,0.023645320197044337
2009,LY,1016,54,32,22,0.0531496062992126,0.031496062992125984,0.021653543307086614
2010,LY,1040,77,36,41,0.07403846153846154,0.03461538461538462,0.03942307692307692
2011,LY,1201,55,45,10,0.04579517069109076,0.03746877601998335,0.00832639467110741
2012,LY,1582,85,50,35,0.053729456384323644,0.0316055625790139,0.022123893805309734
2013,LY,1954,111,63,48,0.05680655066530194,0.03224155578300921,0.02456499488229273
2014,LY,2162,132,73,59,0.06105457909343201,0.033765032377428304,0.0272895467160037
2015,LY,2282,122,77,45,0.05346187554776512,0.03374233128834356,0.01971954425942156
2016,LY,2635,124,85,39,0.047058823529411764,0.03225806451612903,0.014800759013282733
2017,LY,3108,132,109,23,0.04247104247104247,0.03507078507078507,0.0074002574002574005
2018,LY,4017,178,105,73,0.044311675379636546,0.026138909634055265,0.01817276574558128
2019,LY,5299,177,110,67,0.03340252877901491,0.02075863370447254,0.012643895074542366
2020,LY,6184,230,117,113,0.03719275549805951,0.01891979301423027,0.018272962483829237
2021,LY,6776,307,138,169,0.04530696576151121,0.02036599763872491,0.024940968122786306
2022,LY,7159,219,164,55,0.030590864645900266,0.022908227406062298,0.007682637239837966
2023,LY,8905,255,183,72,0.028635597978663673,0.02055025266704099,0.008085345311622683
2024,LY,7045,309,218,91,0.04386089425124202,0.030943931866572037,0.012916962384669979
2025,LY,4531,428,263,165,0.09446038402118738,0.05804458177002869,0.03641580225115868
1998,MA,4218,0,0,0,0.0,0.0,0.0
1999,MA,4879,391,281,110,0.08013937282229965,0.057593769215003074,0.02254560360729658
2000,MA,5272,488,499,-11,0.09256449165402124,0.09465098634294386,-0.00208649468892261
2001,MA,5413,538,573,-35,0.09939035654904858,0.10585627193792721,-0.0064659153888786255
2002,MA,5892,609,633,-24,0.10336048879837068,0.10743380855397149,-0.004073319755600814
2003,MA,6363,643,667,-24,0.10105296243910106,0.10482476819110483,-0.003771805752003772
2004,MA,7017,704,712,-8,0.1003277754025937,0.10146786375944136,-0.0011400883568476556
2005,MA,7735,792,795,-3,0.10239172592113768,0.10277957336780866,-0.00038784744667097606
2006,MA,8280,795,839,-44,0.09601449275362318,0.10132850241545893,-0.005314009661835749
2007,MA,9242,928,880,48,0.10041116641419606,0.09521748539277212,0.005193681021423934
2008,MA,9801,882,964,-82,0.08999081726354453,0.0983573104785226,-0.008366493214978064
2009,MA,11425,933,968,-35,0.08166301969365426,0.08472647702407002,-0.003063457330415755
2010,MA,13135,959,938,21,0.0730110392082223,0.07141225732775029,0.0015987818804720213
2011,MA,15490,1070,1122,-52,0.06907682375726275,0.07243382827630729,-0.003357004519044545
2012,MA,18326,1174,1051,123,0.06406198843173633,0.05735021281239769,0.006711775619338644
2013,MA,20422,1253,1137,116,0.06135540103809617,0.055675252179022625,0.005680148859073548
2014,MA,22406,1204,1140,64,0.053735606533964114,0.050879228778005894,0.0028563777559582255
2015,MA,24110,1208,1223,-15,0.05010369141435089,0.05072583990045624,-0.0006221484861053505
2016,MA,26663,1001,1247,-246,0.03754266211604096,0.0467689307279751,-0.009226268611934142
2017,MA,29545,1082,1054,28,0.03662210187849044,0.035674394990692165,0.0009477068877982738
2018,MA,34087,1052,1086,-34,0.030862205532901105,0.03185965324023821,-0.000997447707337108
2019,MA,38643,1117,1142,-25,0.028905623269414902,0.029552570970162773,-0.0006469477007478716
2020,MA,46387,1357,1243,114,0.029253885786966177,0.026796300687692672,0.0024575850992735035
2021,MA,52003,1394,1268,126,0.02680614579928081,0.024383208661038786,0.0024229371382420246
2022,MA,56930,1238,1260,-22,0.02174600386439487,0.022132443351484277,-0.00038643948708940806
2023,MA,61381,1602,1511,91,0.026099281536631855,0.024616738078558513,0.0014825434580733451
2024,MA,49951,1692,1826,-134,0.03387319573181718,0.03655582470821405,-0.002682628976396869
2025,MA,34690,2069,2252,-183,0.059642548284808306,0.06491784375900836,-0.005275295474200058
1998,MC,108,0,0,0,0.0,0.0,0.0
1999,MC,109,8,9,-1,0.07339449541284404,0.08256880733944955,-0.009174311926605505
2000,MC,124,5,11,-6,0.04032258064516129,0.08870967741935484,-0.04838709677419355
2001,MC,130,11,7,4,0.08461538461538462,0.05384615384615385,0.03076923076923077
2002,MC,146,16,5,11,0.1095890410958904,0.03424657534246575,0.07534246575342465
2003,MC,159,12,14,-2,0.07547169811320754,0.0880503144654088,-0.012578616352201259
2004,MC,159,20,15,5,0.12578616352201258,0.09433962264150944,0.031446540880503145
2005,MC,182,38,16,22,0.2087912087912088,0.08791208791208792,0.12087912087912088
2006,MC,164,21,25,-4,0.12804878048780488,0.1524390243902439,-0.024390243902439025
2007,MC,181,18,19,-1,0.09944751381215469,0.10497237569060773,-0.0055248618784530384
2008,MC,193,23,21,2,0.11917098445595854,0.10880829015544041,0.010362694300518135
2009,MC,231,30,20,10,0.12987012987012986,0.08658008658008658,0.04329004329004329
2010,MC,256,34,15,19,0.1328125,0.05859375,0.07421875
2011,MC,282,27,24,3,0.09574468085106383,0.0851063829787234,0.010638297872340425
2012,MC,256,35,28,7,0.13671875,0.109375,0.02734375
2013,MC,257,29,35,-6,0.11284046692607004,0.13618677042801555,-0.023346303501945526
2014,MC,266,30,33,-3,0.11278195488721804,0.12406015037593984,-0.011278195488721804
2015,MC,279,42,45,-3,0.15053763440860216,0.16129032258064516,-0.010752688172043012
2016,MC,273,42,18,24,0.15384615384615385,0.06593406593406594,0.08791208791208792
2017,MC,308,40,30,10,0.12987012987012986,0.09740259740259741,0.032467532467532464
2018,MC,431,35,33,2,0.08120649651972157,0.0765661252900232,0.004640371229698376
2019,MC,468,36,30,6,0.07692307692307693,0.0641025641025641,0.01282051282051282
2020,MC,477,56,41,15,0.11740041928721175,0.0859538784067086,0.031446540880503145
2021,MC,388,56,41,15,0.14432989690721648,0.1056701030927835,0.03865979381443299
2022,MC,391,45,43,2,0.11508951406649616,0.10997442455242967,0.005115089514066497
2023,MC,410,54,38,16,0.13170731707317074,0.09268292682926829,0.03902439024390244
2024,MC,327,35,54,-19,0.10703363914373089,0.1651376146788991,-0.0581039755351682
2025,MC,238,59,57,2,0.24789915966386555,0.23949579831932774,0.008403361344537815
1998,MD,485,0,0,0,0.0,0.0,0.0
1999,MD,501,21,16,5,0.041916167664670656,0.031936127744510975,0.00998003992015968
2000,MD,638,26,28,-2,0.04075235109717868,0.0438871473354232,-0.003134796238244514
2001,MD,683,24,22,2,0.03513909224011713,0.032210834553440704,0.0029282576866764276
2002,MD,715,24,43,-19,0.033566433566433566,0.06013986013986014,-0.026573426573426574
2003,MD,690,30,41,-11,0.043478260869565216,0.059420289855072465,-0.015942028985507246
2004,MD,727,34,37,-3,0.04676753782668501,0.05089408528198074,-0.0041265474552957355
2005,MD,838,43,41,2,0.0513126491646778,0.04892601431980907,0.002386634844868735
2006,MD,900,31,62,-31,0.034444444444444444,0.06888888888888889,-0.034444444444444444
2007,MD,1032,38,49,-11,0.03682170542635659,0.04748062015503876,-0.01065891472868217
2008,MD,1087,60,54,6,0.05519779208831647,0.04967801287948482,0.005519779208831647
2009,MD,1147,58,56,2,0.05056669572798605,0.04882301656495205,0.0017436791630340018
2010,MD,1166,64,67,-3,0.0548885077186964,0.057461406518010294,-0.002572898799313894
2011,MD,1400,66,56,10,0.047142857142857146,0.04,0.007142857142857143
2012,MD,1562,65,91,-26,0.041613316261203584,0.05825864276568502,-0.016645326504481434
2013,MD,2027,74,77,-3,0.036507153428712386,0.03798717316230883,-0.0014800197335964479
2014,MD,2224,88,94,-6,0.039568345323741004,0.04226618705035971,-0.002697841726618705
2015,MD,2575,94,95,-1,0.03650485436893204,0.036893203883495145,-0.0003883495145631068
2016,MD,2892,109,89,20,0.03769017980636238,0.030774550484094054,0.006915629322268326
2017,MD,3428,110,102,8,0.03208868144690782,0.029754959159859977,0.002333722287047841
2018,MD,3879,151,142,9,0.03892755864913638,0.03660737303428719,0.002320185614849188
2019,MD,4552,187,175,12,0.04108084358523726,0.03844463971880492,0.0026362038664323375
2020,MD,5441,173,163,10,0.03179562580408013,0.029957728358757582,0.001837897445322551
2021,MD,6095,239,218,21,0.03921246923707957,0.035767022149302705,0.0034454470877768664
2022,MD,5829,206,207,-1,0.03534053868588094,0.035512094698919194,-0.00017155601303825698
2023,MD,5603,262,247,15,0.04676066393003748,0.04408352668213457,0.002677137247902909
2024,MD,3828,249,223,26,0.06504702194357367,0.058254963427377224,0.006792058516196447
2025,MD,2662,373,256,117,0.14012021036814426,0.09616829451540196,0.0439519158527423
1998,ME,105,0,0,0,0.0,0.0,0.0
1999,ME,107,3,5,-2,0.028037383177570093,0.04672897196261682,-0.018691588785046728
2000,ME,115,5,7,-2,0.043478260869565216,0.06086956521739131,-0.017391304347826087
2001,ME,157,4,12,-8,0.025477707006369428,0.07643312101910828,-0.050955414012738856
2002,ME,215,10,10,0,0.046511627906976744,0.046511627906976744,0.0
2003,ME,276,16,14,2,0.057971014492753624,0.050724637681159424,0.007246376811594203
2004,ME,323,28,12,16,0.08668730650154799,0.03715170278637771,0.04953560371517028
2005,ME,345,35,34,1,0.10144927536231885,0.09855072463768116,0.002898550724637681
2006,ME,392,34,28,6,0.08673469387755102,0.07142857142857142,0.015306122448979591
2007,ME,418,28,45,-17,0.06698564593301436,0.1076555023923445,-0.04066985645933014
2008,ME,469,34,39,-5,0.07249466950959488,0.08315565031982942,-0.010660980810234541
2009,ME,490,40,47,-7,0.08163265306122448,0.09591836734693877,-0.014285714285714285
2010,ME,595,44,48,-4,0.07394957983193277,0.08067226890756303,-0.0067226890756302525
2011,ME,707,36,37,-1,0.05091937765205092,0.05233380480905234,-0.0014144271570014145
2012,ME,881,70,62,8,0.07945516458569807,0.07037457434733257,0.009080590238365494
2013,ME,1028,51,62,-11,0.04961089494163424,0.06031128404669261,-0.010700389105058366
2014,ME,1140,67,68,-1,0.058771929824561406,0.05964912280701754,-0.0008771929824561404
2015,ME,1182,96,59,37,0.08121827411167512,0.04991539763113367,0.031302876480541454
2016,ME,1260,76,87,-11,0.06031746031746032,0.06904761904761905,-0.00873015873015873
2017,ME,1366,92,91,1,0.06734992679355783,0.06661786237188873,0.0007320644216691069
2018,ME,1517,123,97,26,0.08108108108108109,0.06394199077125906,0.017139090309822018
2019,ME,1624,144,110,34,0.08866995073891626,0.06773399014778325,0.020935960591133004
2020,ME,1674,154,150,4,0.09199522102747909,0.08960573476702509,0.0023894862604540022
2021,ME,1733,129,125,4,0.07443739180611655,0.07212925562608194,0.002308136180034622
2022,ME,1860,132,150,-18,0.07096774193548387,0.08064516129032258,-0.00967741935483871
2023,ME,2248,165,151,14,0.07339857651245552,0.06717081850533808,0.006227758007117438
2024,ME,1984,284,153,131,0.1431451612903226,0.07711693548387097,0.06602822580645161
2025,ME,1595,540,211,329,0.3385579937304075,0.1322884012539185,0.20626959247648902
1998,MF,1,0,0,0,0.0,0.0,0.0
1999,MF,1,0,0,0,0.0,0.0,0.0
2000,MF,1,0,0,0,0.0,0.0,0.0
2008,MF,1,0,0,0,0.0,0.0,0.0
2009,MF,3,0,0,0,0.0,0.0,0.0
2010,MF,7,3,0,3,0.42857142857142855,0.0,0.42857142857142855
2011,MF,6,2,1,1,0.3333333333333333,0.16666666666666666,0.16666666666666666
2012,MF,8,1,3,-2,0.125,0.375,-0.25
2013,MF,8,2,2,0,0.25,0.25,0.0
2014,MF,13,3,1,2,0.23076923076923078,0.07692307692307693,0.15384615384615385
2015,MF,13,3,3,0,0.23076923076923078,0.23076923076923078,0.0
2016,MF,18,0,1,-1,0.0,0.05555555555555555,-0.05555555555555555
2017,MF,24,5,4,1,0.20833333333333334,0.16666666666666666,0.041666666666666664
2018,MF,23,4,5,-1,0.17391304347826086,0.21739130434782608,-0.043478260869565216
2019,MF,19,4,5,-1,0.21052631578947367,0.2631578947368421,-0.05263157894736842
2020,MF,22,9,5,4,0.4090909090909091,0.22727272727272727,0.18181818181818182
2021,MF,27,6,5,1,0.2222222222222222,0.18518518518518517,0.037037037037037035
2022,MF,28,5,10,-5,0.17857142857142858,0.35714285714285715,-0.17857142857142858
2023,MF,34,8,3,5,0.23529411764705882,0.08823529411764706,0.14705882352941177
2024,MF,27,9,5,4,0.3333333333333333,0.18518518518518517,0.14814814814814814
2025,MF,8,4,5,-1,0.5,0.625,-0.125
1998,MG,233,0,0,0,0.0,0.0,0.0
1999,MG,287,5,6,-1,0.017421602787456445,0.020905923344947737,-0.003484320557491289
2000,MG,330,4,11,-7,0.012121212121212121,0.03333333333333333,-0.021212121212121213
2001,MG,351,11,9,2,0.03133903133903134,0.02564102564102564,0.005698005698005698
2002,MG,395,16,12,4,0.04050632911392405,0.030379746835443037,0.010126582278481013
2003,MG,484,12,18,-6,0.024793388429752067,0.0371900826446281,-0.012396694214876033
2004,MG,537,17,16,1,0.03165735567970205,0.0297951582867784,0.00186219739292365
2005,MG,590,24,23,1,0.04067796610169491,0.03898305084745763,0.001694915254237288
2006,MG,644,30,24,6,0.046583850931677016,0.037267080745341616,0.009316770186335404
2007,MG,731,33,32,1,0.04514363885088919,0.04377564979480164,0.0013679890560875513
2008,MG,819,48,34,14,0.05860805860805861,0.04151404151404151,0.017094017094017096
2009,MG,881,37,52,-15,0.04199772985244041,0.05902383654937571,-0.0170261066969353
2010,MG,919,35,48,-13,0.03808487486398259,0.05223068552774755,-0.014145810663764961
2011,MG,1035,51,42,9,0.04927536231884058,0.04057971014492753,0.008695652173913044
2012,MG,1145,37,48,-11,0.032314410480349345,0.04192139737991266,-0.00960698689956332
2013,MG,1275,60,62,-2,0.047058823529411764,0.04862745098039216,-0.001568627450980392
2014,MG,1427,85,60,25,0.05956552207428171,0.04204625087596356,0.01751927119831815
2015,MG,1475,71,81,-10,0.04813559322033898,0.05491525423728814,-0.006779661016949152
2016,MG,1658,82,69,13,0.04945717732207479,0.04161640530759952,0.007840772014475271
2017,MG,1902,95,71,24,0.049947423764458466,0.03732912723449001,0.012618296529968454
2018,MG,2250,91,98,-7,0.04044444444444444,0.043555555555555556,-0.003111111111111111
2019,MG,2665,115,65,50,0.043151969981238276,0.024390243902439025,0.01876172607879925
2020,MG,2889,109,123,-14,0.03772931810314988,0.04257528556593977,-0.004845967462789893
2021,MG,3140,122,105,17,0.038853503184713374,0.03343949044585987,0.005414012738853503
2022,MG,3209,91,78,13,0.028357743845434717,0.024306637581801183,0.0040511062636335304
2023,MG,3451,128,111,17,0.03709069834830484,0.032164589973920604,0.0049261083743842365
2024,MG,2554,115,129,-14,0.04502740798747063,0.050509005481597494,-0.00548159749412686
2025,MG,1624,142,141,1,0.0874384236453202,0.08682266009852217,0.0006157635467980296
1998,MK,430,0,0,0,0.0,0.0,0.0
1999,MK,516,21,14,7,0.040697674418604654,0.027131782945736434,0.013565891472868217
2000,MK,626,25,34,-9,0.039936102236421724,0.054313099041533544,-0.01437699680511182
2001,MK,651,44,36,8,0.06758832565284179,0.055299539170506916,0.01228878648233487
2002,MK,670,40,57,-17,0.05970149253731343,0.08507462686567165,-0.025373134328358207
2003,MK,703,55,74,-19,0.07823613086770982,0.10526315789473684,-0.02702702702702703
2004,MK,820,69,64,5,0.08414634146341464,0.07804878048780488,0.006097560975609756
2005,MK,930,63,81,-18,0.06774193548387097,0.08709677419354839,-0.01935483870967742
2006,MK,1051,89,110,-21,0.08468125594671741,0.10466222645099905,-0.019980970504281638
2007,MK,1154,85,101,-16,0.07365684575389948,0.08752166377816291,-0.01386481802426343
2008,MK,1312,127,123,4,0.09679878048780488,0.09375,0.003048780487804878
2009,MK,1615,129,129,0,0.07987616099071207,0.07987616099071207,0.0
2010,MK,2074,151,142,9,0.07280617164898746,0.06846673095467695,0.004339440694310511
2011,MK,2513,176,168,8,0.0700358137684043,0.06685236768802229,0.0031834460803820135
2012,MK,3040,216,162,54,0.07105263157894737,0.053289473684210525,0.017763157894736842
2013,MK,3460,237,225,12,0.06849710982658959,0.06502890173410404,0.003468208092485549
2014,MK,3781,272,250,22,0.07193864057127744,0.06612007405448295,0.0058185665167944985
2015,MK,4116,318,281,37,0.07725947521865889,0.06827016520894072,0.008989310009718173
2016,MK,4315,315,306,9,0.07300115874855156,0.0709154113557358,0.002085747392815759
2017,MK,4529,303,347,-44,0.06690218591300508,0.07661735482446456,-0.009715168911459484
2018,MK,4963,332,367,-35,0.06689502317146886,0.07394720934918396,-0.007052186177715092
2019,MK,5380,406,345,61,0.07546468401486989,0.06412639405204461,0.01133828996282528
2020,MK,6083,441,383,58,0.07249712313003452,0.0629623541015946,0.009534769028439914
2021,MK,6349,386,373,13,0.06079697590171681,0.05874940935580406,0.0020475665459127423
2022,MK,6830,376,350,26,0.05505124450951684,0.05124450951683748,0.003806734992679356
2023,MK,7140,444,406,38,0.06218487394957983,0.056862745098039215,0.005322128851540616
2024,MK,5789,486,365,121,0.08395232337191225,0.06305061323199171,0.020901710139920537
2025,MK,4012,617,431,186,0.15378863409770688,0.10742771684945164,0.04636091724825524
1998,ML,308,0,0,0,0.0,0.0,0.0
1999,ML,312,23,45,-22,0.07371794871794872,0.14423076923076922,-0.07051282051282051
2000,ML,428,56,35,21,0.1308411214953271,0.08177570093457943,0.04906542056074766
2001,ML,496,59,57,2,0.11895161290322581,0.11491935483870967,0.004032258064516129
2002,ML,560,82,74,8,0.14642857142857144,0.13214285714285715,0.014285714285714285
2003,ML,556,66,89,-23,0.11870503597122302,0.16007194244604317,-0.04136690647482014
2004,ML,641,72,78,-6,0.11232449297971919,0.12168486739469579,-0.0093603744149766
2005,ML,776,109,84,25,0.1404639175257732,0.10824742268041238,0.03221649484536082
2006,ML,868,119,108,11,0.13709677419354838,0.12442396313364056,0.012672811059907835
2007,ML,935,129,135,-6,0.13796791443850268,0.1443850267379679,-0.006417112299465241
2008,ML,940,150,141,9,0.1595744680851064,0.15,0.009574468085106383
2009,ML,1090,158,155,3,0.14495412844036698,0.14220183486238533,0.0027522935779816515
2010,ML,1155,117,128,-11,0.1012987012987013,0.11082251082251082,-0.009523809523809525
2011,ML,1338,142,152,-10,0.10612855007473841,0.11360239162929746,-0.007473841554559043
2012,ML,1377,175,182,-7,0.1270878721859114,0.13217138707334786,-0.005083514887436456
2013,ML,1384,161,218,-57,0.11632947976878613,0.157514450867052,-0.041184971098265896
2014,ML,1538,199,200,-1,0.1293888166449935,0.13003901170351106,-0.0006501950585175553
2015,ML,1749,163,219,-56,0.0931961120640366,0.12521440823327615,-0.03201829616923957
2016,ML,2313,230,188,42,0.09943795936013834,0.08127972330306961,0.018158236057068743
2017,ML,2825,212,208,4,0.07504424778761062,0.07362831858407079,0.001415929203539823
2018,ML,3210,289,212,77,0.09003115264797508,0.0660436137071651,0.023987538940809967
2019,ML,3537,284,260,24,0.08029403449250777,0.07350862312694374,0.006785411365564037
2020,ML,3897,247,327,-80,0.06338208878624584,0.08391070053887606,-0.020528611752630228
2021,ML,4642,361,280,81,0.07776820336062042,0.06031882809133994,0.017449375269280483
2022,ML,4573,282,285,-3,0.06166630220861579,0.06232232670019681,-0.000656024491581019
2023,ML,4211,381,322,59,0.0904773213013536,0.07646639753027784,0.014010923771075753
2024,ML,2711,291,418,-127,0.10734046477314645,0.15418664699372925,-0.04684618222058281
2025,ML,1458,249,357,-108,0.17078189300411523,0.2448559670781893,-0.07407407407407407
1998,MM,541,0,0,0,0.0,0.0,0.0
1999,MM,634,38,33,5,0.05993690851735016,0.052050473186119876,0.007886435331230283
2000,MM,662,59,56,3,0.0891238670694864,0.08459214501510574,0.004531722054380665
2001,MM,649,81,76,5,0.12480739599383667,0.11710323574730354,0.007704160246533128
2002,MM,645,83,117,-34,0.12868217054263567,0.1813953488372093,-0.05271317829457364
2003,MM,680,88,119,-31,0.12941176470588237,0.175,-0.045588235294117645
2004,MM,704,88,129,-41,0.125,0.18323863636363635,-0.05823863636363636
2005,MM,779,105,143,-38,0.13478818998716302,0.18356867779204109,-0.04878048780487805
2006,MM,782,116,148,-32,0.1483375959079284,0.18925831202046037,-0.04092071611253197
2007,MM,846,102,168,-66,0.12056737588652482,0.19858156028368795,-0.07801418439716312
2008,MM,978,101,152,-51,0.1032719836400818,0.1554192229038855,-0.05214723926380368
2009,MM,1105,122,165,-43,0.11040723981900452,0.1493212669683258,-0.03891402714932127
2010,MM,1205,133,149,-16,0.11037344398340249,0.12365145228215768,-0.013278008298755186
2011,MM,1248,149,147,2,0.11939102564102565,0.11778846153846154,0.0016025641025641025
2012,MM,1437,144,154,-10,0.10020876826722339,0.10716771050800278,-0.006958942240779402
2013,MM,1781,144,189,-45,0.08085345311622684,0.10612015721504772,-0.025266704098820886
2014,MM,2030,141,190,-49,0.06945812807881774,0.09359605911330049,-0.02413793103448276
2015,MM,2261,160,167,-7,0.07076514816452897,0.07386112339672711,-0.0030959752321981426
2016,MM,2440,208,185,23,0.08524590163934426,0.07581967213114754,0.009426229508196722
2017,MM,2886,188,226,-38,0.06514206514206514,0.07830907830907831,-0.013167013167013167
2018,MM,3437,219,234,-15,0.06371835903404131,0.06808263020075647,-0.0043642711667151585
2019,MM,3647,213,241,-28,0.05840416780915821,0.06608171099533863,-0.007677543186180422
2020,MM,3629,273,266,7,0.07522733535409204,0.07329842931937172,0.0019289060347203086
2021,MM,3421,317,279,38,0.0926629640456007,0.08155510084770536,0.011107863197895352
2022,MM,3784,232,263,-31,0.0613107822410148,0.06950317124735729,-0.008192389006342496
2023,MM,4519,352,312,40,0.07789333923434388,0.06904182341225935,0.008851515822084531
2024,MM,3694,371,365,6,0.10043313481321062,0.09880887926367082,0.0016242555495397943
2025,MM,2265,560,399,161,0.24724061810154527,0.176158940397351,0.07108167770419425
1998,MN,280,0,0,0,0.0,0.0,0.0
1999,MN,285,16,15,1,0.056140350877192984,0.05263157894736842,0.0035087719298245615
2000,MN,299,17,24,-7,0.056856187290969896,0.0802675585284281,-0.023411371237458192
2001,MN,375,20,23,-3,0.05333333333333334,0.06133333333333333,-0.008
2002,MN,532,25,35,-10,0.046992481203007516,0.06578947368421052,-0.018796992481203006
2003,MN,652,35,35,0,0.05368098159509203,0.05368098159509203,0.0
2004,MN,803,67,50,17,0.08343711083437111,0.062266500622665005,0.021170610211706103
2005,MN,966,85,87,-2,0.08799171842650104,0.09006211180124224,-0.002070393374741201
2006,MN,1100,83,119,-36,0.07545454545454545,0.10818181818181818,-0.03272727272727273
2007,MN,1232,110,118,-8,0.08928571428571429,0.09577922077922078,-0.006493506493506494
2008,MN,1326,116,121,-5,0.08748114630467571,0.09125188536953242,-0.003770739064856712
2009,MN,1716,142,151,-9,0.08275058275058275,0.087995337995338,-0.005244755244755245
2010,MN,2059,205,152,53,0.09956289460903352,0.07382224380767363,0.025740650801359885
2011,MN,2805,308,214,94,0.10980392156862745,0.07629233511586453,0.03351158645276292
2012,MN,3648,383,297,86,0.1049890350877193,0.08141447368421052,0.023574561403508772
2013,MN,3963,399,358,41,0.10068130204390613,0.09033560434014636,0.010345697703759779
2014,MN,3798,526,435,91,0.13849394418114797,0.11453396524486571,0.023959978936282253
2015,MN,3059,447,475,-28,0.14612618502778685,0.15527950310559005,-0.009153318077803204
2016,MN,3079,305,363,-58,0.0990581357583631,0.117895420591101,-0.018837284832737902
2017,MN,3451,286,385,-99,0.08287452912199363,0.11156186612576065,-0.028687337003767025
2018,MN,4135,345,366,-21,0.08343409915356712,0.08851269649334946,-0.005078597339782346
2019,MN,4676,350,364,-14,0.0748502994011976,0.07784431137724551,-0.0029940119760479044
2020,MN,5573,431,464,-33,0.07733716131347569,0.083258568096178,-0.005921406782702315
2021,MN,5999,440,451,-11,0.07334555759293215,0.07517919653275545,-0.0018336389398233039
2022,MN,6920,415,467,-52,0.05997109826589595,0.06748554913294798,-0.007514450867052023
2023,MN,7986,579,505,74,0.07250187828700225,0.06323566240921613,0.009266215877786126
2024,MN,6644,759,614,145,0.11423841059602649,0.09241420830824805,0.021824202287778448
2025,MN,4274,874,759,115,0.2044922788956481,0.17758540009358914,0.02690687880205896
1998,MO,71,0,0,0,0.0,0.0,0.0
1999,MO,76,1,3,-2,0.013157894736842105,0.039473684210526314,-0.02631578947368421
2000,MO,155,2,4,-2,0.012903225806451613,0.025806451612903226,-0.012903225806451613
2001,MO,193,6,4,2,0.031088082901554404,0.02072538860103627,0.010362694300518135
2002,MO,233,13,8,5,0.055793991416309016,0.034334763948497854,0.02145922746781116
2003,MO,249,14,17,-3,0.05622489959839357,0.06827309236947791,-0.012048192771084338
2004,MO,364,29,7,22,0.07967032967032966,0.019230769230769232,0.06043956043956044
2005,MO,457,44,19,25,0.0962800875273523,0.04157549234135667,0.05470459518599562
2006,MO,569,71,28,43,0.12478031634446397,0.0492091388400703,0.07557117750439367
2007,MO,652,63,53,10,0.09662576687116564,0.08128834355828221,0.015337423312883436
2008,MO,800,82,59,23,0.1025,0.07375,0.02875
2009,MO,944,89,58,31,0.09427966101694915,0.0614406779661017,0.03283898305084746
2010,MO,1099,136,70,66,0.12374886260236578,0.06369426751592357,0.06005459508644222
2011,MO,1276,136,99,37,0.10658307210031348,0.07758620689655173,0.028996865203761754
2012,MO,1471,180,108,72,0.12236573759347383,0.07341944255608429,0.04894629503738953
2013,MO,1675,224,118,106,0.13373134328358208,0.07044776119402985,0.06328358208955225
2014,MO,1904,278,172,106,0.14600840336134455,0.09033613445378151,0.05567226890756303
2015,MO,2131,364,208,156,0.1708118254340685,0.09760675739089629,0.07320506804317221
2016,MO,2326,349,248,101,0.15004299226139295,0.10662080825451418,0.043422184006878764
2017,MO,2555,387,329,58,0.15146771037181997,0.12876712328767123,0.022700587084148727
2018,MO,2948,479,393,86,0.162483039348711,0.13331071913161466,0.029172320217096336
2019,MO,3388,484,440,44,0.14285714285714285,0.12987012987012986,0.012987012987012988
2020,MO,4389,600,439,161,0.1367053998632946,0.10002278423331055,0.03668261562998405
2021,MO,5447,773,524,249,0.14191297962181018,0.09619974297778594,0.045713236644024234
2022,MO,6656,827,680,147,0.12424879807692307,0.10216346153846154,0.02208533653846154
2023,MO,7908,1213,825,388,0.1533889731917046,0.1043247344461305,0.049064238745574106
2024,MO,7048,1571,1181,390,0.22290011350737798,0.16756526674233826,0.055334846765039726
2025,MO,5441,1911,1409,502,0.3512222018011395,0.25895975004594746,0.09226245175519206
1998,MP,1,0,0,0,0.0,0.0,0.0
1999,MP,2,0,0,0,0.0,0.0,0.0
2000,MP,5,1,0,1,0.2,0.0,0.2
2001,MP,5,1,0,1,0.2,0.0,0.2
2002,MP,9,0,0,0,0.0,0.0,0.0
2003,MP,11,0,2,-2,0.0,0.18181818181818182,-0.18181818181818182
2004,MP,16,1,0,1,0.0625,0.0,0.0625
2005,MP,13,1,0,1,0.07692307692307693,0.0,0.07692307692307693
2006,MP,16,1,1,0,0.0625,0.0625,0.0
2007,MP,16,1,0,1,0.0625,0.0,0.0625
2008,MP,15,3,0,3,0.2,0.0,0.2
2009,MP,13,3,2,1,0.23076923076923078,0.15384615384615385,0.07692307692307693
2010,MP,10,0,0,0,0.0,0.0,0.0
2011,MP,13,4,0,4,0.3076923076923077,0.0,0.3076923076923077
2012,MP,21,1,2,-1,0.047619047619047616,0.09523809523809523,-0.047619047619047616
2013,MP,20,0,4,-4,0.0,0.2,-0.2
2014,MP,24,3,3,0,0.125,0.125,0.0
2015,MP,21,4,2,2,0.19047619047619047,0.09523809523809523,0.09523809523809523
2016,MP,24,3,3,0,0.125,0.125,0.0
2017,MP,22,3,4,-1,0.13636363636363635,0.18181818181818182,-0.045454545454545456
2018,MP,27,8,4,4,0.2962962962962963,0.14814814814814814,0.14814814814814814
2019,MP,17,3,1,2,0.17647058823529413,0.058823529411764705,0.11764705882352941
2020,MP,15,4,3,1,0.26666666666666666,0.2,0.06666666666666667
2021,MP,23,2,5,-3,0.08695652173913043,0.21739130434782608,-0.13043478260869565
2022,MP,32,2,2,0,0.0625,0.0625,0.0
2023,MP,46,5,2,3,0.10869565217391304,0.043478260869565216,0.06521739130434782
2024,MP,34,1,2,-1,0.029411764705882353,0.058823529411764705,-0.029411764705882353
2025,MP,21,6,1,5,0.2857142857142857,0.047619047619047616,0.23809523809523808
1998,MQ,158,0,0,0,0.0,0.0,0.0
1999,MQ,165,8,12,-4,0.048484848484848485,0.07272727272727272,-0.024242424242424242
2000,MQ,167,14,8,6,0.08383233532934131,0.04790419161676647,0.03592814371257485
2001,MQ,123,9,12,-3,0.07317073170731707,0.0975609756097561,-0.024390243902439025
2002,MQ,148,7,10,-3,0.0472972972972973,0.06756756756756757,-0.02027027027027027
2003,MQ,209,6,8,-2,0.028708133971291867,0.03827751196172249,-0.009569377990430622
2004,MQ,241,24,15,9,0.0995850622406639,0.06224066390041494,0.03734439834024896
2005,MQ,233,25,19,6,0.1072961373390558,0.0815450643776824,0.02575107296137339
2006,MQ,231,20,25,-5,0.08658008658008658,0.10822510822510822,-0.021645021645021644
2007,MQ,255,21,24,-3,0.08235294117647059,0.09411764705882353,-0.011764705882352941
2008,MQ,276,33,24,9,0.11956521739130435,0.08695652173913043,0.03260869565217391
2009,MQ,300,38,24,14,0.12666666666666668,0.08,0.04666666666666667
2010,MQ,317,36,32,4,0.11356466876971609,0.10094637223974763,0.012618296529968454
2011,MQ,367,43,36,7,0.11716621253405994,0.09809264305177112,0.01907356948228883
2012,MQ,421,37,33,4,0.08788598574821853,0.07838479809976247,0.009501187648456057
2013,MQ,487,48,44,4,0.09856262833675565,0.09034907597535935,0.008213552361396304
2014,MQ,542,58,48,10,0.1070110701107011,0.08856088560885608,0.01845018450184502
2015,MQ,553,64,38,26,0.11573236889692586,0.06871609403254973,0.04701627486437613
2016,MQ,576,55,59,-4,0.0954861111111111,0.10243055555555555,-0.006944444444444444
2017,MQ,569,61,55,6,0.10720562390158173,0.09666080843585237,0.01054481546572935
2018,MQ,595,63,58,5,0.10588235294117647,0.09747899159663866,0.008403361344537815
2019,MQ,612,75,60,15,0.12254901960784313,0.09803921568627451,0.024509803921568627
2020,MQ,698,76,73,3,0.10888252148997135,0.10458452722063037,0.004297994269340974
2021,MQ,709,103,85,18,0.14527503526093088,0.11988716502115655,0.02538787023977433
2022,MQ,760,61,60,1,0.08026315789473684,0.07894736842105263,0.0013157894736842105
2023,MQ,796,67,66,1,0.08417085427135679,0.0829145728643216,0.001256281407035176
2024,MQ,647,86,61,25,0.13292117465224113,0.09428129829984544,0.03863987635239567
2025,MQ,400,73,77,-4,0.1825,0.1925,-0.01
1998,MR,32,0,0,0,0.0,0.0,0.0
1999,MR,34,0,2,-2,0.0,0.058823529411764705,-0.058823529411764705
2000,MR,36,3,1,2,0.08333333333333333,0.027777777777777776,0.05555555555555555
2001,MR,35,2,0,2,0.05714285714285714,0.0,0.05714285714285714
2002,MR,37,3,2,1,0.08108108108108109,0.05405405405405406,0.02702702702702703
2003,MR,54,2,2,0,0.037037037037037035,0.037037037037037035,0.0
2004,MR,61,0,3,-3,0.0,0.04918032786885246,-0.04918032786885246
2005,MR,80,7,4,3,0.0875,0.05,0.0375
2006,MR,72,8,4,4,0.1111111111111111,0.05555555555555555,0.05555555555555555
2007,MR,73,8,2,6,0.1095890410958904,0.0273972602739726,0.0821917808219178
2008,MR,72,5,10,-5,0.06944444444444445,0.1388888888888889,-0.06944444444444445
2009,MR,112,4,9,-5,0.03571428571428571,0.08035714285714286,-0.044642857142857144
2010,MR,146,9,7,2,0.06164383561643835,0.04794520547945205,0.0136986301369863
2011,MR,166,7,11,-4,0.04216867469879518,0.06626506024096386,-0.024096385542168676
2012,MR,177,10,3,7,0.05649717514124294,0.01694915254237288,0.03954802259887006
2013,MR,181,9,13,-4,0.049723756906077346,0.0718232044198895,-0.022099447513812154
2014,MR,230,15,12,3,0.06521739130434782,0.05217391304347826,0.013043478260869565
2015,MR,268,10,12,-2,0.03731343283582089,0.04477611940298507,-0.007462686567164179
2016,MR,337,20,14,6,0.05934718100890208,0.04154302670623145,0.017804154302670624
2017,MR,357,24,11,13,0.06722689075630252,0.03081232492997199,0.036414565826330535
2018,MR,384,20,20,0,0.052083333333333336,0.052083333333333336,0.0
2019,MR,408,20,19,1,0.049019607843137254,0.04656862745098039,0.0024509803921568627
2020,MR,422,19,15,4,0.045023696682464455,0.035545023696682464,0.009478672985781991
2021,MR,478,36,22,14,0.07531380753138076,0.04602510460251046,0.029288702928870293
2022,MR,516,39,19,20,0.0755813953488372,0.03682170542635659,0.03875968992248062
2023,MR,584,36,35,1,0.06164383561643835,0.059931506849315065,0.0017123287671232876
2024,MR,452,39,27,12,0.08628318584070796,0.059734513274336286,0.02654867256637168
2025,MR,279,44,33,11,0.15770609318996415,0.11827956989247312,0.03942652329749104
1998,MS,13,0,0,0,0.0,0.0,0.0
1999,MS,28,13,1,12,0.4642857142857143,0.03571428571428571,0.42857142857142855
2000,MS,18,2,7,-5,0.1111111111111111,0.3888888888888889,-0.2777777777777778
2001,MS,14,1,0,1,0.07142857142857142,0.0,0.07142857142857142
2002,MS,14,1,4,-3,0.07142857142857142,0.2857142857142857,-0.21428571428571427
2003,MS,27,2,0,2,0.07407407407407407,0.0,0.07407407407407407
2004,MS,33,4,4,0,0.12121212121212122,0.12121212121212122,0.0
2005,MS,38,13,4,9,0.34210526315789475,0.10526315789473684,0.23684210526315788
2006,MS,24,2,13,-11,0.08333333333333333,0.5416666666666666,-0.4583333333333333
2007,MS,32,5,7,-2,0.15625,0.21875,-0.0625
2008,MS,28,3,5,-2,0.10714285714285714,0.17857142857142858,-0.07142857142857142
2009,MS,22,2,3,-1,0.09090909090909091,0.13636363636363635,-0.045454545454545456
2010,MS,26,2,4,-2,0.07692307692307693,0.15384615384615385,-0.07692307692307693
2011,MS,29,3,3,0,0.10344827586206896,0.10344827586206896,0.0
2012,MS,39,7,3,4,0.1794871794871795,0.07692307692307693,0.10256410256410256
2013,MS,48,6,6,0,0.125,0.125,0.0
2014,MS,51,5,4,1,0.09803921568627451,0.0784313725490196,0.0196078431372549
2015,MS,65,3,6,-3,0.046153846153846156,0.09230769230769231,-0.046153846153846156
2016,MS,67,3,4,-1,0.04477611940298507,0.05970149253731343,-0.014925373134328358
2017,MS,69,9,6,3,0.13043478260869565,0.08695652173913043,0.043478260869565216
2018,MS,64,3,11,-8,0.046875,0.171875,-0.125
2019,MS,67,3,9,-6,0.04477611940298507,0.13432835820895522,-0.08955223880597014
2020,MS,92,11,7,4,0.11956521739130435,0.07608695652173914,0.043478260869565216
2021,MS,89,5,5,0,0.056179775280898875,0.056179775280898875,0.0
2022,MS,75,11,7,4,0.14666666666666667,0.09333333333333334,0.05333333333333334
2023,MS,48,8,12,-4,0.16666666666666666,0.25,-0.08333333333333333
2024,MS,33,6,11,-5,0.18181818181818182,0.3333333333333333,-0.15151515151515152
2025,MS,19,3,13,-10,0.15789473684210525,0.6842105263157895,-0.5263157894736842
1998,MT,285,0,0,0,0.0,0.0,0.0
1999,MT,287,12,11,1,0.041811846689895474,0.03832752613240418,0.003484320557491289
2000,MT,319,24,23,1,0.07523510971786834,0.07210031347962383,0.003134796238244514
2001,MT,353,27,29,-2,0.0764872521246459,0.0821529745042493,-0.0056657223796034
2002,MT,376,28,36,-8,0.07446808510638298,0.09574468085106383,-0.02127659574468085
2003,MT,391,24,30,-6,0.061381074168797956,0.07672634271099744,-0.015345268542199489
2004,MT,400,27,36,-9,0.0675,0.09,-0.0225
2005,MT,435,41,42,-1,0.09425287356321839,0.09655172413793103,-0.0022988505747126436
2006,MT,479,36,47,-11,0.07515657620041753,0.09812108559498957,-0.022964509394572025
2007,MT,563,51,61,-10,0.0905861456483126,0.108348134991119,-0.017761989342806393
2008,MT,654,52,51,1,0.07951070336391437,0.0779816513761468,0.0015290519877675841
2009,MT,748,73,40,33,0.09759358288770054,0.053475935828877004,0.04411764705882353
2010,MT,868,62,64,-2,0.07142857142857142,0.07373271889400922,-0.002304147465437788
2011,MT,1007,82,61,21,0.0814299900695134,0.0605759682224429,0.020854021847070508
2012,MT,1223,92,77,15,0.07522485690923958,0.06295993458708095,0.012264922322158627
2013,MT,1316,89,74,15,0.067629179331307,0.05623100303951368,0.011398176291793313
2014,MT,1549,117,72,45,0.07553260167850226,0.046481601032924466,0.029051000645577793
2015,MT,1736,102,85,17,0.0587557603686636,0.048963133640553,0.009792626728110598
2016,MT,1988,128,97,31,0.06438631790744467,0.04879275653923541,0.015593561368209255
2017,MT,2116,144,125,19,0.06805293005671077,0.05907372400756144,0.008979206049149339
2018,MT,2245,186,133,53,0.08285077951002227,0.05924276169265033,0.023608017817371936
2019,MT,2425,161,146,15,0.0663917525773196,0.06020618556701031,0.006185567010309278
2020,MT,2799,166,145,21,0.05930689531975706,0.05180421579135405,0.007502679528403001
2021,MT,3002,171,159,12,0.056962025316455694,0.05296469020652898,0.003997335109926716
2022,MT,3187,183,154,29,0.057420771885786,0.04832130530279259,0.009099466582993411
2023,MT,3209,201,173,28,0.0626363353069492,0.05391087566220006,0.008725459644749143
2024,MT,2530,219,182,37,0.08656126482213439,0.07193675889328063,0.014624505928853756
2025,MT,1621,260,235,25,0.16039481801357186,0.14497223935842074,0.015422578655151141
1998,MU,151,0,0,0,0.0,0.0,0.0
1999,MU,193,6,4,2,0.031088082901554404,0.02072538860103627,0.010362694300518135
2000,MU,203,5,3,2,0.024630541871921183,0.014778325123152709,0.009852216748768473
2001,MU,215,9,3,6,0.04186046511627907,0.013953488372093023,0.027906976744186046
2002,MU,233,8,13,-5,0.034334763948497854,0.055793991416309016,-0.02145922746781116
2003,MU,256,6,7,-1,0.0234375,0.02734375,-0.00390625
2004,MU,286,9,5,4,0.03146853146853147,0.017482517482517484,0.013986013986013986
2005,MU,294,4,6,-2,0.013605442176870748,0.02040816326530612,-0.006802721088435374
2006,MU,337,7,13,-6,0.020771513353115726,0.03857566765578635,-0.017804154302670624
2007,MU,359,14,12,2,0.03899721448467967,0.033426183844011144,0.005571030640668524
2008,MU,436,19,14,5,0.04357798165137615,0.03211009174311927,0.011467889908256881
2009,MU,484,15,21,-6,0.030991735537190084,0.04338842975206612,-0.012396694214876033
2010,MU,529,19,15,4,0.035916824196597356,0.02835538752362949,0.007561436672967864
2011,MU,621,19,27,-8,0.030595813204508857,0.043478260869565216,-0.01288244766505636
2012,MU,666,16,23,-7,0.024024024024024024,0.03453453453453453,-0.010510510510510511
2013,MU,749,22,26,-4,0.029372496662216287,0.03471295060080107,-0.0053404539385847796
2014,MU,769,27,20,7,0.035110533159947985,0.02600780234070221,0.009102730819245773
2015,MU,881,27,20,7,0.03064699205448354,0.022701475595913734,0.007945516458569807
2016,MU,979,34,33,1,0.03472931562819203,0.033707865168539325,0.0010214504596527069
2017,MU,1128,43,31,12,0.038120567375886524,0.0274822695035461,0.010638297872340425
2018,MU,1124,35,52,-17,0.03113879003558719,0.046263345195729534,-0.015124555160142349
2019,MU,1219,60,40,20,0.04922067268252666,0.03281378178835111,0.016406890894175553
2020,MU,1238,22,52,-30,0.017770597738287562,0.0420032310177706,-0.024232633279483037
2021,MU,1346,39,44,-5,0.02897473997028232,0.03268945022288262,-0.003714710252600297
2022,MU,1436,55,40,15,0.0383008356545961,0.027855153203342618,0.010445682451253482
2023,MU,1408,53,64,-11,0.037642045454545456,0.045454545454545456,-0.0078125
2024,MU,1058,54,63,-9,0.05103969754253308,0.05954631379962193,-0.008506616257088847
2025,MU,623,94,78,16,0.1508828250401284,0.12520064205457465,0.025682182985553772
1998,MV,24,0,0,0,0.0,0.0,0.0
1999,MV,39,1,0,1,0.02564102564102564,0.0,0.02564102564102564
2000,MV,40,3,0,3,0.075,0.0,0.075
2001,MV,75,6,2,4,0.08,0.02666666666666667,0.05333333333333334
2002,MV,83,0,8,-8,0.0,0.0963855421686747,-0.0963855421686747
2003,MV,148,26,5,21,0.17567567567567569,0.033783783783783786,0.14189189189189189
2004,MV,188,44,15,29,0.23404255319148937,0.0797872340425532,0.15425531914893617
2005,MV,204,51,31,20,0.25,0.15196078431372548,0.09803921568627451
2006,MV,225,66,41,25,0.29333333333333333,0.18222222222222223,0.1111111111111111
2007,MV,232,51,45,6,0.21982758620689655,0.1939655172413793,0.02586206896551724
2008,MV,235,66,45,21,0.28085106382978725,0.19148936170212766,0.08936170212765958
2009,MV,229,57,63,-6,0.24890829694323144,0.27510917030567683,-0.026200873362445413
2010,MV,232,40,62,-22,0.1724137931034483,0.2672413793103448,-0.09482758620689655
2011,MV,241,62,47,15,0.2572614107883817,0.1950207468879668,0.06224066390041494
2012,MV,231,67,57,10,0.29004329004329005,0.24675324675324675,0.04329004329004329
2013,MV,179,28,107,-79,0.1564245810055866,0.5977653631284916,-0.441340782122905
2014,MV,175,29,74,-45,0.1657142857142857,0.4228571428571429,-0.2571428571428571
2015,MV,203,27,44,-17,0.1330049261083744,0.21674876847290642,-0.08374384236453201
2016,MV,207,35,42,-7,0.16908212560386474,0.2028985507246377,-0.033816425120772944
2017,MV,225,35,41,-6,0.15555555555555556,0.18222222222222223,-0.02666666666666667
2018,MV,296,42,49,-7,0.14189189189189189,0.16554054054054054,-0.02364864864864865
2019,MV,394,38,57,-19,0.09644670050761421,0.1446700507614213,-0.048223350253807105
2020,MV,508,79,45,34,0.15551181102362205,0.08858267716535433,0.06692913385826772
2021,MV,520,55,55,0,0.10576923076923077,0.10576923076923077,0.0
2022,MV,611,63,57,6,0.10310965630114566,0.09328968903436989,0.009819967266775777
2023,MV,820,94,66,28,0.11463414634146342,0.08048780487804878,0.03414634146341464
2024,MV,698,91,82,9,0.1303724928366762,0.1174785100286533,0.012893982808022923
2025,MV,506,163,92,71,0.3221343873517787,0.18181818181818182,0.14031620553359683
1998,MW,268,0,0,0,0.0,0.0,0.0
1999,MW,370,14,19,-5,0.03783783783783784,0.051351351351351354,-0.013513513513513514
2000,MW,498,17,13,4,0.03413654618473896,0.02610441767068273,0.008032128514056224
2001,MW,573,30,23,7,0.05235602094240838,0.04013961605584642,0.012216404886561954
2002,MW,569,20,33,-13,0.0351493848857645,0.05799648506151142,-0.022847100175746926
2003,MW,600,35,29,6,0.058333333333333334,0.04833333333333333,0.01
2004,MW,618,31,29,2,0.05016181229773463,0.04692556634304207,0.003236245954692557
2005,MW,688,36,38,-2,0.05232558139534884,0.055232558139534885,-0.0029069767441860465
2006,MW,726,47,34,13,0.06473829201101929,0.046831955922865015,0.01790633608815427
2007,MW,815,47,54,-7,0.05766871165644172,0.06625766871165645,-0.008588957055214725
2008,MW,894,55,50,5,0.06152125279642058,0.05592841163310962,0.005592841163310962
2009,MW,1015,66,71,-5,0.06502463054187192,0.06995073891625615,-0.0049261083743842365
2010,MW,1109,52,66,-14,0.046889089269612265,0.059513074842200184,-0.012623985572587917
2011,MW,1235,64,62,2,0.051821862348178135,0.05020242914979757,0.0016194331983805667
2012,MW,1393,79,78,1,0.05671213208901651,0.05599425699928212,0.0007178750897343862
2013,MW,1532,102,71,31,0.06657963446475196,0.04634464751958225,0.020234986945169713
2014,MW,1641,86,118,-32,0.05240706886045095,0.07190737355271176,-0.019500304692260818
2015,MW,1820,123,111,12,0.06758241758241758,0.06098901098901099,0.006593406593406593
2016,MW,1960,122,130,-8,0.06224489795918367,0.0663265306122449,-0.004081632653061225
2017,MW,2090,155,138,17,0.07416267942583732,0.0660287081339713,0.008133971291866028
2018,MW,2355,132,149,-17,0.05605095541401274,0.06326963906581741,-0.007218683651804671
2019,MW,2624,154,170,-16,0.0586890243902439,0.06478658536585366,-0.006097560975609756
2020,MW,3073,202,211,-9,0.06573381060852587,0.0686625447445493,-0.00292873413602343
2021,MW,3547,226,195,31,0.0637158161826896,0.05497603608683394,0.008739780095855652
2022,MW,4181,179,166,13,0.04281272422865343,0.03970342023439369,0.0031093039942597465
2023,MW,4690,201,249,-48,0.04285714285714286,0.05309168443496802,-0.01023454157782516
2024,MW,3891,287,264,23,0.07375995887946543,0.06784888203546646,0.005911076843998972
2025,MW,2629,381,301,80,0.14492202358311146,0.11449220235831115,0.030429821224800303
1998,MX,27203,0,0,0,0.0,0.0,0.0
1999,MX,29003,534,565,-31,0.01841188842533531,0.019480743371375377,-0.0010688549460400648
2000,MX,32531,905,827,78,0.02781961821032246,0.025421905259598535,0.0023977129507239247
2001,MX,35935,1058,1001,57,0.029442048142479478,0.02785585084179769,0.0015861973006817865
2002,MX,40646,1287,1247,40,0.03166363233774541,0.030679525660581606,0.0009841066771638046
2003,MX,44742,1456,1456,0,0.032542130436726116,0.032542130436726116,0.0
2004,MX,49844,1650,1585,65,0.03310328224059064,0.031799213546264346,0.001304068694326298
2005,MX,54231,1844,1866,-22,0.03400269218712545,0.03440836421972673,-0.00040567203260127974
2006,MX,59160,2204,2142,62,0.03725490196078431,0.03620689655172414,0.0010480054090601758
2007,MX,65492,2363,2180,183,0.036080742686129604,0.03328650827581995,0.002794234410309656
2008,MX,71132,2581,2624,-43,0.03628465388292189,0.03688916380813136,-0.0006045099252094697
2009,MX,79224,2893,3002,-109,0.03651671210744219,0.037892557810764414,-0.0013758457033222257
2010,MX,86305,2994,3134,-140,0.034690921731070044,0.036313075719830834,-0.0016221539887607901
2011,MX,94811,3419,3336,83,0.036061216525508644,0.03518579067829682,0.0008754258472118214
2012,MX,103050,3781,3760,21,0.036690926734594856,0.03648714216399806,0.00020378457059679766
2013,MX,112233,4044,4200,-156,0.0360321830477667,0.037422148565929805,-0.0013899655181631072
2014,MX,122893,4325,4458,-133,0.03519321686345032,0.03627545913925122,-0.0010822422758008999
2015,MX,132634,4768,4882,-114,0.035948550145513215,0.036808058265603086,-0.0008595081200898714
2016,MX,144408,5198,5101,97,0.03599523572101269,0.03532352778239433,0.000671707938618359
2017,MX,154522,5492,5529,-37,0.03554186458886113,0.03578131269333817,-0.0002394481044770324
2018,MX,164230,5873,6048,-175,0.03576082323570602,0.03682640199719905,-0.001065578761493028
2019,MX,169955,5954,6256,-302,0.03503280280074137,0.036809743755700036,-0.0017769409549586656
2020,MX,178277,6135,7087,-952,0.03441273972525901,0.0397527443248428,-0.005340004599583794
2021,MX,187665,6232,6997,-765,0.03320811019636054,0.03728452295313457,-0.004076412756774039
2022,MX,197840,5937,6722,-785,0.03000909826122119,0.03397695107157299,-0.0039678528103517996
2023,MX,205913,8056,7960,96,0.03912331907164676,0.0386571027569896,0.00046621631465716104
2024,MX,160514,8572,8523,49,0.053403441444359996,0.05309817212205789,0.0003052693223021045
2025,MX,101882,9824,9136,688,0.09642527630003338,0.0896723660705522,0.006752910229481164
1998,MY,4502,0,0,0,0.0,0.0,0.0
1999,MY,5061,114,72,42,0.022525192649673977,0.014226437462951986,0.008298755186721992
2000,MY,6319,174,146,28,0.02753600253204621,0.023104921664820383,0.004431080867225827
2001,MY,7418,201,199,2,0.02709625235912645,0.026826637907791856,0.00026961445133459155
2002,MY,9121,321,231,90,0.035193509483609255,0.02532617037605526,0.009867339107553996
2003,MY,10494,315,315,0,0.030017152658662092,0.030017152658662092,0.0
2004,MY,12786,427,351,76,0.033395901767558266,0.027451900516189582,0.0059440012513686845
2005,MY,14790,499,417,82,0.03373901284651792,0.0281947261663286,0.005544286680189317
2006,MY,18769,619,595,24,0.03297991368746337,0.031701209441099686,0.0012787042463636847
2007,MY,23694,698,610,88,0.02945893475141386,0.02574491432430151,0.003714020427112349
2008,MY,31327,1015,666,349,0.03240016599099818,0.021259616305423435,0.011140549685574744
2009,MY,39959,1139,881,258,0.0285042168222428,0.022047598788758477,0.006456618033484321
2010,MY,50741,1480,1085,395,0.0291677341794604,0.02138310242210441,0.0077846317573559845
2011,MY,60944,1804,1367,437,0.02960094512995537,0.022430427933840903,0.007170517196114465
2012,MY,70981,2175,1760,415,0.030642002789478876,0.024795367774474858,0.005846635015004016
2013,MY,78749,2521,2177,344,0.03201310492831655,0.027644795489466533,0.004368309438850017
2014,MY,85936,2803,2449,354,0.032617296592813254,0.028497951964252467,0.00411934462856079
2015,MY,94627,2809,2868,-59,0.029684973633318186,0.03030847432550963,-0.0006235006921914464
2016,MY,106326,2899,3347,-448,0.027265203242856875,0.031478659970280085,-0.004213456727423208
2017,MY,116103,3120,3750,-630,0.026872690628149145,0.03229890700498695,-0.005426216376837808
2018,MY,125037,3276,4224,-948,0.02620024472756064,0.03378200052784376,-0.007581755800283117
2019,MY,134910,3430,4595,-1165,0.025424356978726557,0.03405974353272552,-0.008635386553998963
2020,MY,146799,3728,4722,-994,0.025395268360138692,0.032166431651441764,-0.006771163291303074
2021,MY,154957,4284,4843,-559,0.027646379318133418,0.03125383170815129,-0.0036074523900178758
2022,MY,156078,3556,4545,-989,0.022783480054844374,0.029120055356936916,-0.006336575302092543
2023,MY,155745,5087,5803,-716,0.03266236476291374,0.03725962310186523,-0.004597258338951491
2024,MY,119310,6237,6858,-621,0.05227558461151622,0.05748051294945939,-0.005204928337943174
2025,MY,76315,6913,7928,-1015,0.09058507501801742,0.10388521260564765,-0.013300137587630217
1998,MZ,356,0,0,0,0.0,0.0,0.0
1999,MZ,465,14,17,-3,0.030107526881720432,0.03655913978494624,-0.0064516129032258064
2000,MZ,515,33,34,-1,0.06407766990291262,0.06601941747572816,-0.001941747572815534
2001,MZ,548,28,44,-16,0.051094890510948905,0.08029197080291971,-0.029197080291970802
2002,MZ,549,38,47,-9,0.0692167577413479,0.08561020036429873,-0.01639344262295082
2003,MZ,586,55,44,11,0.09385665529010238,0.07508532423208192,0.01877133105802048
2004,MZ,638,50,42,8,0.07836990595611286,0.06583072100313479,0.012539184952978056
2005,MZ,700,46,60,-14,0.06571428571428571,0.08571428571428572,-0.02
2006,MZ,845,66,69,-3,0.07810650887573964,0.08165680473372781,-0.0035502958579881655
2007,MZ,880,65,82,-17,0.07386363636363637,0.09318181818181819,-0.019318181818181818
2008,MZ,945,96,83,13,0.10158730158730159,0.08783068783068783,0.013756613756613757
2009,MZ,970,92,100,-8,0.09484536082474226,0.10309278350515463,-0.008247422680412371
2010,MZ,1028,97,100,-3,0.0943579766536965,0.09727626459143969,-0.0029182879377431907
2011,MZ,1140,99,126,-27,0.0868421052631579,0.11052631578947368,-0.02368421052631579
2012,MZ,1374,98,141,-43,0.07132459970887918,0.10262008733624454,-0.03129548762736536
2013,MZ,1609,136,117,19,0.08452454940957116,0.07271597265382225,0.011808576755748913
2014,MZ,1807,192,139,53,0.10625345877144439,0.07692307692307693,0.02933038184836746
2015,MZ,1922,180,201,-21,0.09365244536940687,0.10457856399583768,-0.010926118626430802
2016,MZ,2129,162,193,-31,0.0760920620009394,0.09065288868013152,-0.01456082667919211
2017,MZ,2547,218,212,6,0.0855908912446015,0.08323517864153906,0.002355712603062426
2018,MZ,2990,234,206,28,0.0782608695652174,0.06889632107023412,0.009364548494983277
2019,MZ,3400,259,212,47,0.07617647058823529,0.06235294117647059,0.013823529411764707
2020,MZ,3783,234,313,-79,0.061855670103092786,0.08273856727464975,-0.020882897171556964
2021,MZ,4229,313,340,-27,0.07401276897611729,0.08039725703475999,-0.006384488058642705
2022,MZ,4391,283,308,-25,0.06445001138692781,0.07014347529036666,-0.0056934639034388525
2023,MZ,4598,389,390,-1,0.08460200086994345,0.08481948673336233,-0.00021748586341887777
2024,MZ,3434,361,376,-15,0.10512521840419337,0.10949330227140361,-0.004368083867210251
2025,MZ,2154,460,383,77,0.2135561745589601,0.1778087279480037,0.03574744661095636
1998,NA,114,0,0,0,0.0,0.0,0.0
1999,NA,127,3,4,-1,0.023622047244094488,0.031496062992125984,-0.007874015748031496
2000,NA,145,3,9,-6,0.020689655172413793,0.06206896551724138,-0.041379310344827586
2001,NA,154,7,3,4,0.045454545454545456,0.01948051948051948,0.025974025974025976
2002,NA,166,6,4,2,0.03614457831325301,0.024096385542168676,0.012048192771084338
2003,NA,192,7,9,-2,0.036458333333333336,0.046875,-0.010416666666666666
2004,NA,221,6,14,-8,0.027149321266968326,0.06334841628959276,-0.03619909502262444
2005,NA,232,9,8,1,0.03879310344827586,0.034482758620689655,0.004310344827586207
2006,NA,237,10,14,-4,0.04219409282700422,0.05907172995780591,-0.016877637130801686
2007,NA,239,12,10,2,0.0502092050209205,0.04184100418410042,0.008368200836820083
2008,NA,261,13,16,-3,0.04980842911877394,0.06130268199233716,-0.011494252873563218
2009,NA,290,11,18,-7,0.03793103448275862,0.06206896551724138,-0.02413793103448276
2010,NA,336,10,8,2,0.02976190476190476,0.023809523809523808,0.005952380952380952
2011,NA,428,19,12,7,0.04439252336448598,0.028037383177570093,0.016355140186915886
2012,NA,572,35,15,20,0.06118881118881119,0.026223776223776224,0.03496503496503497
2013,NA,704,44,23,21,0.0625,0.032670454545454544,0.029829545454545456
2014,NA,818,53,25,28,0.0647921760391198,0.030562347188264057,0.034229828850855744
2015,NA,870,35,35,0,0.040229885057471264,0.040229885057471264,0.0
2016,NA,974,48,33,15,0.049281314168377825,0.033880903490759756,0.015400410677618069
2017,NA,1106,57,38,19,0.051537070524412296,0.034358047016274866,0.017179023508137433
2018,NA,1283,47,42,5,0.036632891660171474,0.03273577552611068,0.003897116134060795
2019,NA,1488,71,38,33,0.04771505376344086,0.025537634408602152,0.02217741935483871
2020,NA,1645,71,61,10,0.043161094224924014,0.03708206686930091,0.0060790273556231
2021,NA,1881,81,56,25,0.0430622009569378,0.029771398192450824,0.013290802764486975
2022,NA,1948,66,73,-7,0.033880903490759756,0.03747433264887064,-0.003593429158110883
2023,NA,2190,97,93,4,0.04429223744292238,0.04246575342465753,0.0018264840182648401
2024,NA,1668,87,80,7,0.052158273381294966,0.047961630695443645,0.004196642685851319
2025,NA,1150,119,78,41,0.10347826086956521,0.06782608695652174,0.035652173913043476
1998,NC,107,0,0,0,0.0,0.0,0.0
1999,NC,95,5,12,-7,0.05263157894736842,0.12631578947368421,-0.07368421052631578
2000,NC,121,15,6,9,0.12396694214876033,0.049586776859504134,0.0743801652892562
2001,NC,129,10,11,-1,0.07751937984496124,0.08527131782945736,-0.007751937984496124
2002,NC,140,13,13,0,0.09285714285714286,0.09285714285714286,0.0
2003,NC,180,25,16,9,0.1388888888888889,0.08888888888888889,0.05
2004,NC,213,19,26,-7,0.0892018779342723,0.12206572769953052,-0.03286384976525822
2005,NC,250,31,22,9,0.124,0.088,0.036
2006,NC,265,28,27,1,0.10566037735849057,0.1018867924528302,0.0037735849056603774
2007,NC,287,41,27,14,0.14285714285714285,0.09407665505226481,0.04878048780487805
2008,NC,323,37,31,6,0.11455108359133127,0.09597523219814241,0.018575851393188854
2009,NC,311,34,37,-3,0.10932475884244373,0.1189710610932476,-0.00964630225080386
2010,NC,350,53,38,15,0.15142857142857144,0.10857142857142857,0.04285714285714286
2011,NC,338,38,50,-12,0.11242603550295859,0.14792899408284024,-0.03550295857988166
2012,NC,413,59,49,10,0.14285714285714285,0.11864406779661017,0.024213075060532687
2013,NC,438,42,32,10,0.0958904109589041,0.0730593607305936,0.0228310502283105
2014,NC,428,73,47,26,0.1705607476635514,0.10981308411214953,0.06074766355140187
2015,NC,435,55,57,-2,0.12643678160919541,0.1310344827586207,-0.004597701149425287
2016,NC,491,55,55,0,0.1120162932790224,0.1120162932790224,0.0
2017,NC,543,76,58,18,0.13996316758747698,0.10681399631675875,0.03314917127071823
2018,NC,584,94,48,46,0.16095890410958905,0.0821917808219178,0.07876712328767123
2019,NC,529,53,75,-22,0.1001890359168242,0.14177693761814744,-0.04158790170132325
2020,NC,591,75,64,11,0.12690355329949238,0.10829103214890017,0.018612521150592216
2021,NC,631,64,63,1,0.10142630744849446,0.09984152139461172,0.001584786053882726
2022,NC,634,73,73,0,0.11514195583596215,0.11514195583596215,0.0
2023,NC,638,79,83,-4,0.1238244514106583,0.13009404388714735,-0.006269592476489028
2024,NC,492,57,54,3,0.11585365853658537,0.10975609756097561,0.006097560975609756
2025,NC,359,97,77,20,0.27019498607242337,0.21448467966573817,0.055710306406685235
1998,NE,427,0,0,0,0.0,0.0,0.0
1999,NE,434,28,23,5,0.06451612903225806,0.052995391705069124,0.01152073732718894
2000,NE,441,40,63,-23,0.09070294784580499,0.14285714285714285,-0.05215419501133787
2001,NE,449,48,48,0,0.10690423162583519,0.10690423162583519,0.0
2002,NE,482,55,47,8,0.11410788381742738,0.0975103734439834,0.016597510373443983
2003,NE,541,68,66,2,0.1256931608133087,0.12199630314232902,0.0036968576709796672
2004,NE,582,94,72,22,0.16151202749140894,0.12371134020618557,0.037800687285223365
2005,NE,567,81,103,-22,0.14285714285714285,0.18165784832451498,-0.03880070546737213
2006,NE,560,99,99,0,0.1767857142857143,0.1767857142857143,0.0
2007,NE,584,89,101,-12,0.1523972602739726,0.17294520547945205,-0.02054794520547945
2008,NE,588,65,122,-57,0.11054421768707483,0.20748299319727892,-0.09693877551020408
2009,NE,691,102,93,9,0.1476121562952243,0.1345875542691751,0.013024602026049204
2010,NE,750,90,100,-10,0.12,0.13333333333333333,-0.013333333333333334
2011,NE,828,112,98,14,0.13526570048309178,0.11835748792270531,0.016908212560386472
2012,NE,917,86,80,6,0.09378407851690294,0.08724100327153762,0.006543075245365322
2013,NE,1012,106,108,-2,0.10474308300395258,0.1067193675889328,-0.001976284584980237
2014,NE,1114,111,105,6,0.09964093357271095,0.09425493716337523,0.005385996409335727
2015,NE,1261,118,106,12,0.09357652656621729,0.08406026962727994,0.00951625693893735
2016,NE,1392,104,118,-14,0.07471264367816093,0.08477011494252873,-0.010057471264367816
2017,NE,1554,136,115,21,0.08751608751608751,0.074002574002574,0.013513513513513514
2018,NE,1662,153,110,43,0.09205776173285199,0.06618531889290012,0.025872442839951864
2019,NE,1772,132,137,-5,0.0744920993227991,0.077313769751693,-0.0028216704288939053
2020,NE,2024,130,137,-7,0.06422924901185771,0.06768774703557312,-0.003458498023715415
2021,NE,2173,144,124,20,0.06626783248964566,0.057063966866083754,0.009203865623561895
2022,NE,2478,96,112,-16,0.0387409200968523,0.04519774011299435,-0.00645682001614205
2023,NE,2567,129,131,-2,0.05025321386832879,0.0510323334631866,-0.0007791195948578107
2024,NE,2028,148,126,22,0.07297830374753451,0.0621301775147929,0.010848126232741617
2025,NE,1119,145,156,-11,0.12957998212689903,0.13941018766756033,-0.009830205540661306
1998,NG,4391,0,0,0,0.0,0.0,0.0
1999,NG,5122,46,68,-22,0.008980866848887154,0.013276064037485357,-0.004295197188598204
2000,NG,6222,114,93,21,0.01832208293153327,0.014946962391513982,0.0033751205400192863
2001,NG,6962,95,138,-43,0.013645504165469693,0.01982189026141913,-0.00617638609594944
2002,NG,9072,158,172,-14,0.017416225749559082,0.01895943562610229,-0.0015432098765432098
2003,NG,11079,159,187,-28,0.014351475764960736,0.016878779673255708,-0.0025273039082949725
2004,NG,12582,191,212,-21,0.015180416467970116,0.016849467493244317,-0.0016690510252742013
2005,NG,13410,226,215,11,0.0168530947054437,0.01603281133482476,0.0008202833706189411
2006,NG,13558,212,247,-35,0.015636524561144713,0.01821802625756011,-0.0025815016964154005
2007,NG,15137,323,310,13,0.021338442227654093,0.020479619475457487,0.0008588227521966043
2008,NG,18969,349,369,-20,0.018398439559280933,0.01945279139648901,-0.0010543518372080763
2009,NG,24222,407,462,-55,0.016802906448683014,0.01907356948228883,-0.002270663033605813
2010,NG,29610,523,464,59,0.017662951705504897,0.015670381627828436,0.0019925700776764607
2011,NG,36861,602,587,15,0.01633162420986951,0.015924690051816282,0.000406934158053227
2012,NG,45988,659,634,25,0.014329825171783944,0.013786205096981821,0.0005436200748021223
2013,NG,54620,733,731,2,0.013419992676675211,0.013383376052727939,3.661662394727206e-05
2014,NG,61251,1031,869,162,0.016832378246885764,0.014187523469004587,0.0026448547778811773
2015,NG,67824,1113,1006,107,0.016410120311394195,0.014832507666902571,0.0015776126444916254
2016,NG,77838,1274,1154,120,0.01636732701251317,0.014825663557645367,0.0015416634548678023
2017,NG,92017,1507,1238,269,0.016377408522338262,0.013454035667322343,0.002923372855015921
2018,NG,112056,1664,1670,-6,0.014849717998143785,0.014903262654387092,-5.3544656243306916e-05
2019,NG,129506,1993,1845,148,0.015389248374592683,0.014246444180192424,0.0011428041944002594
2020,NG,148384,2423,2299,124,0.016329253827905975,0.01549358421393142,0.0008356696139745526
2021,NG,157318,2460,2585,-125,0.015637117176673997,0.01643168613890337,-0.0007945689622293698
2022,NG,164590,2273,2611,-338,0.013810073516009477,0.015863661218786074,-0.0020535877027765964
2023,NG,177077,3182,3835,-653,0.01796958385335193,0.02165724515323842,-0.0036876612998864903
2024,NG,134729,3731,4445,-714,0.027692627422455447,0.03299215462149945,-0.005299527199044007
2025,NG,84087,4313,5551,-1238,0.051292114119899625,0.06601496069547017,-0.01472284657557054
1998,NI,211,0,0,0,0.0,0.0,0.0
1999,NI,255,7,7,0,0.027450980392156862,0.027450980392156862,0.0
2000,NI,300,15,10,5,0.05,0.03333333333333333,0.016666666666666666
2001,NI,290,8,18,-10,0.027586206896551724,0.06206896551724138,-0.034482758620689655
2002,NI,313,21,28,-7,0.0670926517571885,0.08945686900958466,-0.022364217252396165
2003,NI,346,19,35,-16,0.05491329479768786,0.10115606936416185,-0.046242774566473986
2004,NI,430,37,27,10,0.08604651162790698,0.06279069767441861,0.023255813953488372
2005,NI,495,40,38,2,0.08080808080808081,0.07676767676767676,0.00404040404040404
2006,NI,599,44,36,8,0.07345575959933222,0.06010016694490818,0.01335559265442404
2007,NI,587,37,55,-18,0.06303236797274275,0.09369676320272573,-0.030664395229982964
2008,NI,611,69,49,20,0.11292962356792144,0.08019639934533551,0.03273322422258593
2009,NI,686,54,70,-16,0.07871720116618076,0.10204081632653061,-0.023323615160349854
2010,NI,835,70,78,-8,0.08383233532934131,0.09341317365269461,-0.009580838323353293
2011,NI,1000,102,90,12,0.102,0.09,0.012
2012,NI,1108,103,120,-17,0.09296028880866426,0.10830324909747292,-0.015342960288808664
2013,NI,1345,107,122,-15,0.0795539033457249,0.09070631970260223,-0.011152416356877323
2014,NI,1507,118,122,-4,0.07830126078301261,0.0809555408095554,-0.0026542800265428003
2015,NI,1790,148,110,38,0.08268156424581005,0.061452513966480445,0.021229050279329607
2016,NI,1890,148,170,-22,0.07830687830687831,0.08994708994708994,-0.01164021164021164
2017,NI,2125,196,151,45,0.09223529411764705,0.07105882352941177,0.021176470588235293
2018,NI,2172,168,205,-37,0.07734806629834254,0.0943830570902394,-0.01703499079189687
2019,NI,2356,194,174,20,0.08234295415959253,0.07385398981324279,0.008488964346349746
2020,NI,2400,213,213,0,0.08875,0.08875,0.0
2021,NI,2430,173,209,-36,0.07119341563786008,0.0860082304526749,-0.014814814814814815
2022,NI,2601,175,197,-22,0.06728181468665898,0.07574009996155324,-0.008458285274894272
2023,NI,2858,255,245,10,0.08922323303009097,0.08572428271518544,0.0034989503149055285
2024,NI,2182,241,254,-13,0.11044912923923006,0.11640696608615948,-0.005957836846929423
2025,NI,1348,360,302,58,0.26706231454005935,0.22403560830860533,0.04302670623145401
1998,NL,60492,0,0,0,0.0,0.0,0.0
1999,NL,61186,1776,1707,69,0.029026247834471938,0.027898538881443467,0.0011277089530284706
2000,NL,65094,2561,2488,73,0.03934310381909239,0.03822164869265984,0.0011214551264325436
2001,NL,68307,2882,2671,211,0.042191869061735984,0.039102873790387516,0.003088995271348471
2002,NL,72143,3341,3343,-2,0.04631079938455567,0.04633852210193643,-2.7722717380757662e-05
2003,NL,75711,3842,3566,276,0.05074559839389257,0.04710015717663219,0.0036454412172603717
2004,NL,79629,3955,4006,-51,0.049667834582878094,0.05030830476333999,-0.000640470180461892
2005,NL,83392,4421,4316,105,0.053014677666922486,0.05175556408288565,0.001259113584036838
2006,NL,87641,4686,4636,50,0.05346812564895426,0.05289761641240972,0.0005705092365445397
2007,NL,92831,4793,4918,-125,0.0516314593185466,0.05297799226551475,-0.0013465329469681464
2008,NL,98622,5200,5385,-185,0.052726572164425785,0.0546024213664294,-0.0018758492020036098
2009,NL,104531,5890,5729,161,0.05634692100907865,0.054806708057896704,0.001540212951181946
2010,NL,109535,6086,5903,183,0.05556214908476743,0.05389145022139042,0.0016706988633770027
2011,NL,114918,6557,6199,358,0.057058076193459685,0.053942811395951897,0.003115264797507788
2012,NL,119058,6710,6808,-98,0.056359085487745465,0.0571822137109644,-0.0008231282232189353
2013,NL,122934,7035,7082,-47,0.05722582849333789,0.057608147461239365,-0.0003823189679014756
2014,NL,127179,7318,7669,-351,0.05754094622539885,0.06030083582981467,-0.0027598896044158236
2015,NL,131467,7711,8013,-302,0.05865350239984179,0.060950656818821454,-0.002297154418979668
2016,NL,136513,8350,8218,132,0.06116633580684624,0.06019939492942064,0.0009669408774255931
2017,NL,141676,8583,8689,-106,0.0605818910754115,0.06133007707727491,-0.0007481860018634066
2018,NL,147776,9430,9045,385,0.06381279774794284,0.06120750324815938,0.002605294499783456
2019,NL,153948,9757,8931,826,0.06337854340426638,0.05801309533089095,0.005365448073375426
2020,NL,163769,10063,9617,446,0.061446305466846596,0.05872295733624801,0.002723348130598587
2021,NL,169711,10058,9291,767,0.05926545715952413,0.05474600939243773,0.0045194477670864
2022,NL,173992,9428,8569,859,0.05418639937468389,0.04924939077658743,0.004937008598096464
2023,NL,177259,10553,10003,550,0.05953435368584952,0.05643154931484438,0.003102804371005139
2024,NL,145648,10500,10479,21,0.07209161814786334,0.07194743491156762,0.00014418323629572668
2025,NL,102295,11086,11267,-181,0.10837284324747055,0.11014223569089399,-0.0017693924434234321
1998,NO,16315,0,0,0,0.0,0.0,0.0
1999,NO,16615,447,477,-30,0.026903400541679206,0.028708997893469757,-0.0018055973517905506
2000,NO,17693,686,680,6,0.038772395862770585,0.038433278697790084,0.0003391171649805008
2001,NO,18425,881,778,103,0.04781546811397558,0.04222523744911805,0.005590230664857531
2002,NO,19532,898,959,-61,0.045975834527954125,0.0490989146016793,-0.003123080073725169
2003,NO,21152,995,966,29,0.04704046898638427,0.04566944024205749,0.0013710287443267776
2004,NO,22931,1117,1031,86,0.048711351445641274,0.0449609698661201,0.003750381579521172
2005,NO,24558,1277,1176,101,0.05199934848114667,0.047886635719521134,0.00411271276162554
2006,NO,26101,1392,1305,87,0.053331289988889315,0.04999808436458373,0.003333205624305582
2007,NO,28534,1500,1317,183,0.05256886521342959,0.046155463657391184,0.006413401556038411
2008,NO,30922,1675,1458,217,0.054168553133691226,0.04715089580234137,0.007017657331349848
2009,NO,33486,2075,1558,517,0.06196619482768918,0.04652690676700711,0.015439288060682076
2010,NO,35192,2009,1639,370,0.05708683791770857,0.04657308479199818,0.010513753125710389
2011,NO,37099,2285,1919,366,0.06159195665651365,0.05172646162969352,0.00986549502682013
2012,NO,39201,2409,2059,350,0.061452513966480445,0.052524170301778014,0.00892834366470243
2013,NO,40973,2484,2241,243,0.060625289825006715,0.054694554950821275,0.005930734874185439
2014,NO,43578,2657,2324,333,0.06097113222268117,0.053329661755931894,0.007641470466749277
2015,NO,46191,2878,2475,403,0.0623065099261761,0.0535818665973891,0.008724643328786993
2016,NO,48788,3117,2620,497,0.06388866114618348,0.05370172993359023,0.01018693121259326
2017,NO,51024,3340,2636,704,0.06545939165882722,0.051661962997804955,0.013797428661022263
2018,NO,52922,3364,2931,433,0.0635652469672348,0.05538339442953781,0.008181852537696988
2019,NO,55771,3598,3108,490,0.06451381542378655,0.05572788725323197,0.00878592817055459
2020,NO,59447,3668,3316,352,0.06170202028697832,0.055780779517889886,0.005921240769088431
2021,NO,62628,4237,3191,1046,0.06765344574311809,0.05095165101871368,0.01670179472440442
2022,NO,63779,3691,3302,389,0.057871713259850424,0.05177252700732216,0.006099186252528262
2023,NO,65936,4514,3682,832,0.0684603251637952,0.05584202863382674,0.012618296529968454
2024,NO,54192,4384,4123,261,0.08089754945379392,0.07608134041925008,0.0048162090345438445
2025,NO,38074,4687,4401,286,0.12310237957661396,0.11559069181068446,0.007511687765929506
1998,NP,722,0,0,0,0.0,0.0,0.0
1999,NP,779,35,45,-10,0.044929396662387676,0.057766367137355584,-0.012836970474967908
2000,NP,823,64,56,8,0.07776427703523693,0.06804374240583232,0.009720534629404616
2001,NP,1347,80,79,1,0.05939123979213066,0.05864884929472903,0.0007423904974016332
2002,NP,1540,71,82,-11,0.046103896103896105,0.053246753246753244,-0.007142857142857143
2003,NP,1825,136,116,20,0.07452054794520548,0.06356164383561644,0.010958904109589041
2004,NP,1650,109,135,-26,0.06606060606060606,0.08181818181818182,-0.01575757575757576
2005,NP,1928,125,146,-21,0.06483402489626557,0.07572614107883817,-0.010892116182572614
2006,NP,2297,150,169,-19,0.06530256856769699,0.07357422725293862,-0.00827165868524162
2007,NP,2531,201,189,12,0.07941525088897669,0.07467404188067957,0.004741209008297116
2008,NP,2785,210,244,-34,0.07540394973070018,0.08761220825852782,-0.012208258527827648
2009,NP,3126,200,261,-61,0.06397952655150352,0.08349328214971209,-0.019513755598208574
2010,NP,4365,319,277,42,0.07308132875143185,0.06345933562428407,0.009621993127147767
2011,NP,6013,356,365,-9,0.05920505571262265,0.06070181273906536,-0.0014967570264427074
2012,NP,7490,546,429,117,0.07289719626168224,0.05727636849132176,0.01562082777036048
2013,NP,8435,667,536,131,0.07907528156490812,0.06354475400118553,0.015530527563722585
2014,NP,8756,626,687,-61,0.07149383280036546,0.07846048423937871,-0.006966651439013248
2015,NP,10407,751,704,47,0.07216296723359278,0.06764677620832132,0.004516191025271452
2016,NP,12297,765,838,-73,0.062210295193949744,0.06814670244775148,-0.00593640725380174
2017,NP,15353,958,886,72,0.062398228359278315,0.057708591154823165,0.004689637204455155
2018,NP,18312,1088,1007,81,0.059414591524683265,0.0549912625600699,0.004423328964613368
2019,NP,21332,1364,1122,242,0.06394149634352148,0.05259703731483218,0.011344459028689293
2020,NP,24275,1542,1452,90,0.0635221421215242,0.05981462409886715,0.0037075180226570545
2021,NP,27460,1515,1579,-64,0.05517115804806992,0.05750182083029862,-0.002330662782228696
2022,NP,30495,1483,1595,-112,0.048630923102147894,0.052303656337104446,-0.0036727332349565504
2023,NP,34463,2143,2052,91,0.06218263064736094,0.05954211763340394,0.002640513013956997
2024,NP,27155,2221,2607,-386,0.08178972564905174,0.09600441907567667,-0.01421469342662493
2025,NP,18123,2812,2961,-149,0.15516194890470672,0.1633835457705678,-0.008221596865861061
1998,NU,3,0,0,0,0.0,0.0,0.0
1999,NU,2,0,0,0,0.0,0.0,0.0
2000,NU,1,0,0,0,0.0,0.0,0.0
2001,NU,1,0,0,0,0.0,0.0,0.0
2002,NU,1,0,0,0,0.0,0.0,0.0
2005,NU,1,0,0,0,0.0,0.0,0.0
2006,NU,2,1,0,1,0.5,0.0,0.5
2007,NU,2,0,1,-1,0.0,0.5,-0.5
2008,NU,1,0,0,0,0.0,0.0,0.0
2009,NU,1,0,1,-1,0.0,1.0,-1.0
2010,NU,1,0,0,0,0.0,0.0,0.0
2011,NU,1,0,0,0,0.0,0.0,0.0
2012,NU,2,1,0,1,0.5,0.0,0.5
2013,NU,1,0,0,0,0.0,0.0,0.0
2014,NU,2,1,0,1,0.5,0.0,0.5
2015,NU,3,0,2,-2,0.0,0.6666666666666666,-0.6666666666666666
2016,NU,6,1,0,1,0.16666666666666666,0.0,0.16666666666666666
2017,NU,9,1,0,1,0.1111111111111111,0.0,0.1111111111111111
2018,NU,6,0,1,-1,0.0,0.16666666666666666,-0.16666666666666666
2019,NU,9,0,0,0,0.0,0.0,0.0
2020,NU,10,0,2,-2,0.0,0.2,-0.2
2021,NU,26,1,1,0,0.038461538461538464,0.038461538461538464,0.0
2022,NU,27,1,1,0,0.037037037037037035,0.037037037037037035,0.0
2023,NU,51,0,1,-1,0.0,0.0196078431372549,-0.0196078431372549
2024,NU,33,0,1,-1,0.0,0.030303030303030304,-0.030303030303030304
2025,NU,28,2,1,1,0.07142857142857142,0.03571428571428571,0.03571428571428571
1998,NZ,12106,0,0,0,0.0,0.0,0.0
1999,NZ,12510,500,454,46,0.03996802557953637,0.03629096722621902,0.0036770583533173463
2000,NZ,13197,695,787,-92,0.05266348412517997,0.05963476547700235,-0.006971281351822384
2001,NZ,13870,799,846,-47,0.05760634462869502,0.06099495313626532,-0.0033886085075702957
2002,NZ,14734,933,968,-35,0.06332292656440885,0.06569838468847564,-0.002375458124066784
2003,NZ,15614,1122,1088,34,0.07185858844626618,0.06968105546304598,0.002177532983220187
2004,NZ,16823,1233,1205,28,0.07329251619806218,0.0716281281578791,0.0016643880401830827
2005,NZ,17959,1417,1304,113,0.07890194331532936,0.0726098335096609,0.006292109805668467
2006,NZ,19345,1459,1466,-7,0.0754200051692944,0.07578185577668649,-0.000361850607392091
2007,NZ,20730,1622,1407,215,0.07824409068982152,0.0678726483357453,0.010371442354076218
2008,NZ,22032,1769,1757,12,0.0802923021060276,0.0797476397966594,0.0005446623093681918
2009,NZ,23457,1840,1802,38,0.07844140341902205,0.07682141791362919,0.0016199855053928465
2010,NZ,24788,1981,1884,97,0.0799177021139261,0.07600451831531387,0.003913183798612232
2011,NZ,25947,2112,2076,36,0.08139669325933634,0.08000924962423402,0.001387443635102324
2012,NZ,26867,2144,2154,-10,0.0798004987531172,0.08017270257192839,-0.000372203818811181
2013,NZ,27591,2064,2304,-240,0.07480700228335327,0.08350549092095248,-0.008698488637599217
2014,NZ,28597,2352,2398,-46,0.08224638948141413,0.08385494981991118,-0.001608560338497045
2015,NZ,29696,2335,2432,-97,0.07863011853448276,0.08189655172413793,-0.0032664331896551722
2016,NZ,30587,2489,2418,71,0.08137444012162029,0.07905319253277536,0.002321247588844934
2017,NZ,31467,2722,2647,75,0.08650332093939683,0.08411987161152953,0.0023834493278672895
2018,NZ,32405,2628,2744,-116,0.08109859589569511,0.08467829038728591,-0.0035796944915908037
2019,NZ,34140,2966,2789,177,0.08687756297598126,0.08169302870533099,0.005184534270650264
2020,NZ,35177,2962,3144,-182,0.0842027461125167,0.08937658128891036,-0.005173835176393666
2021,NZ,35332,2925,3023,-98,0.08278614287331597,0.08555983244650742,-0.002773689573191441
2022,NZ,35339,2548,2649,-101,0.07210164407595009,0.07495967627833272,-0.0028580322023826366
2023,NZ,34926,2986,3154,-168,0.0854950466701025,0.09030521674397297,-0.004810170073870469
2024,NZ,28050,2986,3508,-522,0.10645276292335115,0.12506238859180036,-0.018609625668449196
2025,NZ,19508,3380,3559,-179,0.17326225138404758,0.18243797416444535,-0.009175722780397785
1998,OM,723,0,0,0,0.0,0.0,0.0
1999,OM,844,25,21,4,0.02962085308056872,0.024881516587677725,0.004739336492890996
2000,OM,908,35,33,2,0.03854625550660793,0.03634361233480176,0.0022026431718061676
2001,OM,980,53,29,24,0.05408163265306123,0.02959183673469388,0.024489795918367346
2002,OM,1020,48,51,-3,0.047058823529411764,0.05,-0.0029411764705882353
2003,OM,1062,60,51,9,0.05649717514124294,0.0480225988700565,0.00847457627118644
2004,OM,1114,76,59,17,0.06822262118491922,0.05296229802513465,0.01526032315978456
2005,OM,1248,77,73,4,0.06169871794871795,0.058493589743589744,0.003205128205128205
2006,OM,1454,74,73,1,0.05089408528198074,0.050206327372764786,0.000687757909215956
2007,OM,1670,104,75,29,0.06227544910179641,0.04491017964071856,0.017365269461077845
2008,OM,1915,100,94,6,0.05221932114882506,0.04908616187989556,0.003133159268929504
2009,OM,2194,146,106,40,0.06654512306289881,0.04831358249772106,0.018231540565177756
2010,OM,2533,173,127,46,0.0682984603237268,0.05013817607579945,0.018160284247927358
2011,OM,2977,198,140,58,0.06650990930466913,0.047027208599261,0.01948270070540813
2012,OM,3417,191,153,38,0.055896985659935616,0.04477611940298507,0.01112086625695054
2013,OM,3944,234,166,68,0.05933062880324544,0.04208924949290061,0.017241379310344827
2014,OM,4356,262,191,71,0.06014692378328742,0.0438475665748393,0.016299357208448117
2015,OM,4817,307,221,86,0.06373261365995433,0.045879177911563214,0.017853435748391114
2016,OM,5299,333,240,93,0.06284204566899415,0.04529156444612191,0.01755048122287224
2017,OM,5684,324,292,32,0.05700211118930331,0.05137227304714989,0.005629838142153413
2018,OM,6386,369,310,59,0.057782649545881616,0.04854368932038835,0.009238960225493267
2019,OM,7403,370,366,4,0.04997973794407672,0.04943941645278941,0.0005403214912873159
2020,OM,8607,445,362,83,0.05170210293946788,0.04205878935749971,0.009643313581968165
2021,OM,9513,497,380,117,0.05224429727740986,0.039945337958582995,0.01229895931882687
2022,OM,10450,475,379,96,0.045454545454545456,0.03626794258373206,0.009186602870813397
2023,OM,12084,658,519,139,0.054452168156239655,0.0429493545183714,0.011502813637868255
2024,OM,9771,726,601,125,0.07430150445194965,0.061508545696448674,0.012792958755500973
2025,OM,6656,910,781,129,0.13671875,0.11733774038461539,0.019381009615384616
1998,PA,528,0,0,0,0.0,0.0,0.0
1999,PA,563,22,25,-3,0.03907637655417407,0.04440497335701599,-0.0053285968028419185
2000,PA,623,32,33,-1,0.051364365971107544,0.052969502407704656,-0.0016051364365971107
2001,PA,757,44,51,-7,0.05812417437252312,0.06737120211360634,-0.009247027741083224
2002,PA,802,33,73,-40,0.04114713216957606,0.09102244389027432,-0.04987531172069826
2003,PA,818,53,47,6,0.0647921760391198,0.05745721271393643,0.007334963325183374
2004,PA,776,53,61,-8,0.06829896907216494,0.07860824742268041,-0.010309278350515464
2005,PA,846,66,71,-5,0.07801418439716312,0.08392434988179669,-0.00591016548463357
2006,PA,983,109,79,30,0.11088504577822991,0.08036622583926754,0.030518819938962362
2007,PA,1086,109,100,9,0.1003683241252302,0.09208103130755065,0.008287292817679558
2008,PA,1147,88,130,-42,0.07672188317349608,0.11333914559721012,-0.036617262423714034
2009,PA,1234,143,114,29,0.11588330632090761,0.09238249594813615,0.023500810372771474
2010,PA,1303,122,123,-1,0.09363008442056792,0.09439754412893323,-0.0007674597083653108
2011,PA,1453,129,149,-20,0.08878183069511356,0.10254645560908465,-0.013764624913971095
2012,PA,1685,156,164,-8,0.09258160237388724,0.0973293768545994,-0.004747774480712166
2013,PA,1974,192,136,56,0.0972644376899696,0.06889564336372847,0.028368794326241134
2014,PA,2232,214,166,48,0.09587813620071685,0.07437275985663082,0.021505376344086023
2015,PA,2574,225,212,13,0.08741258741258741,0.08236208236208237,0.005050505050505051
2016,PA,2882,234,238,-4,0.08119361554476058,0.08258154059680778,-0.0013879250520471894
2017,PA,3231,270,241,29,0.08356545961002786,0.07458991024450634,0.00897554936552151
2018,PA,3632,289,265,24,0.07957048458149779,0.0729625550660793,0.006607929515418502
2019,PA,4052,311,274,37,0.07675222112537018,0.06762092793682133,0.009131293188548864
2020,PA,4546,337,299,38,0.0741311042674879,0.06577210734711834,0.008358996920369555
2021,PA,5333,408,285,123,0.07650478154884681,0.05344084005250328,0.023063941496343523
2022,PA,6125,360,374,-14,0.05877551020408163,0.061061224489795916,-0.002285714285714286
2023,PA,7469,578,414,164,0.07738653099477842,0.05542910697549873,0.02195742401927969
2024,PA,5988,625,379,246,0.10437541750167001,0.0632932531730127,0.041082164328657314
2025,PA,4028,837,482,355,0.20779543197616684,0.11966236345580933,0.0881330685203575
1998,PE,2767,0,0,0,0.0,0.0,0.0
1999,PE,3045,97,121,-24,0.03185550082101806,0.03973727422003284,-0.007881773399014778
2000,PE,3492,133,178,-45,0.038087056128293245,0.05097365406643757,-0.01288659793814433
2001,PE,3809,209,188,21,0.05487004463113678,0.04935678655815175,0.005513258072985036
2002,PE,4185,274,269,5,0.06547192353643967,0.06427718040621266,0.0011947431302270011
2003,PE,4520,293,322,-29,0.06482300884955752,0.07123893805309735,-0.006415929203539823
2004,PE,5505,297,430,-133,0.05395095367847411,0.07811080835603997,-0.02415985467756585
2005,PE,6466,417,392,25,0.06449118465821219,0.060624806681101144,0.0038663779771110425
2006,PE,7370,450,497,-47,0.06105834464043419,0.06743554952510177,-0.006377204884667571
2007,PE,7901,543,510,33,0.06872547778762182,0.06454879129224149,0.004176686495380332
2008,PE,8654,638,603,35,0.07372313381095447,0.06967876126646637,0.004044372544488098
2009,PE,9642,627,696,-69,0.06502800248911014,0.07218419415059116,-0.00715619166148102
2010,PE,11087,619,716,-97,0.0558311536033192,0.06458013890141608,-0.008748985298096871
2011,PE,13537,632,771,-139,0.04668685824037822,0.05695501218881584,-0.010268153948437615
2012,PE,18692,791,812,-21,0.0423175690134817,0.043441044297025465,-0.0011234752835437621
2013,PE,21741,910,893,17,0.04185640034956994,0.041074467595786764,0.0007819327537831746
2014,PE,23969,1120,991,129,0.04672702240393842,0.04134507071634194,0.005381951687596479
2015,PE,24256,1056,1132,-76,0.04353562005277045,0.0466688654353562,-0.003133245382585752
2016,PE,27084,1183,1167,16,0.04367892482646581,0.043088170137350466,0.0005907546891153448
2017,PE,32322,1346,1230,116,0.0416434626570138,0.03805457583070355,0.003588886826310253
2018,PE,38395,1484,1316,168,0.038650865998176846,0.034275296262534186,0.0043755697356426615
2019,PE,47934,1591,1573,18,0.03319147160679267,0.0328159552718321,0.0003755163349605708
2020,PE,56441,1795,1714,81,0.031803121844049535,0.03036799489732641,0.0014351269467231269
2021,PE,64278,2150,1726,424,0.03344845825943558,0.026852111142225955,0.00659634711720962
2022,PE,67633,1796,1680,116,0.02655508405659959,0.02483994499726465,0.00171513905933494
2023,PE,70056,2803,2084,719,0.040010848464085876,0.029747630467054927,0.010263217997030947
2024,PE,51403,2731,2206,525,0.05312919479407817,0.04291578312549851,0.010213411668579656
2025,PE,30568,3180,2596,584,0.10403035854488354,0.08492541219576027,0.019104946349123266
1998,PF,112,0,0,0,0.0,0.0,0.0
1999,PF,96,2,10,-8,0.020833333333333332,0.10416666666666667,-0.08333333333333333
2000,PF,105,11,11,0,0.10476190476190476,0.10476190476190476,0.0
2001,PF,82,7,12,-5,0.08536585365853659,0.14634146341463414,-0.06097560975609756
2002,PF,87,7,12,-5,0.08045977011494253,0.13793103448275862,-0.05747126436781609
2003,PF,128,16,13,3,0.125,0.1015625,0.0234375
2004,PF,127,14,19,-5,0.11023622047244094,0.14960629921259844,-0.03937007874015748
2005,PF,137,19,8,11,0.1386861313868613,0.058394160583941604,0.08029197080291971
2006,PF,145,14,16,-2,0.09655172413793103,0.1103448275862069,-0.013793103448275862
2007,PF,165,14,15,-1,0.08484848484848485,0.09090909090909091,-0.006060606060606061
2008,PF,176,18,16,2,0.10227272727272728,0.09090909090909091,0.011363636363636364
2009,PF,191,23,14,9,0.12041884816753927,0.07329842931937172,0.04712041884816754
2010,PF,191,24,21,3,0.1256544502617801,0.1099476439790576,0.015706806282722512
2011,PF,230,33,19,14,0.14347826086956522,0.08260869565217391,0.06086956521739131
2012,PF,288,36,25,11,0.125,0.08680555555555555,0.03819444444444445
2013,PF,338,37,35,2,0.10946745562130178,0.10355029585798817,0.005917159763313609
2014,PF,348,32,38,-6,0.09195402298850575,0.10919540229885058,-0.017241379310344827
2015,PF,366,50,27,23,0.1366120218579235,0.07377049180327869,0.06284153005464481
2016,PF,378,42,30,12,0.1111111111111111,0.07936507936507936,0.031746031746031744
2017,PF,402,35,39,-4,0.08706467661691543,0.09701492537313433,-0.009950248756218905
2018,PF,451,42,39,3,0.09312638580931264,0.08647450110864745,0.0066518847006651885
2019,PF,482,76,38,38,0.15767634854771784,0.07883817427385892,0.07883817427385892
2020,PF,429,56,53,3,0.13053613053613053,0.12354312354312354,0.006993006993006993
2021,PF,409,45,56,-11,0.1100244498777506,0.13691931540342298,-0.02689486552567237
2022,PF,404,35,43,-8,0.08663366336633663,0.10643564356435643,-0.019801980198019802
2023,PF,469,49,47,2,0.1044776119402985,0.10021321961620469,0.0042643923240938165
2024,PF,378,54,45,9,0.14285714285714285,0.11904761904761904,0.023809523809523808
2025,PF,268,54,52,2,0.20149253731343283,0.19402985074626866,0.007462686567164179
1998,PG,220,0,0,0,0.0,0.0,0.0
1999,PG,219,5,5,0,0.0228310502283105,0.0228310502283105,0.0
2000,PG,216,10,14,-4,0.046296296296296294,0.06481481481481481,-0.018518518518518517
2001,PG,219,19,14,5,0.0867579908675799,0.0639269406392694,0.0228310502283105
2002,PG,201,11,18,-7,0.05472636815920398,0.08955223880597014,-0.03482587064676617
2003,PG,391,17,26,-9,0.043478260869565216,0.06649616368286446,-0.023017902813299233
2004,PG,424,13,18,-5,0.030660377358490566,0.04245283018867924,-0.01179245283018868
2005,PG,449,29,15,14,0.0645879732739421,0.0334075723830735,0.031180400890868598
2006,PG,270,18,19,-1,0.06666666666666667,0.07037037037037037,-0.003703703703703704
2007,PG,317,30,29,1,0.0946372239747634,0.0914826498422713,0.0031545741324921135
2008,PG,339,19,38,-19,0.05604719764011799,0.11209439528023599,-0.05604719764011799
2009,PG,353,31,22,9,0.08781869688385269,0.06232294617563739,0.025495750708215296
2010,PG,390,25,38,-13,0.0641025641025641,0.09743589743589744,-0.03333333333333333
2011,PG,432,41,26,15,0.09490740740740741,0.06018518518518518,0.034722222222222224
2012,PG,526,37,36,1,0.07034220532319392,0.06844106463878327,0.0019011406844106464
2013,PG,565,40,43,-3,0.07079646017699115,0.07610619469026549,-0.005309734513274336
2014,PG,614,45,37,8,0.0732899022801303,0.06026058631921824,0.013029315960912053
2015,PG,618,35,40,-5,0.05663430420711974,0.06472491909385113,-0.008090614886731391
2016,PG,568,39,39,0,0.06866197183098592,0.06866197183098592,0.0
2017,PG,625,41,42,-1,0.0656,0.0672,-0.0016
2018,PG,679,32,52,-20,0.047128129602356406,0.07658321060382917,-0.029455081001472753
2019,PG,811,60,49,11,0.07398273736128237,0.06041923551171394,0.013563501849568433
2020,PG,895,71,56,15,0.07932960893854749,0.06256983240223464,0.01675977653631285
2021,PG,926,56,74,-18,0.06047516198704104,0.07991360691144708,-0.019438444924406047
2022,PG,1048,67,53,14,0.06393129770992366,0.05057251908396947,0.013358778625954198
2023,PG,1108,64,65,-1,0.05776173285198556,0.058664259927797835,-0.0009025270758122744
2024,PG,910,109,76,33,0.11978021978021978,0.08351648351648351,0.03626373626373627
2025,PG,609,146,99,47,0.23973727422003285,0.1625615763546798,0.07717569786535304
1998,PH,1837,0,0,0,0.0,0.0,0.0
1999,PH,1815,54,68,-14,0.02975206611570248,0.03746556473829201,-0.007713498622589532
2000,PH,2018,86,90,-4,0.04261645193260654,0.044598612487611496,-0.0019821605550049554
2001,PH,2233,105,113,-8,0.047021943573667714,0.050604567845947156,-0.0035826242722794446
2002,PH,2546,145,121,24,0.05695208169677926,0.04752553024351924,0.009426551453260016
2003,PH,2779,178,165,13,0.06405181720043181,0.0593738754947823,0.004677941705649514
2004,PH,2974,163,164,-1,0.05480833893745797,0.05514458641560188,-0.0003362474781439139
2005,PH,3298,206,231,-25,0.0624620982413584,0.0700424499696786,-0.007580351728320194
2006,PH,3901,206,251,-45,0.052806972571135605,0.06434247628813125,-0.011535503716995642
2007,PH,4493,256,263,-7,0.05697752058758068,0.05853549966614734,-0.0015579790785666592
2008,PH,5109,294,291,3,0.057545507927187316,0.05695830886670581,0.0005871990604815032
2009,PH,5596,328,354,-26,0.058613295210864905,0.06325947105075054,-0.004646175839885632
2010,PH,6957,384,377,7,0.055196205260888316,0.054190024435820036,0.0010061808250682765
2011,PH,8646,419,428,-9,0.0484617164006477,0.04950266018968309,-0.001040943789035392
2012,PH,10710,454,451,3,0.04239028944911298,0.042110177404295054,0.00028011204481792715
2013,PH,13083,513,494,19,0.039211190094015136,0.037758923794236794,0.0014522662997783382
2014,PH,14994,633,589,44,0.04221688675470188,0.03928237961851407,0.0029345071361878083
2015,PH,17537,701,631,70,0.03997262929805554,0.03598106859782175,0.003991560700233791
2016,PH,20287,665,687,-22,0.032779612559767336,0.03386405087001528,-0.001084438310247942
2017,PH,24333,701,771,-70,0.028808613816627623,0.03168536555295278,-0.0028767517363251552
2018,PH,28381,848,716,132,0.029879144498079702,0.025228145590359748,0.004650998907719954
2019,PH,33664,865,881,-16,0.02569510456273764,0.026170389733840303,-0.0004752851711026616
2020,PH,42262,1050,1036,14,0.02484501443377029,0.02451374757465335,0.0003312668591169372
2021,PH,53159,1032,1041,-9,0.019413457739987584,0.019582761150510733,-0.00016930341052314753
2022,PH,63713,1160,911,249,0.018206645425580335,0.014298494812675592,0.003908150612904744
2023,PH,75958,1806,1341,465,0.02377629742752574,0.017654493272598014,0.006121804154927723
2024,PH,57833,2098,1619,479,0.03627686614908443,0.027994397662234365,0.008282468486850068
2025,PH,35689,2393,2001,392,0.06705147244248928,0.056067695928717534,0.01098377651377175
1998,PK,5149,0,0,0,0.0,0.0,0.0
1999,PK,5204,153,185,-32,0.029400461183704842,0.03554957724827056,-0.006149116064565719
2000,PK,5424,230,238,-8,0.042404129793510326,0.04387905604719764,-0.0014749262536873156
2001,PK,4375,244,284,-40,0.05577142857142857,0.06491428571428572,-0.009142857142857144
2002,PK,5033,287,358,-71,0.05702364394993046,0.07113053844625472,-0.01410689449632426
2003,PK,6474,401,394,7,0.06194006796416435,0.06085881989496447,0.0010812480691998764
2004,PK,8126,498,448,50,0.06128476495200591,0.055131676101402904,0.006153088850603003
2005,PK,9747,577,542,35,0.05919770185698164,0.05560685339078691,0.0035908484661947267
2006,PK,11308,665,705,-40,0.05880792359391581,0.0623452423063318,-0.003537318712415989
2007,PK,13610,803,712,91,0.059000734753857455,0.05231447465099192,0.00668626010286554
2008,PK,16383,964,928,36,0.05884148202404932,0.05664408228041262,0.0021973997436366965
2009,PK,19711,1203,1122,81,0.06103191111562072,0.05692253056668865,0.004109380548932068
2010,PK,23399,1318,1529,-211,0.0563271934698064,0.06534467284926707,-0.009017479379460661
2011,PK,28364,1599,1508,91,0.05637427725285573,0.0531659850514737,0.0032082922013820336
2012,PK,34314,1970,1884,86,0.057410969283674305,0.0549047036195139,0.002506265664160401
2013,PK,40332,2385,2248,137,0.059134186254091045,0.05573737974809084,0.0033968065060001984
2014,PK,46658,3018,2564,454,0.06468344121051052,0.05495306271164645,0.009730378498864075
2015,PK,53803,3270,3009,261,0.060777280077319105,0.05592624946564318,0.004851030611675929
2016,PK,63566,3379,3460,-81,0.05315734826794198,0.054431614385048614,-0.0012742661171066293
2017,PK,75021,3994,3740,254,0.05323842657389264,0.0498527079084523,0.0033857186654403433
2018,PK,90259,4983,4269,714,0.05520779091281756,0.047297222437651644,0.007910568475165912
2019,PK,106668,5119,5477,-358,0.04799002512468594,0.05134623317208535,-0.0033562080473994076
2020,PK,127383,6035,5743,292,0.047376808522330296,0.04508450892191266,0.002292299600417638
2021,PK,145202,6912,6317,595,0.04760265010123828,0.04350491040068319,0.004097739700555089
2022,PK,159780,6796,6291,505,0.042533483539867314,0.03937288772061585,0.003160595819251471
2023,PK,176744,7888,8372,-484,0.04462952066265333,0.04736794459783642,-0.0027384239351830896
2024,PK,142454,9452,9991,-539,0.06635124320833392,0.07013492074634618,-0.0037836775380122706
2025,PK,97875,12198,11772,426,0.12462835249042145,0.12027586206896551,0.004352490421455938
1998,PL,37097,0,0,0,0.0,0.0,0.0
1999,PL,39628,653,685,-32,0.016478247703643888,0.01728575754517008,-0.0008075098415261935
2000,PL,43409,964,904,60,0.02220737635052639,0.02082517450298325,0.0013822018475431362
2001,PL,48545,1083,1201,-118,0.022309197651663407,0.02473993202183541,-0.0024307343701720054
2002,PL,54685,1239,1314,-75,0.022657035750205723,0.024028527018377984,-0.0013714912681722592
2003,PL,61003,1401,1343,58,0.022966083635231054,0.02201531072242349,0.0009507729128075668
2004,PL,63231,1377,1449,-72,0.021777292783602978,0.022915974759216206,-0.0011386819756132277
2005,PL,65773,1608,1659,-51,0.024447721709516063,0.0252231158682134,-0.0007753941586973378
2006,PL,67729,1644,1793,-149,0.024273206455137385,0.026473150349185726,-0.00219994389404834
2007,PL,73356,1729,1856,-127,0.023569987458421943,0.025301270516385845,-0.001731283057963902
2008,PL,78726,1819,2039,-220,0.023105454360694052,0.02589995681223484,-0.002794502451540787
2009,PL,86182,1997,2130,-133,0.02317189204242185,0.024715137731776936,-0.0015432456893550858
2010,PL,96558,2018,2312,-294,0.02089935582758549,0.023944157915449783,-0.003044802087864289
2011,PL,111683,2319,2321,-2,0.02076412703813472,0.02078203486654191,-1.79078284071882e-05
2012,PL,125132,2488,2472,16,0.019883003548253043,0.019755138573666207,0.0001278649745868363
2013,PL,136346,2885,2695,190,0.02115940328282458,0.019765889721737345,0.001393513561087234
2014,PL,142762,3179,2852,327,0.02226783037502977,0.019977304885053445,0.002290525489976324
2015,PL,147503,3321,3353,-32,0.02251479630922761,0.022731741049334588,-0.00021694474010698088
2016,PL,149749,3590,3446,144,0.0239734489045002,0.023011839811952,0.0009616090925481973
2017,PL,150207,3567,3528,39,0.023747228824222574,0.02348758712976093,0.00025964169446164294
2018,PL,148215,3692,3840,-148,0.024909759471038694,0.025908308875619877,-0.0009985494045811828
2019,PL,147156,3600,3989,-389,0.024463834298295687,0.027107287504417082,-0.002643453206121395
2020,PL,147764,3948,4077,-129,0.026718280501339974,0.02759129422592783,-0.0008730137245878564
2021,PL,149859,3874,4223,-349,0.025850966575247398,0.028179822366357708,-0.0023288557911103104
2022,PL,153799,3934,3727,207,0.025578839914433774,0.024232927392245723,0.0013459125221880507
2023,PL,164749,4369,4491,-122,0.026519129099417903,0.02725964952746299,-0.0007405204280450867
2024,PL,138776,4824,4527,297,0.034761053784516056,0.03262091427912607,0.002140139505389981
2025,PL,100530,5888,5551,337,0.058569581219536454,0.05521734805530688,0.003352233164229583
1998,PR,1829,0,0,0,0.0,0.0,0.0
1999,PR,1879,72,73,-1,0.03831825439063331,0.038850452368281004,-0.0005321979776476849
2000,PR,1982,119,123,-4,0.06004036326942482,0.062058526740666,-0.0020181634712411706
2001,PR,2140,131,123,8,0.061214953271028036,0.057476635514018694,0.003738317757009346
2002,PR,2532,164,185,-21,0.06477093206951026,0.0730647709320695,-0.008293838862559242
2003,PR,2833,218,195,23,0.0769502294387575,0.06883162725026473,0.008118602188492764
2004,PR,3269,239,257,-18,0.07311104313245641,0.07861731416335271,-0.005506271030896299
2005,PR,3550,247,244,3,0.06957746478873239,0.06873239436619719,0.0008450704225352113
2006,PR,3800,326,296,30,0.08578947368421053,0.07789473684210527,0.007894736842105263
2007,PR,3886,282,334,-52,0.0725681935151827,0.08594956253216675,-0.013381369016984045
2008,PR,4104,350,341,9,0.08528265107212475,0.08308966861598441,0.0021929824561403508
2009,PR,4286,356,418,-62,0.08306112925804947,0.0975268315445637,-0.014465702286514233
2010,PR,4592,381,450,-69,0.08297038327526132,0.09799651567944251,-0.015026132404181184
2011,PR,4873,377,445,-68,0.07736507285040016,0.0913195156987482,-0.01395444284834804
2012,PR,5206,456,493,-37,0.08759124087591241,0.09469842489435266,-0.007107184018440261
2013,PR,5631,427,492,-65,0.07583022553720475,0.08737346830047948,-0.011543242763274729
2014,PR,6145,446,528,-82,0.0725793327908869,0.08592351505288853,-0.013344182262001627
2015,PR,6602,545,562,-17,0.08255074219933353,0.08512571947894577,-0.0025749772796122387
2016,PR,6817,527,635,-108,0.0773067331670823,0.0931494792430688,-0.015842746075986503
2017,PR,7151,574,695,-121,0.08026849391693469,0.09718920430708992,-0.016920710390155223
2018,PR,7865,609,685,-76,0.07743165924984106,0.08709472345835982,-0.009663064208518753
2019,PR,8319,720,744,-24,0.0865488640461594,0.08943382618103138,-0.00288496213487198
2020,PR,8467,767,849,-82,0.09058698476437936,0.10027164284870674,-0.00968465808432739
2021,PR,8361,617,821,-204,0.0737950005980146,0.09819399593350078,-0.024398995335486187
2022,PR,8544,536,670,-134,0.06273408239700375,0.07841760299625468,-0.015683520599250936
2023,PR,8917,717,862,-145,0.08040820903891444,0.09666928339127509,-0.01626107435236066
2024,PR,6818,740,811,-71,0.10853622763273688,0.11894983866236433,-0.010413611029627456
2025,PR,4378,1063,872,191,0.24280493375970763,0.19917770671539517,0.043627227044312475
1998,PS,177,0,0,0,0.0,0.0,0.0
1999,PS,224,7,4,3,0.03125,0.017857142857142856,0.013392857142857142
2000,PS,290,10,5,5,0.034482758620689655,0.017241379310344827,0.017241379310344827
2001,PS,348,6,15,-9,0.017241379310344827,0.04310344827586207,-0.02586206896551724
2002,PS,398,16,19,-3,0.04020100502512563,0.04773869346733668,-0.007537688442211055
2003,PS,418,35,20,15,0.08373205741626795,0.04784688995215311,0.03588516746411483
2004,PS,477,22,17,5,0.04612159329140461,0.03563941299790356,0.010482180293501049
2005,PS,558,29,32,-3,0.05197132616487455,0.05734767025089606,-0.005376344086021506
2006,PS,625,35,14,21,0.056,0.0224,0.0336
2007,PS,670,49,28,21,0.07313432835820896,0.041791044776119404,0.03134328358208955
2008,PS,845,63,35,28,0.07455621301775148,0.04142011834319527,0.033136094674556214
2009,PS,966,50,69,-19,0.051759834368530024,0.07142857142857142,-0.019668737060041408
2010,PS,1195,84,43,41,0.07029288702928871,0.03598326359832636,0.03430962343096234
2011,PS,1418,66,49,17,0.0465444287729196,0.03455571227080395,0.011988716502115656
2012,PS,1667,103,62,41,0.0617876424715057,0.03719256148770246,0.02459508098380324
2013,PS,1915,108,78,30,0.05639686684073107,0.04073107049608355,0.015665796344647518
2014,PS,2068,123,65,58,0.059477756286266927,0.031431334622823985,0.02804642166344294
2015,PS,2480,119,102,17,0.04798387096774193,0.04112903225806452,0.0068548387096774195
2016,PS,2918,144,108,36,0.04934886908841672,0.037011651816312545,0.01233721727210418
2017,PS,3509,183,121,62,0.05215161014534055,0.034482758620689655,0.0176688515246509
2018,PS,3963,163,131,32,0.04113045672470351,0.03305576583396417,0.008074690890739339
2019,PS,4688,181,127,54,0.038609215017064845,0.027090443686006827,0.01151877133105802
2020,PS,5509,220,196,24,0.03993465238700308,0.035578144853875476,0.00435650753312761
2021,PS,6425,243,218,25,0.03782101167315175,0.033929961089494164,0.0038910505836575876
2022,PS,7274,286,233,53,0.039318119329117406,0.032031894418476765,0.0072862249106406375
2023,PS,8713,379,248,131,0.04349822104900723,0.028463215884310798,0.01503500516469643
2024,PS,6945,401,356,45,0.057739380849532035,0.051259899208063356,0.0064794816414686825
2025,PS,4738,559,425,134,0.11798227100042212,0.0897002954833263,0.028281975517095822
1998,PT,11447,0,0,0,0.0,0.0,0.0
1999,PT,12732,319,279,40,0.02505497957901351,0.02191328934967012,0.0031416902293433867
2000,PT,14371,485,479,6,0.03374852132767379,0.033331013847331434,0.0004175074803423561
2001,PT,16166,579,613,-34,0.03581590993443028,0.037919089446987506,-0.002103179512557219
2002,PT,18276,845,682,163,0.046235500109433135,0.03731669949660757,0.008918800612825564
2003,PT,20087,867,798,69,0.04316224423756659,0.039727186737691045,0.0034350574998755416
2004,PT,22861,980,905,75,0.04286776606447662,0.03958706968199117,0.0032806963824854557
2005,PT,25762,1155,1122,33,0.0448334756618275,0.04355251921434671,0.0012809564474807857
2006,PT,29265,1589,1213,376,0.054296941739279,0.04144882966000342,0.012848112079275584
2007,PT,32076,1572,1561,11,0.04900860456416012,0.04866566903603941,0.0003429355281207133
2008,PT,35917,1880,1680,200,0.05234290169000752,0.04677450789319821,0.00556839379680931
2009,PT,40072,2110,2066,44,0.052655220602914755,0.05155719704531843,0.0010980235575963266
2010,PT,45773,2503,2192,311,0.05468289166102287,0.047888493216525024,0.006794398444497848
2011,PT,51557,2799,2450,349,0.054289427235874856,0.04752022033865431,0.006769206897220552
2012,PT,57274,3277,2921,356,0.05721618884659706,0.051000453958166006,0.006215734888431051
2013,PT,61293,3509,3320,189,0.05724960435938851,0.05416605485128807,0.0030835495081004355
2014,PT,65221,3856,3749,107,0.05912206191257417,0.05748148602443998,0.00164057588813419
2015,PT,68121,3853,4293,-440,0.05656111918497967,0.06302021403091558,-0.006459094845935908
2016,PT,71494,4372,4485,-113,0.06115198478193974,0.06273253699611156,-0.0015805522141718186
2017,PT,75954,4723,4982,-259,0.06218237354188061,0.06559233220106907,-0.0034099586591884563
2018,PT,80983,4941,5089,-148,0.06101280515663781,0.06284034920909326,-0.0018275440524554536
2019,PT,87831,5804,5129,675,0.06608145187917705,0.05839623823023762,0.00768521364893944
2020,PT,94879,5918,5883,35,0.062374181852675514,0.062005290949525185,0.0003688909031503283
2021,PT,101238,6400,5763,637,0.06321736897212508,0.05692526521661827,0.006292103755506826
2022,PT,104583,5950,5236,714,0.05689261160991748,0.050065498216727386,0.006827113393190098
2023,PT,104933,7249,7589,-340,0.06908217624579494,0.0723223390163247,-0.0032401627705297667
2024,PT,83364,7566,8932,-1366,0.09075860083489276,0.10714457079794636,-0.016385969963053595
2025,PT,56262,7840,9388,-1548,0.13934805019373644,0.16686218051260177,-0.02751413031886531
1998,PW,10,0,0,0,0.0,0.0,0.0
1999,PW,14,4,1,3,0.2857142857142857,0.07142857142857142,0.21428571428571427
2000,PW,12,0,1,-1,0.0,0.08333333333333333,-0.08333333333333333
2001,PW,14,1,1,0,0.07142857142857142,0.07142857142857142,0.0
2002,PW,17,1,1,0,0.058823529411764705,0.058823529411764705,0.0
2003,PW,25,1,2,-1,0.04,0.08,-0.04
2004,PW,27,0,1,-1,0.0,0.037037037037037035,-0.037037037037037035
2005,PW,33,4,0,4,0.12121212121212122,0.0,0.12121212121212122
2006,PW,31,3,3,0,0.0967741935483871,0.0967741935483871,0.0
2007,PW,42,2,1,1,0.047619047619047616,0.023809523809523808,0.023809523809523808
2008,PW,41,4,2,2,0.0975609756097561,0.04878048780487805,0.04878048780487805
2009,PW,43,9,2,7,0.20930232558139536,0.046511627906976744,0.16279069767441862
2010,PW,34,3,4,-1,0.08823529411764706,0.11764705882352941,-0.029411764705882353
2011,PW,37,1,5,-4,0.02702702702702703,0.13513513513513514,-0.10810810810810811
2012,PW,39,3,5,-2,0.07692307692307693,0.1282051282051282,-0.05128205128205128
2013,PW,41,1,7,-6,0.024390243902439025,0.17073170731707318,-0.14634146341463414
2014,PW,46,3,2,1,0.06521739130434782,0.043478260869565216,0.021739130434782608
2015,PW,57,6,4,2,0.10526315789473684,0.07017543859649122,0.03508771929824561
2016,PW,65,5,3,2,0.07692307692307693,0.046153846153846156,0.03076923076923077
2017,PW,67,12,3,9,0.1791044776119403,0.04477611940298507,0.13432835820895522
2018,PW,70,3,8,-5,0.04285714285714286,0.11428571428571428,-0.07142857142857142
2019,PW,94,4,6,-2,0.0425531914893617,0.06382978723404255,-0.02127659574468085
2020,PW,166,13,4,9,0.0783132530120482,0.024096385542168676,0.05421686746987952
2021,PW,182,28,19,9,0.15384615384615385,0.1043956043956044,0.04945054945054945
2022,PW,165,6,17,-11,0.03636363636363636,0.10303030303030303,-0.06666666666666667
2023,PW,124,10,14,-4,0.08064516129032258,0.11290322580645161,-0.03225806451612903
2024,PW,82,11,9,2,0.13414634146341464,0.10975609756097561,0.024390243902439025
2025,PW,32,10,13,-3,0.3125,0.40625,-0.09375
1998,PY,326,0,0,0,0.0,0.0,0.0
1999,PY,313,15,27,-12,0.04792332268370607,0.08626198083067092,-0.038338658146964855
2000,PY,381,27,30,-3,0.07086614173228346,0.07874015748031496,-0.007874015748031496
2001,PY,404,46,33,13,0.11386138613861387,0.08168316831683169,0.03217821782178218
2002,PY,423,47,43,4,0.1111111111111111,0.1016548463356974,0.009456264775413711
2003,PY,485,39,68,-29,0.08041237113402062,0.1402061855670103,-0.05979381443298969
2004,PY,533,52,53,-1,0.0975609756097561,0.09943714821763602,-0.001876172607879925
2005,PY,615,64,61,3,0.1040650406504065,0.0991869918699187,0.004878048780487805
2006,PY,651,66,65,1,0.10138248847926268,0.09984639016897082,0.0015360983102918587
2007,PY,872,101,88,13,0.1158256880733945,0.10091743119266056,0.014908256880733946
2008,PY,1009,89,108,-19,0.08820614469772052,0.10703666997026759,-0.018830525272547076
2009,PY,1249,163,105,58,0.13050440352281825,0.08406725380304243,0.04643714971977582
2010,PY,1357,126,132,-6,0.09285187914517318,0.09727339719970524,-0.004421518054532056
2011,PY,1702,145,141,4,0.08519388954171563,0.08284371327849589,0.0023501762632197414
2012,PY,2053,173,186,-13,0.08426692644909888,0.09059912323429128,-0.0063321967851924016
2013,PY,2523,253,163,90,0.10027744748315498,0.06460562822037257,0.0356718192627824
2014,PY,3107,253,217,36,0.0814290312198262,0.06984229159961378,0.011586739620212423
2015,PY,3705,275,223,52,0.07422402159244265,0.0601889338731444,0.014035087719298246
2016,PY,4305,342,316,26,0.0794425087108014,0.07340301974448316,0.006039488966318235
2017,PY,5006,358,323,35,0.07151418298042349,0.06452257291250499,0.006991610067918498
2018,PY,5861,383,317,66,0.06534721037365637,0.05408633339020645,0.011260876983449923
2019,PY,6640,447,337,110,0.06731927710843373,0.05075301204819277,0.016566265060240965
2020,PY,7144,472,438,34,0.06606942889137737,0.06131019036954087,0.004759238521836506
2021,PY,7797,497,429,68,0.06374246505066052,0.05502116198537899,0.008721303065281518
2022,PY,8200,479,362,117,0.05841463414634147,0.04414634146341463,0.01426829268292683
2023,PY,8585,649,490,159,0.07559697146185207,0.057076295864880604,0.018520675596971462
2024,PY,6228,637,543,94,0.10228002569043032,0.0871868978805395,0.015093127809890815
2025,PY,3739,809,644,165,0.21636801283765714,0.17223856646162075,0.04412944637603637
1998,QA,562,0,0,0,0.0,0.0,0.0
1999,QA,664,35,43,-8,0.05271084337349398,0.06475903614457831,-0.012048192771084338
2000,QA,773,75,65,10,0.09702457956015524,0.08408796895213454,0.0129366106080207
2001,QA,917,83,71,12,0.09051254089422028,0.07742639040348964,0.013086150490730643
2002,QA,927,82,82,0,0.08845738942826321,0.08845738942826321,0.0
2003,QA,1079,99,109,-10,0.0917516218721038,0.1010194624652456,-0.009267840593141797
2004,QA,1134,96,115,-19,0.08465608465608465,0.10141093474426807,-0.01675485008818342
2005,QA,1271,134,112,22,0.1054287962234461,0.08811959087332809,0.01730920535011802
2006,QA,1446,120,133,-13,0.08298755186721991,0.09197786998616875,-0.008990318118948824
2007,QA,1790,169,130,39,0.09441340782122905,0.07262569832402235,0.021787709497206705
2008,QA,2319,244,163,81,0.10521776627856835,0.07028891763691246,0.03492884864165589
2009,QA,2729,261,190,71,0.09563942836203737,0.0696225723708318,0.02601685599120557
2010,QA,3427,353,219,134,0.1030055442077619,0.06390428946600525,0.03910125474175664
2011,QA,3795,392,257,135,0.10329380764163373,0.06772068511198946,0.03557312252964427
2012,QA,4677,526,353,173,0.11246525550566602,0.07547573230703443,0.0369895231986316
2013,QA,5246,580,413,167,0.11056042699199391,0.0787266488753336,0.03183377811666031
2014,QA,6529,749,440,309,0.11471894623985296,0.06739163731046102,0.047327308929391944
2015,QA,6896,797,538,259,0.11557424593967518,0.07801624129930394,0.03755800464037123
2016,QA,7782,888,650,238,0.1141094834232845,0.0835260858391159,0.030583397584168594
2017,QA,8143,700,675,25,0.08596340415080438,0.08289328257398992,0.003070121576814442
2018,QA,9897,797,732,65,0.08052945336970799,0.07396180660806305,0.006567646761644943
2019,QA,11425,824,781,43,0.07212253829321663,0.06835886214442013,0.003763676148796499
2020,QA,12926,1033,776,257,0.07991644747021508,0.06003403991954201,0.01988240755067306
2021,QA,13709,959,879,80,0.06995404478809542,0.06411846232402071,0.005835582464074695
2022,QA,14460,913,915,-2,0.06313969571230982,0.06327800829875518,-0.00013831258644536652
2023,QA,16136,1170,1108,62,0.0725086762518592,0.06866633614278632,0.0038423401090728806
2024,QA,13321,1221,1143,78,0.0916597853014038,0.08580436904136327,0.005855416260040537
2025,QA,9550,1585,1279,306,0.16596858638743456,0.13392670157068062,0.03204188481675393
1998,RE,223,0,0,0,0.0,0.0,0.0
1999,RE,215,9,13,-4,0.04186046511627907,0.06046511627906977,-0.018604651162790697
2000,RE,235,18,20,-2,0.07659574468085106,0.0851063829787234,-0.00851063829787234
2001,RE,266,16,14,2,0.06015037593984962,0.05263157894736842,0.007518796992481203
2002,RE,328,25,20,5,0.07621951219512195,0.06097560975609756,0.01524390243902439
2003,RE,371,29,21,8,0.07816711590296496,0.05660377358490566,0.0215633423180593
2004,RE,456,55,34,21,0.1206140350877193,0.07456140350877193,0.046052631578947366
2005,RE,536,52,45,7,0.09701492537313433,0.08395522388059702,0.013059701492537313
2006,RE,601,76,47,29,0.1264559068219634,0.07820299500831947,0.048252911813643926
2007,RE,607,69,58,11,0.11367380560131796,0.09555189456342669,0.018121911037891267
2008,RE,676,97,73,24,0.14349112426035504,0.10798816568047337,0.03550295857988166
2009,RE,696,83,101,-18,0.11925287356321838,0.14511494252873564,-0.02586206896551724
2010,RE,830,110,78,32,0.13253012048192772,0.09397590361445783,0.03855421686746988
2011,RE,894,116,112,4,0.1297539149888143,0.12527964205816555,0.0044742729306487695
2012,RE,1038,121,98,23,0.11657032755298652,0.09441233140655106,0.022157996146435453
2013,RE,1014,125,138,-13,0.1232741617357002,0.13609467455621302,-0.01282051282051282
2014,RE,1081,147,119,28,0.13598519888991675,0.11008325624421832,0.025901942645698426
2015,RE,1059,140,121,19,0.13220018885741266,0.11425873465533522,0.01794145420207743
2016,RE,1096,173,148,25,0.15784671532846714,0.13503649635036497,0.02281021897810219
2017,RE,1090,172,154,18,0.1577981651376147,0.14128440366972478,0.01651376146788991
2018,RE,1127,158,177,-19,0.1401952085181899,0.15705412599822538,-0.01685891748003549
2019,RE,1158,163,155,8,0.14075993091537134,0.13385146804835923,0.0069084628670120895
2020,RE,1254,181,169,12,0.14433811802232854,0.13476874003189793,0.009569377990430622
2021,RE,1357,158,168,-10,0.11643330876934414,0.12380250552689757,-0.007369196757553427
2022,RE,1460,188,156,32,0.12876712328767123,0.10684931506849316,0.021917808219178082
2023,RE,1605,200,184,16,0.12461059190031153,0.1146417445482866,0.009968847352024923
2024,RE,1267,212,202,10,0.16732438831886345,0.15943172849250198,0.007892659826361484
2025,RE,889,251,190,61,0.2823397075365579,0.21372328458942633,0.0686164229471316
1998,RO,5540,0,0,0,0.0,0.0,0.0
1999,RO,5935,159,169,-10,0.02679022746419545,0.02847514743049705,-0.0016849199663016006
2000,RO,6800,197,231,-34,0.028970588235294116,0.03397058823529412,-0.005
2001,RO,7392,242,289,-47,0.03273809523809524,0.039096320346320344,-0.006358225108225108
2002,RO,8087,336,388,-52,0.0415481637195499,0.0479782366761469,-0.0064300729565970076
2003,RO,8675,341,451,-110,0.03930835734870317,0.05198847262247839,-0.012680115273775217
2004,RO,10298,360,474,-114,0.0349582443192853,0.046028355020392306,-0.01107011070110701
2005,RO,12385,356,501,-145,0.02874444893015745,0.040452159870811466,-0.011707710940654016
2006,RO,15644,431,505,-74,0.02755049859371005,0.03228074661211966,-0.0047302480184096135
2007,RO,18635,552,568,-16,0.029621679635095252,0.030480279044808156,-0.0008585994097129058
2008,RO,22389,701,630,71,0.031310018312564206,0.028138818169636877,0.0031712001429273304
2009,RO,24980,807,685,122,0.032305844675740596,0.02742193755004003,0.00488390712570056
2010,RO,27784,832,781,51,0.029945292254534985,0.02810970342643248,0.001835588828102505
2011,RO,31317,887,852,35,0.028323274898617364,0.02720567104128748,0.0011176038573298848
2012,RO,35596,908,882,26,0.025508484099337005,0.024778064951118103,0.000730419148218901
2013,RO,40644,1158,984,174,0.02849129022733983,0.02421021552996752,0.004281074697372306
2014,RO,43427,1191,1138,53,0.02742533446933935,0.026204895571879244,0.0012204388974601055
2015,RO,45683,1366,1148,218,0.029901713985508834,0.02512969813716262,0.004772015848346212
2016,RO,46309,1236,1241,-5,0.026690276188213954,0.026798246561143622,-0.0001079703729296681
2017,RO,49473,1377,1227,150,0.027833363652901583,0.02480140682796677,0.003031956824934813
2018,RO,52672,1310,1229,81,0.02487089914945322,0.02333308019441069,0.0015378189550425273
2019,RO,56952,1514,1342,172,0.02658378985812614,0.02356370276724259,0.003020087090883551
2020,RO,60956,1470,1374,96,0.024115755627009645,0.022540849137082486,0.0015749064899271605
2021,RO,63142,1561,1444,117,0.02472205505052105,0.022869088720661367,0.0018529663298596814
2022,RO,63922,1423,1492,-69,0.022261506210694285,0.02334094677888677,-0.0010794405681924847
2023,RO,66122,1612,1633,-21,0.024379177883306614,0.024696772632406765,-0.0003175947491001482
2024,RO,53862,1736,1724,12,0.03223051501986558,0.03200772344138725,0.00022279157847833353
2025,RO,38042,2120,1977,143,0.055727879711897375,0.05196887650491562,0.003759003206981757
1998,RS,3510,0,0,0,0.0,0.0,0.0
1999,RS,3484,108,124,-16,0.030998851894374284,0.03559127439724455,-0.004592422502870264
2000,RS,4714,163,164,-1,0.034577853203224436,0.034789987271955876,-0.00021213406873143826
2001,RS,5703,190,238,-48,0.03331579870243731,0.041732421532526744,-0.008416622830089426
2002,RS,6894,285,303,-18,0.04134029590948651,0.043951261966927765,-0.0026109660574412533
2003,RS,7512,425,343,82,0.05657614483493078,0.04566027689030884,0.010915867944621939
2004,RS,8272,476,374,102,0.05754352030947776,0.04521276595744681,0.012330754352030947
2005,RS,9184,480,423,57,0.05226480836236934,0.04605836236933798,0.006206445993031359
2006,RS,10129,496,476,20,0.048968308816270116,0.046993780234968904,0.0019745285813012143
2007,RS,11541,568,504,64,0.04921583918204662,0.043670392513646995,0.0055454466683996185
2008,RS,13303,605,558,47,0.045478463504472676,0.04194542584379463,0.0035330376606780424
2009,RS,15669,795,607,188,0.05073712425808922,0.03873891122598762,0.011998213032101602
2010,RS,18182,777,667,110,0.04273457265427346,0.03668463315366846,0.006049939500604994
2011,RS,20344,811,725,86,0.039864333464412115,0.035637042862760517,0.004227290601651593
2012,RS,22246,985,693,292,0.04427762294345051,0.031151667715544368,0.01312595522790614
2013,RS,23557,996,844,152,0.04228042620028017,0.035827991679755485,0.006452434520524685
2014,RS,24816,984,1030,-46,0.039651837524177946,0.04150548033526757,-0.0018536428110896197
2015,RS,25893,1140,1024,116,0.04402734329741629,0.0395473680145213,0.004479975282894991
2016,RS,27083,1116,1079,37,0.04120666100505852,0.03984049034449655,0.001366170660561976
2017,RS,28276,1040,1126,-86,0.036780308388739566,0.039821756967039185,-0.0030414485782996182
2018,RS,29023,1099,1163,-64,0.037866519656823895,0.040071667298349586,-0.0022051476415256865
2019,RS,29373,1216,1094,122,0.04139856330643789,0.03724508902733803,0.004153474279099853
2020,RS,29586,1108,1120,-12,0.0374501453390117,0.03785574258095045,-0.00040559724193875484
2021,RS,29955,1193,1149,44,0.039826406276080785,0.03835753630445669,0.0014688699716241028
2022,RS,30636,1300,1088,212,0.042433738085912,0.03551377464420943,0.006919963441702572
2023,RS,31472,1280,1222,58,0.04067107269954245,0.038828164717844435,0.0018429079816980173
2024,RS,25881,1079,1304,-225,0.041690815656272945,0.0503844519145319,-0.008693636258258955
2025,RS,18703,1409,1439,-30,0.0753355076725659,0.07693952841790087,-0.001604020745334973
1998,RU,67796,0,0,0,0.0,0.0,0.0
1999,RU,75476,1276,1501,-225,0.016906036355927714,0.01988711643436324,-0.002981080078435529
2000,RU,84802,1862,2003,-141,0.021957029315346335,0.023619725949859675,-0.001662696634513337
2001,RU,88565,2018,2394,-376,0.022785524755829054,0.02703099418506182,-0.0042454694292327665
2002,RU,90039,2408,2743,-335,0.02674396650340408,0.030464576461311208,-0.003720609957907129
2003,RU,90026,2464,3015,-551,0.027369870926176883,0.03349032501721725,-0.006120454091040366
2004,RU,95067,2593,3248,-655,0.027275500436534234,0.03416537810175981,-0.006889877665225578
2005,RU,102332,3047,3242,-195,0.029775632255794864,0.03168119454325138,-0.001905562287456514
2006,RU,108634,3194,3606,-412,0.029401476517480714,0.03319402765248449,-0.003792551135003774
2007,RU,112424,3443,3665,-222,0.030625133423468297,0.03259980075428734,-0.001974667330819042
2008,RU,116595,3579,5007,-1428,0.030695998970796345,0.042943522449504695,-0.012247523478708349
2009,RU,124558,3956,4967,-1011,0.03176030443648742,0.03987700508999823,-0.008116700653510814
2010,RU,136214,4415,4956,-541,0.03241223369110371,0.036383925294022644,-0.003971691602918936
2011,RU,151335,4784,4995,-211,0.03161198665212938,0.03300624442462088,-0.0013942577724914923
2012,RU,173414,5135,5482,-347,0.02961121939405123,0.03161221124015362,-0.002000991846102391
2013,RU,207676,5628,5691,-63,0.027099905622219225,0.027403262774706755,-0.00030335715248752866
2014,RU,242628,6670,6235,435,0.027490644113622502,0.025697776019255814,0.0017928680943666848
2015,RU,278439,8081,6259,1822,0.029022514805756378,0.022478891247274986,0.006543623558481391
2016,RU,315729,8077,6784,1293,0.02558206563223524,0.021486781385301953,0.0040952842469332874
2017,RU,366525,7978,7575,403,0.021766591637678193,0.0206670759156947,0.0010995157219834935
2018,RU,421080,8815,8515,300,0.020934264272822266,0.02022181058231215,0.0007124536905101168
2019,RU,473540,10514,9245,1269,0.022202981796680323,0.01952316594163112,0.002679815855049204
2020,RU,505020,11166,10290,876,0.022110015444932875,0.020375430676012832,0.0017345847689200428
2021,RU,496796,11155,10702,453,0.022453884491823606,0.021542041401299526,0.0009118430905240783
2022,RU,456431,8895,10414,-1519,0.019488159217932174,0.02281615402985336,-0.0033279948119211886
2023,RU,431342,10350,13696,-3346,0.0239948810920337,0.031752066805458314,-0.007757185713424614
2024,RU,327247,10494,13803,-3309,0.03206752086344566,0.04217914908310848,-0.010111628219662824
2025,RU,208972,11857,14852,-2995,0.056739658901671035,0.07107172252741994,-0.014332063625748905
1998,RW,122,0,0,0,0.0,0.0,0.0
1999,RW,195,4,2,2,0.020512820512820513,0.010256410256410256,0.010256410256410256
2000,RW,251,6,6,0,0.02390438247011952,0.02390438247011952,0.0
2001,RW,255,5,11,-6,0.0196078431372549,0.043137254901960784,-0.023529411764705882
2002,RW,268,10,12,-2,0.03731343283582089,0.04477611940298507,-0.007462686567164179
2003,RW,309,21,10,11,0.06796116504854369,0.032362459546925564,0.03559870550161812
2004,RW,325,19,16,3,0.05846153846153846,0.04923076923076923,0.009230769230769232
2005,RW,346,11,14,-3,0.031791907514450865,0.04046242774566474,-0.008670520231213872
2006,RW,396,24,11,13,0.06060606060606061,0.027777777777777776,0.03282828282828283
2007,RW,444,23,19,4,0.0518018018018018,0.04279279279279279,0.009009009009009009
2008,RW,482,35,33,2,0.07261410788381743,0.06846473029045644,0.004149377593360996
2009,RW,587,31,23,8,0.05281090289608177,0.039182282793867124,0.013628620102214651
2010,RW,738,38,34,4,0.051490514905149054,0.04607046070460705,0.005420054200542005
2011,RW,883,44,41,3,0.04983012457531144,0.0464326160815402,0.0033975084937712344
2012,RW,1163,70,48,22,0.06018916595012898,0.0412725709372313,0.018916595012897677
2013,RW,1285,54,51,3,0.04202334630350195,0.03968871595330739,0.0023346303501945525
2014,RW,1407,83,46,37,0.058990760483297794,0.032693674484719264,0.026297085998578537
2015,RW,1444,85,82,3,0.05886426592797784,0.05678670360110803,0.002077562326869806
2016,RW,1597,93,113,-20,0.05823418910457107,0.07075767063243582,-0.012523481527864746
2017,RW,1927,112,117,-5,0.05812143227815257,0.06071613907628438,-0.002594706798131811
2018,RW,2440,147,120,27,0.06024590163934426,0.04918032786885246,0.011065573770491803
2019,RW,2925,194,129,65,0.06632478632478632,0.0441025641025641,0.022222222222222223
2020,RW,3536,229,168,61,0.06476244343891403,0.04751131221719457,0.017251131221719458
2021,RW,4017,253,215,38,0.06298232511824745,0.05352252925068459,0.009459795867562858
2022,RW,5041,256,216,40,0.05078357468756199,0.04284864114263043,0.007934933544931562
2023,RW,6231,350,289,61,0.05617075910768737,0.046380998234633285,0.009789760873054084
2024,RW,5324,462,320,142,0.08677685950413223,0.06010518407212622,0.02667167543200601
2025,RW,3853,749,402,347,0.19439397871788217,0.1043342849727485,0.09005969374513366
1998,SA,4897,0,0,0,0.0,0.0,0.0
1999,SA,4922,95,87,8,0.019301097114993906,0.0176757415684681,0.0016253555465258025
2000,SA,5295,158,141,17,0.02983947119924457,0.026628895184135977,0.003210576015108593
2001,SA,5414,178,170,8,0.0328777244181751,0.03140007388252678,0.0014776505356483192
2002,SA,5925,247,201,46,0.04168776371308017,0.033924050632911394,0.007763713080168776
2003,SA,5812,294,241,53,0.05058499655884377,0.04146593255333792,0.00911906400550585
2004,SA,6028,354,250,104,0.05872594558725946,0.041473125414731256,0.017252820172528202
2005,SA,6263,305,326,-21,0.04869870669008462,0.05205173239661504,-0.0033530257065304166
2006,SA,6989,363,309,54,0.05193876091000143,0.0442123336671913,0.007726427242810131
2007,SA,8242,410,332,78,0.049745207473914095,0.04028148507643776,0.00946372239747634
2008,SA,10152,588,395,193,0.057919621749408984,0.038908589440504335,0.01901103230890465
2009,SA,12934,737,506,231,0.05698159888665533,0.039121694758002167,0.017859904128653164
2010,SA,16753,1138,565,573,0.06792813227481645,0.03372530293081836,0.03420282934399809
2011,SA,21168,1568,714,854,0.07407407407407407,0.03373015873015873,0.04034391534391534
2012,SA,25961,1946,968,978,0.07495859173375448,0.037286699279688765,0.037671892454065714
2013,SA,30811,2305,1304,1001,0.07481094414332544,0.04232254714225439,0.03248839700107105
2014,SA,36078,2629,1493,1136,0.07286989300959033,0.041382560008869675,0.03148733300072066
2015,SA,42067,2952,1859,1093,0.07017377041386359,0.04419140894287684,0.02598236147098676
2016,SA,48963,2984,2226,758,0.060943978105916716,0.04546290055756388,0.015481077548352838
2017,SA,56674,3207,2478,729,0.056586794650104105,0.04372375339661926,0.012863041253484843
2018,SA,67705,3550,2755,795,0.05243335056495089,0.040691234029983016,0.011742116534967876
2019,SA,81981,4038,3011,1027,0.049255315255973944,0.0367280223466413,0.01252729290933265
2020,SA,101209,4856,3491,1365,0.0479799227341442,0.03449297987333142,0.013486942860812774
2021,SA,116666,4741,3687,1054,0.04063737507071469,0.03160303773164418,0.00903433733907051
2022,SA,130828,4644,3651,993,0.035496988412266485,0.027906870088971778,0.007590118323294708
2023,SA,138490,5539,4349,1190,0.03999566755722435,0.0314029893855152,0.008592678171709148
2024,SA,111103,6322,4739,1583,0.05690215385723158,0.04265411375030377,0.014248040106927805
2025,SA,72092,7188,5532,1656,0.09970593130999279,0.07673528269433502,0.02297064861565777
1998,SB,5,0,0,0,0.0,0.0,0.0
1999,SB,7,1,0,1,0.14285714285714285,0.0,0.14285714285714285
2000,SB,4,0,1,-1,0.0,0.25,-0.25
2001,SB,4,1,0,1,0.25,0.0,0.25
2002,SB,2,0,0,0,0.0,0.0,0.0
2003,SB,2,0,0,0,0.0,0.0,0.0
2004,SB,5,1,0,1,0.2,0.0,0.2
2005,SB,7,0,0,0,0.0,0.0,0.0
2006,SB,8,0,0,0,0.0,0.0,0.0
2007,SB,8,1,3,-2,0.125,0.375,-0.25
2008,SB,9,2,0,2,0.2222222222222222,0.0,0.2222222222222222
2009,SB,15,0,0,0,0.0,0.0,0.0
2010,SB,14,1,1,0,0.07142857142857142,0.07142857142857142,0.0
2011,SB,11,1,4,-3,0.09090909090909091,0.36363636363636365,-0.2727272727272727
2012,SB,9,0,1,-1,0.0,0.1111111111111111,-0.1111111111111111
2013,SB,23,0,0,0,0.0,0.0,0.0
2014,SB,31,1,1,0,0.03225806451612903,0.03225806451612903,0.0
2015,SB,36,8,2,6,0.2222222222222222,0.05555555555555555,0.16666666666666666
2016,SB,31,4,3,1,0.12903225806451613,0.0967741935483871,0.03225806451612903
2017,SB,34,2,5,-3,0.058823529411764705,0.14705882352941177,-0.08823529411764706
2018,SB,50,4,3,1,0.08,0.06,0.02
2019,SB,54,6,0,6,0.1111111111111111,0.0,0.1111111111111111
2020,SB,44,6,2,4,0.13636363636363635,0.045454545454545456,0.09090909090909091
2021,SB,40,5,8,-3,0.125,0.2,-0.075
2022,SB,53,7,1,6,0.1320754716981132,0.018867924528301886,0.11320754716981132
2023,SB,50,4,8,-4,0.08,0.16,-0.08
2024,SB,43,9,6,3,0.20930232558139536,0.13953488372093023,0.06976744186046512
2025,SB,19,5,7,-2,0.2631578947368421,0.3684210526315789,-0.10526315789473684
1998,SC,34,0,0,0,0.0,0.0,0.0
1999,SC,33,2,0,2,0.06060606060606061,0.0,0.06060606060606061
2000,SC,52,2,4,-2,0.038461538461538464,0.07692307692307693,-0.038461538461538464
2001,SC,50,0,5,-5,0.0,0.1,-0.1
2002,SC,76,2,1,1,0.02631578947368421,0.013157894736842105,0.013157894736842105
2003,SC,63,2,1,1,0.031746031746031744,0.015873015873015872,0.015873015873015872
2004,SC,82,4,4,0,0.04878048780487805,0.04878048780487805,0.0
2005,SC,78,4,1,3,0.05128205128205128,0.01282051282051282,0.038461538461538464
2006,SC,80,5,3,2,0.0625,0.0375,0.025
2007,SC,69,3,6,-3,0.043478260869565216,0.08695652173913043,-0.043478260869565216
2008,SC,79,3,2,1,0.0379746835443038,0.02531645569620253,0.012658227848101266
2009,SC,99,5,4,1,0.050505050505050504,0.04040404040404041,0.010101010101010102
2010,SC,102,4,6,-2,0.0392156862745098,0.058823529411764705,-0.0196078431372549
2011,SC,103,2,4,-2,0.019417475728155338,0.038834951456310676,-0.019417475728155338
2012,SC,116,4,6,-2,0.034482758620689655,0.05172413793103448,-0.017241379310344827
2013,SC,115,10,3,7,0.08695652173913043,0.02608695652173913,0.06086956521739131
2014,SC,101,5,7,-2,0.04950495049504951,0.06930693069306931,-0.019801980198019802
2015,SC,107,11,3,8,0.102803738317757,0.028037383177570093,0.07476635514018691
2016,SC,100,10,9,1,0.1,0.09,0.01
2017,SC,105,11,11,0,0.10476190476190476,0.10476190476190476,0.0
2018,SC,114,7,6,1,0.06140350877192982,0.05263157894736842,0.008771929824561403
2019,SC,162,15,9,6,0.09259259259259259,0.05555555555555555,0.037037037037037035
2020,SC,198,15,16,-1,0.07575757575757576,0.08080808080808081,-0.005050505050505051
2021,SC,227,25,14,11,0.11013215859030837,0.06167400881057269,0.048458149779735685
2022,SC,248,25,19,6,0.10080645161290322,0.07661290322580645,0.024193548387096774
2023,SC,311,22,23,-1,0.0707395498392283,0.07395498392282958,-0.003215434083601286
2024,SC,268,39,22,17,0.1455223880597015,0.08208955223880597,0.06343283582089553
2025,SC,192,47,34,13,0.24479166666666666,0.17708333333333334,0.06770833333333333
1998,SD,483,0,0,0,0.0,0.0,0.0
1999,SD,468,12,19,-7,0.02564102564102564,0.0405982905982906,-0.014957264957264958
2000,SD,506,20,28,-8,0.039525691699604744,0.05533596837944664,-0.015810276679841896
2001,SD,549,25,22,3,0.04553734061930783,0.04007285974499089,0.00546448087431694
2002,SD,638,42,42,0,0.06583072100313479,0.06583072100313479,0.0
2003,SD,724,46,42,4,0.06353591160220995,0.058011049723756904,0.0055248618784530384
2004,SD,793,46,61,-15,0.058007566204287514,0.07692307692307693,-0.018915510718789406
2005,SD,946,68,41,27,0.07188160676532769,0.04334038054968287,0.02854122621564482
2006,SD,1137,50,65,-15,0.04397537379067722,0.05716798592788039,-0.013192612137203167
2007,SD,1479,88,71,17,0.05949966193373901,0.048005409060175794,0.011494252873563218
2008,SD,1708,126,78,48,0.07377049180327869,0.04566744730679157,0.02810304449648712
2009,SD,2019,160,105,55,0.079247152055473,0.05200594353640416,0.027241208519068846
2010,SD,2167,109,132,-23,0.050299953853253344,0.06091370558375635,-0.010613751730503
2011,SD,2742,116,137,-21,0.04230488694383661,0.049963530269876,-0.007658643326039387
2012,SD,3330,119,154,-35,0.035735735735735734,0.04624624624624624,-0.010510510510510511
2013,SD,4034,173,168,5,0.0428854734754586,0.04164600892414477,0.0012394645513138325
2014,SD,4823,207,194,13,0.04291934480613726,0.04022392701637985,0.0026954177897574125
2015,SD,5424,268,248,20,0.049410029498525077,0.045722713864306784,0.003687315634218289
2016,SD,6179,297,278,19,0.04806603010195824,0.04499109888331445,0.0030749312186437935
2017,SD,6721,297,328,-31,0.044189852700491,0.04880226156821901,-0.004612408867728016
2018,SD,7650,313,380,-67,0.04091503267973856,0.04967320261437908,-0.008758169934640523
2019,SD,8883,383,393,-10,0.043116064392660136,0.044241810199257006,-0.0011257458065968705
2020,SD,10252,418,521,-103,0.0407725321888412,0.05081935232149824,-0.010046820132657043
2021,SD,10917,533,540,-7,0.048822936704222775,0.0494641384995878,-0.000641201795365027
2022,SD,10863,512,538,-26,0.04713246801067845,0.049525913651845714,-0.0023934456411672652
2023,SD,10476,649,686,-37,0.061951126384116074,0.06548300878197785,-0.003531882397861779
2024,SD,7428,666,832,-166,0.08966074313408724,0.11200861604738827,-0.022347872913301023
2025,SD,4543,1005,931,74,0.2212194585075941,0.2049306625577812,0.0162887959498129
1998,SE,39653,0,0,0,0.0,0.0,0.0
1999,SE,40595,1169,1109,60,0.028796649833723365,0.027318635299913782,0.0014780145338095824
2000,SE,42774,1532,1533,-1,0.03581614999766213,0.035839528685650164,-2.337868798803011e-05
2001,SE,44768,1817,1797,20,0.040587026447462475,0.040140278770550396,0.00044674767691208004
2002,SE,46800,2017,2334,-317,0.043098290598290595,0.04987179487179487,-0.0067735042735042736
2003,SE,48454,2232,2370,-138,0.04606430841622983,0.04891237049572791,-0.0028480620794980806
2004,SE,50467,2490,2465,25,0.04933917213228446,0.0488437989181049,0.0004953732141795629
2005,SE,51641,2567,2789,-222,0.04970856489998257,0.054007474680970544,-0.004298909780987975
2006,SE,53607,2757,3033,-276,0.051429850579215404,0.05657843192120432,-0.005148581341988919
2007,SE,55868,2842,3226,-384,0.050869907639435816,0.05774325195102742,-0.006873344311591608
2008,SE,58104,3319,3445,-126,0.05712171279085777,0.05929023819358392,-0.0021685254027261464
2009,SE,59845,3573,3557,16,0.05970423594285237,0.0594368786030579,0.00026735733979446906
2010,SE,61893,3684,3624,60,0.05952207842567011,0.058552663467597306,0.0009694149580728031
2011,SE,64948,3871,3660,211,0.059601527375746755,0.05635277452731416,0.003248752848432592
2012,SE,68050,4189,3755,434,0.06155767817781043,0.05518001469507715,0.006377663482733284
2013,SE,71016,4409,3983,426,0.062084600653373886,0.05608595246141714,0.005998648191956742
2014,SE,74097,5118,4300,818,0.06907162233288797,0.05803203908390353,0.01103958324898444
2015,SE,75824,5262,4599,663,0.06939755222620807,0.060653618906942396,0.008743933319265668
2016,SE,77441,5585,4912,673,0.0721194199455069,0.06342893299415038,0.008690486951356517
2017,SE,78949,5305,5162,143,0.06719527796425541,0.06538398206437067,0.0018112958998847356
2018,SE,81497,5506,5085,421,0.06756076910806533,0.062394934782875444,0.005165834325189884
2019,SE,84381,5698,5178,520,0.0675270499283014,0.06136452518931987,0.006162524738981524
2020,SE,87919,5976,5298,678,0.06797165572856834,0.060260012056552056,0.007711643672016288
2021,SE,90561,5999,5337,662,0.06624264308035467,0.05893265312883029,0.007309989951524387
2022,SE,92507,5649,5324,325,0.06106564908601511,0.057552401439891036,0.003513247646124077
2023,SE,96102,6229,5974,255,0.0648165490832657,0.06216311835341616,0.002653430729849535
2024,SE,81214,6303,6164,139,0.07760977171423646,0.07589824414509813,0.0017115275691383259
2025,SE,59171,6774,6769,5,0.11448175626573828,0.11439725541227966,8.450085345861993e-05
1998,SG,11370,0,0,0,0.0,0.0,0.0
1999,SG,12930,424,316,108,0.03279195668986852,0.024439288476411445,0.008352668213457077
2000,SG,16577,670,544,126,0.04041744585871991,0.032816553055438256,0.007600892803281655
2001,SG,19053,827,741,86,0.04340523802025928,0.03889151314753582,0.004513724872723455
2002,SG,21878,1193,1077,116,0.05452966450315385,0.04922753450955297,0.005302129993600878
2003,SG,22613,1457,1308,149,0.06443196391456242,0.05784283376818644,0.0065891301463759785
2004,SG,23843,1538,1545,-7,0.06450530554041019,0.06479889275678397,-0.0002935872163737785
2005,SG,24187,1659,1939,-280,0.06859056517964196,0.08016703187662794,-0.011576466696985983
2006,SG,24587,1807,2205,-398,0.07349412291048114,0.08968153902468784,-0.016187416114206696
2007,SG,25579,1965,2369,-404,0.0768208295867704,0.09261503577153134,-0.015794206184760937
2008,SG,27521,2345,2447,-102,0.08520765960539224,0.08891392027905963,-0.0037062606736673813
2009,SG,29541,2611,2574,37,0.0883856335262855,0.0871331369960394,0.0012524965302460986
2010,SG,31569,2724,2788,-64,0.08628718046184548,0.08831448572967152,-0.002027305267826032
2011,SG,33361,3089,3140,-51,0.09259314768741944,0.09412187884056233,-0.0015287311531428914
2012,SG,35153,3421,3217,204,0.09731744090120331,0.09151423776064632,0.005803203140556994
2013,SG,36997,3611,3532,79,0.09760250831148472,0.09546720004324676,0.002135308268237965
2014,SG,38980,3738,3735,3,0.09589533093894305,0.09581836839404823,7.696254489481785e-05
2015,SG,40466,3881,3934,-53,0.09590767557949884,0.09721741709089111,-0.00130974151139228
2016,SG,41939,4097,3966,131,0.0976895014187272,0.0945659171654069,0.0031235842533202983
2017,SG,43013,4106,4219,-113,0.09545951224048543,0.09808662497384511,-0.002627112733359682
2018,SG,45810,4024,4491,-467,0.08784108273302772,0.09803536345776032,-0.010194280724732592
2019,SG,47877,4023,4665,-642,0.0840278212920609,0.097437182780876,-0.013409361488815089
2020,SG,50222,4282,4779,-497,0.085261439209908,0.09515750069690573,-0.00989606148699773
2021,SG,51355,4101,4814,-713,0.07985590497517282,0.09373965534027845,-0.013883750365105637
2022,SG,51790,3614,4531,-917,0.06978181116045569,0.08748793203321105,-0.01770612087275536
2023,SG,54231,4822,5321,-499,0.08891593369106231,0.09811731297597315,-0.009201379284910844
2024,SG,44146,5287,6308,-1021,0.1197616998142527,0.14288950301273048,-0.023127803198477778
2025,SG,31193,6340,6733,-393,0.20325072933029847,0.21584970987080435,-0.012598980540505882
1998,SI,4280,0,0,0,0.0,0.0,0.0
1999,SI,4630,91,107,-16,0.019654427645788338,0.02311015118790497,-0.0034557235421166306
2000,SI,5377,152,151,1,0.028268551236749116,0.02808257392598103,0.0001859773107680863
2001,SI,5930,196,187,9,0.03305227655986509,0.03153456998313659,0.0015177065767284991
2002,SI,6600,196,247,-51,0.029696969696969697,0.03742424242424242,-0.007727272727272728
2003,SI,7045,266,236,30,0.03775727466288148,0.03349893541518808,0.0042583392476933995
2004,SI,7471,292,266,26,0.03908445991165841,0.03560433676883951,0.0034801231428189
2005,SI,7990,372,321,51,0.04655819774718398,0.040175219023779726,0.006382978723404255
2006,SI,8532,386,355,31,0.045241443975621194,0.041608063759962496,0.0036333802156586965
2007,SI,9224,457,462,-5,0.049544666088464875,0.05008673026886384,-0.0005420641803989592
2008,SI,9697,457,503,-46,0.04712797772506961,0.051871712900897184,-0.004743735175827575
2009,SI,10398,501,512,-11,0.04818234275822274,0.04924023850740527,-0.0010578957491825351
2010,SI,11003,514,574,-60,0.04671453240025448,0.05216759065709352,-0.005453058256839044
2011,SI,11788,598,576,22,0.050729555480149305,0.04886325076348829,0.0018663047166610112
2012,SI,12519,515,691,-176,0.0411374710440131,0.05519610192507389,-0.014058630881060788
2013,SI,13437,653,703,-50,0.04859715710352013,0.05231822579444816,-0.0037210686909280345
2014,SI,14152,740,768,-28,0.05228942905596382,0.054267947993216506,-0.001978518937252685
2015,SI,14604,796,788,8,0.05450561490002739,0.053957819775404,0.0005477951246233908
2016,SI,14919,809,904,-95,0.054226154568000534,0.06059387358402038,-0.006367719016019841
2017,SI,15265,831,944,-113,0.054438257451686865,0.061840812315754994,-0.00740255486406813
2018,SI,16131,919,945,-26,0.0569710495319571,0.05858285289194718,-0.0016118033599900811
2019,SI,17178,902,989,-87,0.05250902316916987,0.05757364070322506,-0.005064617534055187
2020,SI,18487,989,1071,-82,0.05349705198247417,0.05793260128739114,-0.004435549304916969
2021,SI,19347,1019,1098,-79,0.05266966454747506,0.056752984958908355,-0.004083320411433297
2022,SI,20084,938,1042,-104,0.046703843855805616,0.05188209520015933,-0.005178251344353714
2023,SI,21777,1153,1103,50,0.05294576847132296,0.0506497681039629,0.002296000367360059
2024,SI,18205,1192,1066,126,0.06547651744026367,0.05855534193902774,0.006921175501235924
2025,SI,12983,1696,1187,509,0.1306323654009089,0.09142725102056536,0.03920511438034353
1998,SJ,11,0,0,0,0.0,0.0,0.0
1999,SJ,13,4,0,4,0.3076923076923077,0.0,0.3076923076923077
2000,SJ,10,3,5,-2,0.3,0.5,-0.2
2001,SJ,9,0,2,-2,0.0,0.2222222222222222,-0.2222222222222222
2002,SJ,19,3,2,1,0.15789473684210525,0.10526315789473684,0.05263157894736842
2003,SJ,18,4,4,0,0.2222222222222222,0.2222222222222222,0.0
2004,SJ,20,4,3,1,0.2,0.15,0.05
2005,SJ,20,4,4,0,0.2,0.2,0.0
2006,SJ,16,5,6,-1,0.3125,0.375,-0.0625
2007,SJ,18,5,6,-1,0.2777777777777778,0.3333333333333333,-0.05555555555555555
2008,SJ,23,8,3,5,0.34782608695652173,0.13043478260869565,0.21739130434782608
2009,SJ,29,9,9,0,0.3103448275862069,0.3103448275862069,0.0
2010,SJ,40,5,7,-2,0.125,0.175,-0.05
2011,SJ,45,8,9,-1,0.17777777777777778,0.2,-0.022222222222222223
2012,SJ,55,14,4,10,0.2545454545454545,0.07272727272727272,0.18181818181818182
2013,SJ,44,7,15,-8,0.1590909090909091,0.3409090909090909,-0.18181818181818182
2014,SJ,39,10,11,-1,0.2564102564102564,0.28205128205128205,-0.02564102564102564
2015,SJ,40,13,14,-1,0.325,0.35,-0.025
2016,SJ,43,9,14,-5,0.20930232558139536,0.32558139534883723,-0.11627906976744186
2017,SJ,56,10,11,-1,0.17857142857142858,0.19642857142857142,-0.017857142857142856
2018,SJ,59,9,6,3,0.15254237288135594,0.1016949152542373,0.05084745762711865
2019,SJ,50,5,8,-3,0.1,0.16,-0.06
2020,SJ,50,11,15,-4,0.22,0.3,-0.08
2021,SJ,60,11,9,2,0.18333333333333332,0.15,0.03333333333333333
2022,SJ,83,12,12,0,0.14457831325301204,0.14457831325301204,0.0
2023,SJ,104,21,20,1,0.20192307692307693,0.19230769230769232,0.009615384615384616
2024,SJ,94,23,17,6,0.24468085106382978,0.18085106382978725,0.06382978723404255
2025,SJ,67,23,11,12,0.34328358208955223,0.16417910447761194,0.1791044776119403
1998,SK,6071,0,0,0,0.0,0.0,0.0
1999,SK,6414,312,309,3,0.04864359214218896,0.04817586529466791,0.0004677268475210477
2000,SK,6757,451,445,6,0.0667455971585023,0.0658576291253515,0.0008879680331508066
2001,SK,7028,492,551,-59,0.07000569151963575,0.07840068298235629,-0.008394991462720547
2002,SK,7361,532,666,-134,0.07227278902323053,0.0904768373862247,-0.01820404836299416
2003,SK,7726,524,688,-164,0.06782293554232462,0.08904996117007508,-0.021227025627750452
2004,SK,8435,607,681,-74,0.07196206283343212,0.08073503260225252,-0.008772969768820391
2005,SK,9095,666,798,-132,0.07322704782847718,0.08774051676745465,-0.01451346893897746
2006,SK,9995,735,754,-19,0.0735367683841921,0.07543771885942971,-0.0019009504752376188
2007,SK,10844,750,907,-157,0.06916267060125415,0.08364072298045001,-0.014478052379195869
2008,SK,12016,890,945,-55,0.07406790945406125,0.07864513981358189,-0.004577230359520639
2009,SK,13178,961,945,16,0.07292457125512217,0.07171042646835635,0.0012141447867658219
2010,SK,14520,970,976,-6,0.06680440771349862,0.06721763085399449,-0.00041322314049586776
2011,SK,16049,875,1109,-234,0.05452053087419777,0.0691008785594118,-0.014580347685214032
2012,SK,18103,965,1072,-107,0.053306081864884274,0.0592167044136331,-0.005910622548748826
2013,SK,19389,1079,1142,-63,0.05565011088761669,0.058899375934808394,-0.0032492650471917066
2014,SK,20492,1189,1193,-4,0.05802264298262737,0.058217841108725354,-0.00019519812609798947
2015,SK,20947,1191,1304,-113,0.05685778393087316,0.06225235117200554,-0.005394567241132382
2016,SK,21357,1266,1329,-63,0.05927798848152831,0.06222784098890294,-0.0029498525073746312
2017,SK,21927,1258,1440,-182,0.05737218953801249,0.06567245861266931,-0.008300269074656816
2018,SK,22797,1347,1410,-63,0.059086721937096985,0.06185024345308593,-0.0027635215159889457
2019,SK,23949,1524,1551,-27,0.06363522485281223,0.0647626205687085,-0.0011273957158962795
2020,SK,24621,1416,1655,-239,0.05751188010235165,0.06721904065635027,-0.009707160553998619
2021,SK,24979,1375,1604,-229,0.05504623884062613,0.06421393970935586,-0.009167700868729733
2022,SK,25108,1271,1350,-79,0.050621315915246136,0.05376772343476183,-0.003146407519515692
2023,SK,26035,1519,1449,70,0.058344536201267526,0.05565584789706165,0.002688688304205877
2024,SK,21392,1692,1409,283,0.07909498878085265,0.06586574420344053,0.013229244577412117
2025,SK,15491,2437,1747,690,0.1573171518946485,0.11277515977018915,0.04454199212445936
1998,SL,47,0,0,0,0.0,0.0,0.0
1999,SL,60,1,1,0,0.016666666666666666,0.016666666666666666,0.0
2000,SL,63,0,2,-2,0.0,0.031746031746031744,-0.031746031746031744
2001,SL,70,0,3,-3,0.0,0.04285714285714286,-0.04285714285714286
2002,SL,70,1,1,0,0.014285714285714285,0.014285714285714285,0.0
2003,SL,81,7,4,3,0.08641975308641975,0.04938271604938271,0.037037037037037035
2004,SL,75,3,5,-2,0.04,0.06666666666666667,-0.02666666666666667
2005,SL,74,3,6,-3,0.04054054054054054,0.08108108108108109,-0.04054054054054054
2006,SL,75,4,4,0,0.05333333333333334,0.05333333333333334,0.0
2007,SL,79,5,7,-2,0.06329113924050633,0.08860759493670886,-0.02531645569620253
2008,SL,123,8,6,2,0.06504065040650407,0.04878048780487805,0.016260162601626018
2009,SL,155,5,8,-3,0.03225806451612903,0.05161290322580645,-0.01935483870967742
2010,SL,197,13,7,6,0.06598984771573604,0.03553299492385787,0.030456852791878174
2011,SL,200,8,11,-3,0.04,0.055,-0.015
2012,SL,231,12,5,7,0.05194805194805195,0.021645021645021644,0.030303030303030304
2013,SL,318,13,11,2,0.040880503144654086,0.03459119496855346,0.006289308176100629
2014,SL,437,13,13,0,0.029748283752860413,0.029748283752860413,0.0
2015,SL,589,39,17,22,0.06621392190152801,0.028862478777589132,0.03735144312393888
2016,SL,625,52,20,32,0.0832,0.032,0.0512
2017,SL,633,50,36,14,0.07898894154818326,0.05687203791469194,0.022116903633491312
2018,SL,682,35,35,0,0.051319648093841645,0.051319648093841645,0.0
2019,SL,908,46,34,12,0.05066079295154185,0.037444933920704845,0.013215859030837005
2020,SL,1139,82,55,27,0.07199297629499561,0.048287971905179985,0.02370500438981563
2021,SL,1264,95,55,40,0.07515822784810126,0.043512658227848104,0.03164556962025317
2022,SL,1318,77,60,17,0.05842185128983308,0.04552352048558422,0.012898330804248861
2023,SL,1425,87,88,-1,0.061052631578947365,0.061754385964912284,-0.0007017543859649122
2024,SL,1123,85,108,-23,0.07569011576135352,0.09617097061442564,-0.020480854853072127
2025,SL,724,118,118,0,0.16298342541436464,0.16298342541436464,0.0
1998,SM,27,0,0,0,0.0,0.0,0.0
1999,SM,18,1,1,0,0.05555555555555555,0.05555555555555555,0.0
2000,SM,18,0,5,-5,0.0,0.2777777777777778,-0.2777777777777778
2001,SM,13,1,1,0,0.07692307692307693,0.07692307692307693,0.0
2002,SM,14,1,5,-4,0.07142857142857142,0.35714285714285715,-0.2857142857142857
2003,SM,16,0,2,-2,0.0,0.125,-0.125
2004,SM,21,2,1,1,0.09523809523809523,0.047619047619047616,0.047619047619047616
2005,SM,30,4,2,2,0.13333333333333333,0.06666666666666667,0.06666666666666667
2006,SM,33,8,4,4,0.24242424242424243,0.12121212121212122,0.12121212121212122
2007,SM,37,8,4,4,0.21621621621621623,0.10810810810810811,0.10810810810810811
2008,SM,40,7,8,-1,0.175,0.2,-0.025
2009,SM,51,6,8,-2,0.11764705882352941,0.1568627450980392,-0.0392156862745098
2010,SM,54,4,4,0,0.07407407407407407,0.07407407407407407,0.0
2011,SM,58,16,10,6,0.27586206896551724,0.1724137931034483,0.10344827586206896
2012,SM,61,11,12,-1,0.18032786885245902,0.19672131147540983,-0.01639344262295082
2013,SM,74,8,10,-2,0.10810810810810811,0.13513513513513514,-0.02702702702702703
2014,SM,74,8,7,1,0.10810810810810811,0.0945945945945946,0.013513513513513514
2015,SM,80,18,10,8,0.225,0.125,0.1
2016,SM,87,15,9,6,0.1724137931034483,0.10344827586206896,0.06896551724137931
2017,SM,100,20,20,0,0.2,0.2,0.0
2018,SM,109,15,21,-6,0.13761467889908258,0.1926605504587156,-0.05504587155963303
2019,SM,124,24,12,12,0.1935483870967742,0.0967741935483871,0.0967741935483871
2020,SM,122,22,18,4,0.18032786885245902,0.14754098360655737,0.03278688524590164
2021,SM,125,19,18,1,0.152,0.144,0.008
2022,SM,109,16,18,-2,0.14678899082568808,0.1651376146788991,-0.01834862385321101
2023,SM,133,12,21,-9,0.09022556390977443,0.15789473684210525,-0.06766917293233082
2024,SM,114,10,13,-3,0.08771929824561403,0.11403508771929824,-0.02631578947368421
2025,SM,91,33,10,23,0.3626373626373626,0.10989010989010989,0.25274725274725274
1998,SN,858,0,0,0,0.0,0.0,0.0
1999,SN,1078,27,15,12,0.02504638218923933,0.013914656771799629,0.011131725417439703
2000,SN,1264,36,36,0,0.028481012658227847,0.028481012658227847,0.0
2001,SN,1358,39,34,5,0.028718703976435934,0.025036818851251842,0.003681885125184094
2002,SN,1493,46,53,-7,0.030810448760884127,0.03549899531145345,-0.004688546550569324
2003,SN,1619,66,67,-1,0.04076590487955528,0.04138357010500309,-0.0006176652254478073
2004,SN,1638,78,86,-8,0.047619047619047616,0.052503052503052504,-0.004884004884004884
2005,SN,1717,86,85,1,0.050087361677344205,0.04950495049504951,0.0005824111822947001
2006,SN,1801,94,109,-15,0.05219322598556358,0.06052193225985564,-0.00832870627429206
2007,SN,1920,119,107,12,0.06197916666666667,0.05572916666666667,0.00625
2008,SN,2027,96,138,-42,0.04736063147508633,0.06808090774543661,-0.020720276270350273
2009,SN,2313,130,139,-9,0.056204063986165155,0.06009511456982274,-0.0038910505836575876
2010,SN,2650,160,129,31,0.06037735849056604,0.04867924528301887,0.01169811320754717
2011,SN,3012,151,153,-2,0.050132802124833994,0.05079681274900399,-0.0006640106241699867
2012,SN,3441,160,173,-13,0.04649811101424005,0.05027608253414705,-0.003777971519907004
2013,SN,3810,213,180,33,0.05590551181102362,0.047244094488188976,0.008661417322834646
2014,SN,4043,236,168,68,0.05837249567153104,0.04155330200346277,0.016819193668068267
2015,SN,4354,218,242,-24,0.050068902158934316,0.05558107487367937,-0.005512172714745062
2016,SN,4789,247,228,19,0.05157652954687826,0.0476091041971184,0.003967425349759866
2017,SN,5305,286,231,55,0.053911404335532515,0.04354382657869934,0.010367577756833177
2018,SN,5845,269,256,13,0.04602224123182207,0.04379811804961506,0.0022241231822070144
2019,SN,6470,276,286,-10,0.04265842349304482,0.04420401854714065,-0.0015455950540958269
2020,SN,7222,354,333,21,0.04901689282747161,0.04610911104957076,0.0029077817779008587
2021,SN,7779,372,375,-3,0.0478210566910914,0.04820671037408407,-0.0003856536829926726
2022,SN,7856,328,300,28,0.04175152749490835,0.03818737270875764,0.003564154786150713
2023,SN,7796,354,390,-36,0.045407901487942534,0.05002565418163161,-0.004617752693689072
2024,SN,5876,362,373,-11,0.06160653505786249,0.0634785568413887,-0.0018720217835262083
2025,SN,3790,450,475,-25,0.11873350923482849,0.12532981530343007,-0.006596306068601583
1998,SO,39,0,0,0,0.0,0.0,0.0
1999,SO,44,2,4,-2,0.045454545454545456,0.09090909090909091,-0.045454545454545456
2000,SO,59,7,4,3,0.11864406779661017,0.06779661016949153,0.05084745762711865
2001,SO,56,0,4,-4,0.0,0.07142857142857142,-0.07142857142857142
2002,SO,68,3,4,-1,0.04411764705882353,0.058823529411764705,-0.014705882352941176
2003,SO,62,3,8,-5,0.04838709677419355,0.12903225806451613,-0.08064516129032258
2004,SO,75,7,4,3,0.09333333333333334,0.05333333333333334,0.04
2005,SO,82,8,6,2,0.0975609756097561,0.07317073170731707,0.024390243902439025
2006,SO,116,8,8,0,0.06896551724137931,0.06896551724137931,0.0
2007,SO,158,15,8,7,0.0949367088607595,0.05063291139240506,0.04430379746835443
2008,SO,167,14,16,-2,0.08383233532934131,0.09580838323353294,-0.011976047904191617
2009,SO,174,26,19,7,0.14942528735632185,0.10919540229885058,0.040229885057471264
2010,SO,205,34,20,14,0.16585365853658537,0.0975609756097561,0.06829268292682927
2011,SO,235,31,28,3,0.13191489361702127,0.11914893617021277,0.01276595744680851
2012,SO,295,33,44,-11,0.11186440677966102,0.14915254237288136,-0.03728813559322034
2013,SO,309,48,39,9,0.1553398058252427,0.1262135922330097,0.02912621359223301
2014,SO,360,33,41,-8,0.09166666666666666,0.11388888888888889,-0.022222222222222223
2015,SO,399,39,50,-11,0.09774436090225563,0.12531328320802004,-0.02756892230576441
2016,SO,479,51,39,12,0.10647181628392484,0.081419624217119,0.025052192066805846
2017,SO,504,57,43,14,0.1130952380952381,0.08531746031746032,0.027777777777777776
2018,SO,642,84,50,34,0.1308411214953271,0.0778816199376947,0.0529595015576324
2019,SO,790,73,83,-10,0.09240506329113925,0.10506329113924051,-0.012658227848101266
2020,SO,1217,101,85,16,0.08299096138044372,0.06984387838948233,0.01314708299096138
2021,SO,1659,154,100,54,0.09282700421940929,0.06027727546714889,0.0325497287522604
2022,SO,2164,217,146,71,0.10027726432532348,0.06746765249537892,0.032809611829944546
2023,SO,2594,219,205,14,0.08442559753276793,0.07902852737085582,0.005397070161912105
2024,SO,2100,303,211,92,0.1442857142857143,0.10047619047619048,0.04380952380952381
2025,SO,1395,317,291,26,0.22724014336917564,0.2086021505376344,0.01863799283154122
1998,SR,21,0,0,0,0.0,0.0,0.0
1999,SR,24,1,3,-2,0.041666666666666664,0.125,-0.08333333333333333
2000,SR,27,0,3,-3,0.0,0.1111111111111111,-0.1111111111111111
2001,SR,40,3,2,1,0.075,0.05,0.025
2002,SR,64,1,1,0,0.015625,0.015625,0.0
2003,SR,65,2,0,2,0.03076923076923077,0.0,0.03076923076923077
2004,SR,62,6,2,4,0.0967741935483871,0.03225806451612903,0.06451612903225806
2005,SR,41,1,1,0,0.024390243902439025,0.024390243902439025,0.0
2006,SR,69,2,1,1,0.028985507246376812,0.014492753623188406,0.014492753623188406
2007,SR,70,3,3,0,0.04285714285714286,0.04285714285714286,0.0
2008,SR,62,4,5,-1,0.06451612903225806,0.08064516129032258,-0.016129032258064516
2009,SR,49,4,4,0,0.08163265306122448,0.08163265306122448,0.0
2010,SR,53,4,6,-2,0.07547169811320754,0.11320754716981132,-0.03773584905660377
2011,SR,67,3,1,2,0.04477611940298507,0.014925373134328358,0.029850746268656716
2012,SR,79,5,3,2,0.06329113924050633,0.0379746835443038,0.02531645569620253
2013,SR,109,3,5,-2,0.027522935779816515,0.045871559633027525,-0.01834862385321101
2014,SR,134,3,5,-2,0.022388059701492536,0.03731343283582089,-0.014925373134328358
2015,SR,177,15,2,13,0.0847457627118644,0.011299435028248588,0.07344632768361582
2016,SR,209,12,8,4,0.05741626794258373,0.03827751196172249,0.019138755980861243
2017,SR,227,15,6,9,0.06607929515418502,0.02643171806167401,0.039647577092511016
2018,SR,242,13,12,1,0.05371900826446281,0.049586776859504134,0.004132231404958678
2019,SR,283,14,7,7,0.04946996466431095,0.024734982332155476,0.024734982332155476
2020,SR,278,10,12,-2,0.03597122302158273,0.04316546762589928,-0.007194244604316547
2021,SR,329,18,9,9,0.0547112462006079,0.02735562310030395,0.02735562310030395
2022,SR,328,10,17,-7,0.03048780487804878,0.051829268292682924,-0.021341463414634148
2023,SR,375,22,5,17,0.058666666666666666,0.013333333333333334,0.04533333333333334
2024,SR,250,10,29,-19,0.04,0.116,-0.076
2025,SR,163,16,12,4,0.09815950920245399,0.0736196319018405,0.024539877300613498
1998,SS,509,0,0,0,0.0,0.0,0.0
1999,SS,535,67,71,-4,0.1252336448598131,0.13271028037383178,-0.007476635514018692
2000,SS,525,70,87,-17,0.13333333333333333,0.1657142857142857,-0.03238095238095238
2001,SS,565,111,105,6,0.19646017699115045,0.18584070796460178,0.010619469026548672
2002,SS,538,120,125,-5,0.22304832713754646,0.23234200743494424,-0.00929368029739777
2003,SS,565,129,134,-5,0.22831858407079647,0.23716814159292035,-0.008849557522123894
2004,SS,595,104,135,-31,0.17478991596638654,0.226890756302521,-0.052100840336134456
2005,SS,729,152,125,27,0.2085048010973937,0.17146776406035666,0.037037037037037035
2006,SS,753,152,164,-12,0.20185922974767595,0.21779548472775564,-0.01593625498007968
2007,SS,821,205,185,20,0.2496954933008526,0.22533495736906212,0.024360535931790498
2008,SS,795,167,229,-62,0.21006289308176102,0.2880503144654088,-0.0779874213836478
2009,SS,872,207,196,11,0.23738532110091742,0.22477064220183487,0.01261467889908257
2010,SS,909,203,246,-43,0.22332233223322331,0.2706270627062706,-0.047304730473047306
2011,SS,1036,210,248,-38,0.20270270270270271,0.23938223938223938,-0.03667953667953668
2012,SS,1118,216,218,-2,0.19320214669051877,0.19499105545617174,-0.0017889087656529517
2013,SS,1219,272,239,33,0.22313371616078753,0.19606234618539786,0.027071369975389663
2014,SS,1266,319,300,19,0.2519747235387046,0.23696682464454977,0.015007898894154818
2015,SS,1360,374,339,35,0.275,0.24926470588235294,0.025735294117647058
2016,SS,1350,340,361,-21,0.2518518518518518,0.2674074074074074,-0.015555555555555555
2017,SS,1590,285,369,-84,0.1792452830188679,0.2320754716981132,-0.052830188679245285
2018,SS,1960,340,356,-16,0.17346938775510204,0.1816326530612245,-0.00816326530612245
2019,SS,2369,449,353,96,0.18953144786829887,0.1490080202617138,0.040523427606585054
2020,SS,3013,550,497,53,0.18254231662794557,0.16495187520743446,0.017590441420511117
2021,SS,3310,523,557,-34,0.1580060422960725,0.16827794561933535,-0.01027190332326284
2022,SS,3671,628,546,82,0.17107055298283846,0.1487333151729774,0.022337237809861073
2023,SS,3181,722,753,-31,0.2269726501100283,0.23671801320339517,-0.009745363093366866
2024,SS,2166,659,802,-143,0.30424746075715603,0.3702677746999077,-0.06602031394275161
2025,SS,1017,508,722,-214,0.4995083579154376,0.7099311701081613,-0.21042281219272368
1998,ST,92,0,0,0,0.0,0.0,0.0
1999,ST,118,6,2,4,0.05084745762711865,0.01694915254237288,0.03389830508474576
2000,ST,128,14,11,3,0.109375,0.0859375,0.0234375
2001,ST,134,6,5,1,0.04477611940298507,0.03731343283582089,0.007462686567164179
2002,ST,172,8,14,-6,0.046511627906976744,0.08139534883720931,-0.03488372093023256
2003,ST,255,11,18,-7,0.043137254901960784,0.07058823529411765,-0.027450980392156862
2004,ST,316,36,18,18,0.11392405063291139,0.056962025316455694,0.056962025316455694
2005,ST,313,65,28,37,0.20766773162939298,0.08945686900958466,0.1182108626198083
2006,ST,292,32,40,-8,0.1095890410958904,0.136986301369863,-0.0273972602739726
2007,ST,318,32,46,-14,0.10062893081761007,0.14465408805031446,-0.0440251572327044
2008,ST,367,52,45,7,0.14168937329700274,0.1226158038147139,0.01907356948228883
2009,ST,377,57,45,12,0.15119363395225463,0.11936339522546419,0.03183023872679045
2010,ST,383,38,70,-32,0.09921671018276762,0.18276762402088773,-0.0835509138381201
2011,ST,404,61,70,-9,0.15099009900990099,0.17326732673267325,-0.022277227722772276
2012,ST,426,62,78,-16,0.14553990610328638,0.18309859154929578,-0.03755868544600939
2013,ST,441,49,59,-10,0.1111111111111111,0.13378684807256236,-0.022675736961451247
2014,ST,558,43,80,-37,0.07706093189964158,0.14336917562724014,-0.06630824372759857
2015,ST,592,81,65,16,0.13682432432432431,0.1097972972972973,0.02702702702702703
2016,ST,627,125,79,46,0.19936204146730463,0.12599681020733652,0.0733652312599681
2017,ST,510,70,94,-24,0.13725490196078433,0.1843137254901961,-0.047058823529411764
2018,ST,593,68,119,-51,0.11467116357504216,0.20067453625632378,-0.08600337268128162
2019,ST,754,91,124,-33,0.1206896551724138,0.16445623342175067,-0.04376657824933687
2020,ST,1182,103,138,-35,0.08714043993231811,0.116751269035533,-0.02961082910321489
2021,ST,1586,110,127,-17,0.06935687263556116,0.08007566204287515,-0.010718789407313998
2022,ST,1791,216,136,80,0.12060301507537688,0.07593523171412618,0.0446677833612507
2023,ST,1396,208,184,24,0.1489971346704871,0.1318051575931232,0.017191977077363897
2024,ST,809,195,194,1,0.24103831891223734,0.23980222496909764,0.0012360939431396785
2025,ST,288,129,197,-68,0.4479166666666667,0.6840277777777778,-0.2361111111111111
1998,SV,177,0,0,0,0.0,0.0,0.0
1999,SV,187,3,3,0,0.016042780748663103,0.016042780748663103,0.0
2000,SV,241,4,7,-3,0.016597510373443983,0.029045643153526972,-0.012448132780082987
2001,SV,265,18,5,13,0.06792452830188679,0.018867924528301886,0.04905660377358491
2002,SV,293,14,15,-1,0.04778156996587031,0.051194539249146756,-0.0034129692832764505
2003,SV,299,13,15,-2,0.043478260869565216,0.05016722408026756,-0.006688963210702341
2004,SV,353,18,24,-6,0.05099150141643059,0.0679886685552408,-0.0169971671388102
2005,SV,362,23,28,-5,0.06353591160220995,0.07734806629834254,-0.013812154696132596
2006,SV,411,35,21,14,0.0851581508515815,0.051094890510948905,0.0340632603406326
2007,SV,448,39,24,15,0.08705357142857142,0.05357142857142857,0.033482142857142856
2008,SV,547,40,48,-8,0.07312614259597806,0.08775137111517367,-0.014625228519195612
2009,SV,621,59,41,18,0.09500805152979067,0.06602254428341385,0.028985507246376812
2010,SV,684,57,52,5,0.08333333333333333,0.07602339181286549,0.007309941520467836
2011,SV,743,65,68,-3,0.08748317631224764,0.09152086137281291,-0.004037685060565276
2012,SV,798,68,79,-11,0.08521303258145363,0.09899749373433583,-0.013784461152882205
2013,SV,874,72,72,0,0.08237986270022883,0.08237986270022883,0.0
2014,SV,1058,57,83,-26,0.05387523629489603,0.07844990548204159,-0.024574669187145556
2015,SV,1425,96,86,10,0.06736842105263158,0.060350877192982454,0.007017543859649123
2016,SV,1592,129,107,22,0.08103015075376885,0.06721105527638191,0.013819095477386936
2017,SV,1729,160,120,40,0.09253903990746096,0.06940427993059572,0.02313475997686524
2018,SV,1884,174,135,39,0.09235668789808917,0.07165605095541401,0.020700636942675158
2019,SV,2009,129,159,-30,0.06421105027376804,0.07914385266301642,-0.014932802389248382
2020,SV,2343,162,145,17,0.06914212548015365,0.061886470337174565,0.007255655142979087
2021,SV,2431,172,177,-5,0.07075277663512958,0.07280954339777869,-0.0020567667626491155
2022,SV,2675,195,160,35,0.07289719626168224,0.059813084112149535,0.013084112149532711
2023,SV,2852,207,195,12,0.07258064516129033,0.06837307152875176,0.004207573632538569
2024,SV,2183,244,189,55,0.11177278973889143,0.08657810352725608,0.025194686211635363
2025,SV,1331,277,235,42,0.20811419984973703,0.17655897821187078,0.03155522163786627
1998,SX,3,0,0,0,0.0,0.0,0.0
1999,SX,3,0,0,0,0.0,0.0,0.0
2000,SX,3,1,0,1,0.3333333333333333,0.0,0.3333333333333333
2001,SX,5,0,0,0,0.0,0.0,0.0
2002,SX,7,1,0,1,0.14285714285714285,0.0,0.14285714285714285
2003,SX,27,0,2,-2,0.0,0.07407407407407407,-0.07407407407407407
2004,SX,42,1,0,1,0.023809523809523808,0.0,0.023809523809523808
2005,SX,49,2,2,0,0.04081632653061224,0.04081632653061224,0.0
2006,SX,34,5,5,0,0.14705882352941177,0.14705882352941177,0.0
2007,SX,20,2,4,-2,0.1,0.2,-0.1
2008,SX,14,3,3,0,0.21428571428571427,0.21428571428571427,0.0
2009,SX,15,2,4,-2,0.13333333333333333,0.26666666666666666,-0.13333333333333333
2010,SX,12,0,4,-4,0.0,0.3333333333333333,-0.3333333333333333
2011,SX,16,2,3,-1,0.125,0.1875,-0.0625
2012,SX,24,4,3,1,0.16666666666666666,0.125,0.041666666666666664
2013,SX,32,2,6,-4,0.0625,0.1875,-0.125
2014,SX,38,6,7,-1,0.15789473684210525,0.18421052631578946,-0.02631578947368421
2015,SX,39,9,3,6,0.23076923076923078,0.07692307692307693,0.15384615384615385
2016,SX,47,5,7,-2,0.10638297872340426,0.14893617021276595,-0.0425531914893617
2017,SX,51,5,5,0,0.09803921568627451,0.09803921568627451,0.0
2018,SX,67,9,6,3,0.13432835820895522,0.08955223880597014,0.04477611940298507
2019,SX,102,8,11,-3,0.0784313725490196,0.10784313725490197,-0.029411764705882353
2020,SX,148,12,8,4,0.08108108108108109,0.05405405405405406,0.02702702702702703
2021,SX,205,24,13,11,0.11707317073170732,0.06341463414634146,0.05365853658536585
2022,SX,218,21,22,-1,0.0963302752293578,0.10091743119266056,-0.0045871559633027525
2023,SX,239,18,18,0,0.07531380753138076,0.07531380753138076,0.0
2024,SX,158,16,19,-3,0.10126582278481013,0.12025316455696203,-0.0189873417721519
2025,SX,101,34,23,11,0.33663366336633666,0.22772277227722773,0.10891089108910891
1998,SY,368,0,0,0,0.0,0.0,0.0
1999,SY,387,6,12,-6,0.015503875968992248,0.031007751937984496,-0.015503875968992248
2000,SY,409,15,8,7,0.03667481662591687,0.019559902200488997,0.017114914425427872
2001,SY,399,13,20,-7,0.03258145363408521,0.05012531328320802,-0.017543859649122806
2002,SY,483,21,24,-3,0.043478260869565216,0.049689440993788817,-0.006211180124223602
2003,SY,542,27,14,13,0.04981549815498155,0.025830258302583026,0.023985239852398525
2004,SY,603,37,11,26,0.06135986733001658,0.01824212271973466,0.04311774461028192
2005,SY,641,28,26,2,0.0436817472698908,0.0405616224648986,0.0031201248049922
2006,SY,723,47,29,18,0.06500691562932227,0.040110650069156296,0.024896265560165973
2007,SY,781,39,28,11,0.0499359795134443,0.03585147247119078,0.014084507042253521
2008,SY,988,52,34,18,0.05263157894736842,0.03441295546558704,0.018218623481781375
2009,SY,1166,50,37,13,0.04288164665523156,0.03173241852487135,0.011149228130360206
2010,SY,1471,86,54,32,0.05846363018354861,0.036709721278042146,0.021753908905506457
2011,SY,1548,93,48,45,0.060077519379844964,0.031007751937984496,0.029069767441860465
2012,SY,1674,96,86,10,0.05734767025089606,0.05137395459976105,0.005973715651135006
2013,SY,1734,76,96,-20,0.04382929642445214,0.05536332179930796,-0.011534025374855825
2014,SY,1870,94,87,7,0.05026737967914439,0.046524064171122995,0.0037433155080213902
2015,SY,1901,97,108,-11,0.05102577590741715,0.05681220410310363,-0.005786428195686481
2016,SY,1924,76,114,-38,0.0395010395010395,0.059251559251559255,-0.01975051975051975
2017,SY,2344,97,128,-31,0.04138225255972696,0.05460750853242321,-0.013225255972696246
2018,SY,2985,86,131,-45,0.0288107202680067,0.04388609715242881,-0.01507537688442211
2019,SY,3749,123,141,-18,0.03280874899973326,0.03761002934115764,-0.00480128034142438
2020,SY,4751,136,170,-34,0.028625552515259944,0.03578194064407493,-0.007156388128814986
2021,SY,5786,204,164,40,0.03525751814725199,0.028344279294849638,0.0069132388524023505
2022,SY,6779,180,159,21,0.02655258887741555,0.023454786841717066,0.0030978020356984804
2023,SY,7393,261,262,-1,0.03530366562964967,0.035438928716353305,-0.00013526308670363857
2024,SY,5675,334,299,35,0.058854625550660795,0.05268722466960352,0.006167400881057269
2025,SY,3409,365,318,47,0.1070695218539161,0.09328248753300088,0.013787034320915225
1998,SZ,66,0,0,0,0.0,0.0,0.0
1999,SZ,70,1,0,1,0.014285714285714285,0.0,0.014285714285714285
2000,SZ,86,2,0,2,0.023255813953488372,0.0,0.023255813953488372
2001,SZ,75,1,5,-4,0.013333333333333334,0.06666666666666667,-0.05333333333333334
2002,SZ,105,4,3,1,0.0380952380952381,0.02857142857142857,0.009523809523809525
2003,SZ,103,1,7,-6,0.009708737864077669,0.06796116504854369,-0.05825242718446602
2004,SZ,109,7,2,5,0.06422018348623854,0.01834862385321101,0.045871559633027525
2005,SZ,81,3,3,0,0.037037037037037035,0.037037037037037035,0.0
2006,SZ,98,4,6,-2,0.04081632653061224,0.061224489795918366,-0.02040816326530612
2007,SZ,105,5,2,3,0.047619047619047616,0.01904761904761905,0.02857142857142857
2008,SZ,150,3,3,0,0.02,0.02,0.0
2009,SZ,154,7,3,4,0.045454545454545456,0.01948051948051948,0.025974025974025976
2010,SZ,170,9,8,1,0.052941176470588235,0.047058823529411764,0.0058823529411764705
2011,SZ,172,10,11,-1,0.05813953488372093,0.06395348837209303,-0.005813953488372093
2012,SZ,206,11,11,0,0.05339805825242718,0.05339805825242718,0.0
2013,SZ,218,12,14,-2,0.05504587155963303,0.06422018348623854,-0.009174311926605505
2014,SZ,235,21,12,9,0.08936170212765958,0.05106382978723404,0.03829787234042553
2015,SZ,242,10,16,-6,0.04132231404958678,0.06611570247933884,-0.024793388429752067
2016,SZ,270,14,10,4,0.05185185185185185,0.037037037037037035,0.014814814814814815
2017,SZ,372,16,14,2,0.043010752688172046,0.03763440860215054,0.005376344086021506
2018,SZ,452,24,13,11,0.05309734513274336,0.028761061946902654,0.024336283185840708
2019,SZ,470,31,20,11,0.06595744680851064,0.0425531914893617,0.023404255319148935
2020,SZ,515,45,18,27,0.08737864077669903,0.03495145631067961,0.05242718446601942
2021,SZ,508,39,30,9,0.07677165354330709,0.05905511811023622,0.017716535433070866
2022,SZ,526,43,27,16,0.0817490494296578,0.051330798479087454,0.030418250950570342
2023,SZ,537,45,41,4,0.08379888268156424,0.07635009310986965,0.0074487895716946
2024,SZ,428,37,38,-1,0.08644859813084112,0.08878504672897196,-0.002336448598130841
2025,SZ,276,44,45,-1,0.15942028985507245,0.16304347826086957,-0.0036231884057971015
1998,TC,1,0,0,0,0.0,0.0,0.0
2000,TC,2,0,0,0,0.0,0.0,0.0
2001,TC,2,0,0,0,0.0,0.0,0.0
2002,TC,4,0,0,0,0.0,0.0,0.0
2003,TC,2,1,1,0,0.5,0.5,0.0
2004,TC,2,0,1,-1,0.0,0.5,-0.5
2005,TC,2,0,1,-1,0.0,0.5,-0.5
2006,TC,2,1,0,1,0.5,0.0,0.5
2007,TC,1,0,0,0,0.0,0.0,0.0
2008,TC,1,0,0,0,0.0,0.0,0.0
2009,TC,1,0,0,0,0.0,0.0,0.0
2010,TC,1,1,1,0,1.0,1.0,0.0
2011,TC,1,0,0,0,0.0,0.0,0.0
2012,TC,1,0,0,0,0.0,0.0,0.0
2013,TC,1,0,0,0,0.0,0.0,0.0
2014,TC,6,0,0,0,0.0,0.0,0.0
2015,TC,11,2,0,2,0.18181818181818182,0.0,0.18181818181818182
2016,TC,17,3,2,1,0.17647058823529413,0.11764705882352941,0.058823529411764705
2017,TC,23,1,1,0,0.043478260869565216,0.043478260869565216,0.0
2018,TC,27,1,0,1,0.037037037037037035,0.0,0.037037037037037035
2019,TC,36,2,0,2,0.05555555555555555,0.0,0.05555555555555555
2020,TC,35,3,0,3,0.08571428571428572,0.0,0.08571428571428572
2021,TC,51,0,4,-4,0.0,0.0784313725490196,-0.0784313725490196
2022,TC,85,2,0,2,0.023529411764705882,0.0,0.023529411764705882
2023,TC,104,7,2,5,0.0673076923076923,0.019230769230769232,0.04807692307692308
2024,TC,79,1,4,-3,0.012658227848101266,0.05063291139240506,-0.0379746835443038
2025,TC,37,4,4,0,0.10810810810810811,0.10810810810810811,0.0
1998,TD,41,0,0,0,0.0,0.0,0.0
1999,TD,53,3,0,3,0.05660377358490566,0.0,0.05660377358490566
2000,TD,73,5,3,2,0.0684931506849315,0.0410958904109589,0.0273972602739726
2001,TD,90,2,3,-1,0.022222222222222223,0.03333333333333333,-0.011111111111111112
2002,TD,100,3,4,-1,0.03,0.04,-0.01
2003,TD,94,1,3,-2,0.010638297872340425,0.031914893617021274,-0.02127659574468085
2004,TD,84,0,4,-4,0.0,0.047619047619047616,-0.047619047619047616
2005,TD,89,3,1,2,0.033707865168539325,0.011235955056179775,0.02247191011235955
2006,TD,79,5,6,-1,0.06329113924050633,0.0759493670886076,-0.012658227848101266
2007,TD,89,2,1,1,0.02247191011235955,0.011235955056179775,0.011235955056179775
2008,TD,75,1,5,-4,0.013333333333333334,0.06666666666666667,-0.05333333333333334
2009,TD,95,3,6,-3,0.031578947368421054,0.06315789473684211,-0.031578947368421054
2010,TD,93,3,2,1,0.03225806451612903,0.021505376344086023,0.010752688172043012
2011,TD,134,4,6,-2,0.029850746268656716,0.04477611940298507,-0.014925373134328358
2012,TD,168,7,6,1,0.041666666666666664,0.03571428571428571,0.005952380952380952
2013,TD,226,10,8,2,0.04424778761061947,0.035398230088495575,0.008849557522123894
2014,TD,265,6,4,2,0.022641509433962263,0.01509433962264151,0.007547169811320755
2015,TD,422,23,8,15,0.054502369668246446,0.018957345971563982,0.035545023696682464
2016,TD,450,18,17,1,0.04,0.03777777777777778,0.0022222222222222222
2017,TD,484,83,16,67,0.17148760330578514,0.03305785123966942,0.1384297520661157
2018,TD,399,18,38,-20,0.045112781954887216,0.09523809523809523,-0.05012531328320802
2019,TD,532,26,24,2,0.04887218045112782,0.045112781954887216,0.0037593984962406013
2020,TD,743,31,17,14,0.04172274562584118,0.02288021534320323,0.018842530282637954
2021,TD,988,39,37,2,0.039473684210526314,0.03744939271255061,0.0020242914979757085
2022,TD,1132,30,24,6,0.026501766784452298,0.02120141342756184,0.00530035335689046
2023,TD,1123,67,42,25,0.05966162065894924,0.037399821905609976,0.02226179875333927
2024,TD,780,69,52,17,0.08846153846153847,0.06666666666666667,0.021794871794871794
2025,TD,417,49,42,7,0.11750599520383694,0.10071942446043165,0.016786570743405275
1998,TG,149,0,0,0,0.0,0.0,0.0
1999,TG,177,2,2,0,0.011299435028248588,0.011299435028248588,0.0
2000,TG,206,5,3,2,0.024271844660194174,0.014563106796116505,0.009708737864077669
2001,TG,245,4,5,-1,0.0163265306122449,0.02040816326530612,-0.004081632653061225
2002,TG,258,10,5,5,0.03875968992248062,0.01937984496124031,0.01937984496124031
2003,TG,275,5,9,-4,0.01818181818181818,0.03272727272727273,-0.014545454545454545
2004,TG,290,7,9,-2,0.02413793103448276,0.03103448275862069,-0.006896551724137931
2005,TG,327,6,13,-7,0.01834862385321101,0.039755351681957186,-0.021406727828746176
2006,TG,356,21,9,12,0.05898876404494382,0.025280898876404494,0.033707865168539325
2007,TG,390,19,21,-2,0.04871794871794872,0.05384615384615385,-0.005128205128205128
2008,TG,451,16,23,-7,0.03547671840354767,0.050997782705099776,-0.015521064301552107
2009,TG,493,12,19,-7,0.02434077079107505,0.038539553752535496,-0.014198782961460446
2010,TG,606,21,16,5,0.034653465346534656,0.026402640264026403,0.00825082508250825
2011,TG,748,20,19,1,0.026737967914438502,0.02540106951871658,0.001336898395721925
2012,TG,941,28,29,-1,0.02975557917109458,0.030818278427205102,-0.0010626992561105207
2013,TG,1124,23,26,-3,0.020462633451957295,0.023131672597864767,-0.0026690391459074734
2014,TG,1280,40,33,7,0.03125,0.02578125,0.00546875
2015,TG,1432,42,38,4,0.029329608938547486,0.02653631284916201,0.002793296089385475
2016,TG,1626,54,50,4,0.033210332103321034,0.03075030750307503,0.0024600246002460025
2017,TG,1779,67,47,20,0.03766160764474424,0.026419336706014616,0.011242270938729624
2018,TG,2025,79,62,17,0.03901234567901234,0.030617283950617285,0.008395061728395062
2019,TG,2245,56,88,-32,0.024944320712694878,0.039198218262806235,-0.014253897550111359
2020,TG,2661,86,67,19,0.03231867718902668,0.025178504321683576,0.007140172867343104
2021,TG,3009,67,84,-17,0.022266533732136922,0.027916251246261216,-0.005649717514124294
2022,TG,3204,87,76,11,0.027153558052434457,0.02372034956304619,0.003433208489388265
2023,TG,3350,114,74,40,0.03402985074626866,0.02208955223880597,0.011940298507462687
2024,TG,2470,133,134,-1,0.05384615384615385,0.05425101214574899,-0.0004048582995951417
2025,TG,1507,133,165,-32,0.08825481088254811,0.10948905109489052,-0.021234240212342402
1998,TH,5778,0,0,0,0.0,0.0,0.0
1999,TH,6607,124,83,41,0.018767973361586195,0.01256243378235205,0.006205539579234145
2000,TH,8087,198,160,38,0.024483739334734758,0.019784839866452332,0.004698899468282429
2001,TH,9773,269,216,53,0.027524813261025273,0.022101708789522154,0.005423104471503121
2002,TH,11410,322,285,37,0.02822085889570552,0.02497808939526731,0.003242769500438212
2003,TH,13127,502,315,187,0.038241791726974936,0.023996343414336863,0.014245448312638074
2004,TH,15503,498,371,127,0.03212281493904406,0.023930852093143263,0.008191962845900793
2005,TH,17719,603,421,182,0.03403126587279192,0.023759805858118405,0.010271460014673514
2006,TH,20665,775,530,245,0.03750302443745463,0.025647229615291554,0.011855794822163078
2007,TH,22788,700,563,137,0.030717921713182376,0.02470598560645954,0.006011936106722837
2008,TH,26326,787,662,125,0.0298944009724227,0.025146243257616045,0.004748157714806655
2009,TH,29108,922,729,193,0.03167514085474783,0.025044661261508862,0.006630479593238972
2010,TH,33803,1021,727,294,0.030204419726059816,0.021506966837262966,0.008697452888796852
2011,TH,37553,931,813,118,0.024791627832663168,0.021649402178254732,0.003142225654408436
2012,TH,42834,1040,837,203,0.02427977774664986,0.019540551898024932,0.004739225848624924
2013,TH,46936,1132,895,237,0.024117947843872507,0.01906851883415715,0.005049429009715357
2014,TH,50718,1276,905,371,0.025158720769746443,0.01784376355534524,0.007314957214401199
2015,TH,55028,1436,1050,386,0.02609580577160718,0.01908119502798575,0.007014610743621429
2016,TH,59335,1489,1143,346,0.025094800707845286,0.019263503834161963,0.005831296873683323
2017,TH,63421,1608,1220,388,0.02535437788745053,0.019236530486747293,0.006117847400703237
2018,TH,65797,1594,1267,327,0.024226028542334757,0.019256197091052783,0.004969831451281974
2019,TH,70125,1574,1496,78,0.022445632798573974,0.021333333333333333,0.0011122994652406418
2020,TH,76367,1731,1563,168,0.022666858721699164,0.02046695562219283,0.002199903099506331
2021,TH,84411,2053,1556,497,0.024321474689317744,0.018433616471786853,0.00588785821753089
2022,TH,93448,1894,1562,332,0.020267956510572727,0.016715178494991868,0.0035527780155808577
2023,TH,105921,2394,1828,566,0.02260175036111819,0.01725814522143862,0.005343605139679572
2024,TH,86595,2636,2146,490,0.030440556614123218,0.02478203129510942,0.0056585253190138
2025,TH,59441,3044,2792,252,0.051210443969650576,0.04697094598004744,0.004239497989603136
1998,TJ,611,0,0,0,0.0,0.0,0.0
1999,TJ,583,66,56,10,0.11320754716981132,0.09605488850771869,0.017152658662092625
2000,TJ,530,54,127,-73,0.1018867924528302,0.23962264150943396,-0.13773584905660377
2001,TJ,513,58,112,-54,0.11306042884990253,0.21832358674463936,-0.10526315789473684
2002,TJ,521,76,89,-13,0.14587332053742802,0.1708253358925144,-0.02495201535508637
2003,TJ,500,68,101,-33,0.136,0.202,-0.066
2004,TJ,614,96,83,13,0.1563517915309446,0.13517915309446255,0.021172638436482084
2005,TJ,693,115,95,20,0.16594516594516595,0.1370851370851371,0.02886002886002886
2006,TJ,1343,161,136,25,0.11988086373790022,0.10126582278481013,0.018615040953090096
2007,TJ,2128,119,179,-60,0.05592105263157895,0.08411654135338346,-0.02819548872180451
2008,TJ,3685,1081,120,961,0.29335142469470826,0.032564450474898234,0.26078697421981006
2009,TJ,3900,864,450,414,0.22153846153846155,0.11538461538461539,0.10615384615384615
2010,TJ,3992,798,576,222,0.1998997995991984,0.14428857715430862,0.05561122244488978
2011,TJ,3960,712,655,57,0.1797979797979798,0.16540404040404041,0.014393939393939395
2012,TJ,3967,705,759,-54,0.1777161583060247,0.1913284597932947,-0.013612301487269978
2013,TJ,3813,619,827,-208,0.16233936532913718,0.21688958825072122,-0.054550222921584055
2014,TJ,3594,631,703,-72,0.17557039510294936,0.19560378408458542,-0.02003338898163606
2015,TJ,3079,435,1117,-682,0.14127963624553427,0.36278012341669374,-0.22150048717115947
2016,TJ,3032,243,989,-746,0.08014511873350924,0.32618733509234826,-0.24604221635883905
2017,TJ,3725,297,657,-360,0.07973154362416107,0.1763758389261745,-0.09664429530201342
2018,TJ,4518,357,617,-260,0.07901726427622842,0.13656485170429394,-0.05754758742806552
2019,TJ,5314,505,606,-101,0.0950319909672563,0.11403838916070756,-0.01900639819345126
2020,TJ,5825,506,640,-134,0.08686695278969957,0.10987124463519313,-0.023004291845493564
2021,TJ,6135,610,638,-28,0.09942950285248574,0.10399348003259984,-0.004563977180114099
2022,TJ,6469,672,636,36,0.10388004328335136,0.0983150409646004,0.005565002318750966
2023,TJ,7020,672,746,-74,0.09572649572649573,0.10626780626780627,-0.010541310541310541
2024,TJ,5696,927,669,258,0.16274578651685392,0.11745084269662921,0.04529494382022472
2025,TJ,3797,1165,706,459,0.3068211746115354,0.18593626547274164,0.12088490913879378
2000,TL,2,0,0,0,0.0,0.0,0.0
2001,TL,3,0,0,0,0.0,0.0,0.0
2002,TL,5,0,0,0,0.0,0.0,0.0
2003,TL,9,1,0,1,0.1111111111111111,0.0,0.1111111111111111
2004,TL,8,0,1,-1,0.0,0.125,-0.125
2005,TL,13,1,0,1,0.07692307692307693,0.0,0.07692307692307693
2006,TL,8,0,1,-1,0.0,0.125,-0.125
2007,TL,16,0,0,0,0.0,0.0,0.0
2008,TL,24,0,0,0,0.0,0.0,0.0
2009,TL,38,6,1,5,0.15789473684210525,0.02631578947368421,0.13157894736842105
2010,TL,50,5,1,4,0.1,0.02,0.08
2011,TL,60,2,1,1,0.03333333333333333,0.016666666666666666,0.016666666666666666
2012,TL,72,1,3,-2,0.013888888888888888,0.041666666666666664,-0.027777777777777776
2013,TL,83,7,9,-2,0.08433734939759036,0.10843373493975904,-0.024096385542168676
2014,TL,84,8,4,4,0.09523809523809523,0.047619047619047616,0.047619047619047616
2015,TL,122,8,5,3,0.06557377049180328,0.040983606557377046,0.02459016393442623
2016,TL,159,8,10,-2,0.050314465408805034,0.06289308176100629,-0.012578616352201259
2017,TL,209,19,8,11,0.09090909090909091,0.03827751196172249,0.05263157894736842
2018,TL,245,14,13,1,0.05714285714285714,0.053061224489795916,0.004081632653061225
2019,TL,306,26,14,12,0.08496732026143791,0.0457516339869281,0.0392156862745098
2020,TL,440,29,19,10,0.0659090909090909,0.04318181818181818,0.022727272727272728
2021,TL,575,26,28,-2,0.04521739130434783,0.04869565217391304,-0.0034782608695652175
2022,TL,778,39,13,26,0.05012853470437018,0.016709511568123392,0.033419023136246784
2023,TL,957,45,28,17,0.047021943573667714,0.029258098223615466,0.017763845350052248
2024,TL,788,75,38,37,0.09517766497461928,0.048223350253807105,0.046954314720812185
2025,TL,463,70,49,21,0.1511879049676026,0.10583153347732181,0.04535637149028078
1998,TM,54,0,0,0,0.0,0.0,0.0
1999,TM,42,0,2,-2,0.0,0.047619047619047616,-0.047619047619047616
2000,TM,60,3,1,2,0.05,0.016666666666666666,0.03333333333333333
2001,TM,52,1,3,-2,0.019230769230769232,0.057692307692307696,-0.038461538461538464
2002,TM,48,4,0,4,0.08333333333333333,0.0,0.08333333333333333
2003,TM,25,1,6,-5,0.04,0.24,-0.2
2004,TM,33,1,2,-1,0.030303030303030304,0.06060606060606061,-0.030303030303030304
2005,TM,40,2,2,0,0.05,0.05,0.0
2006,TM,49,5,2,3,0.10204081632653061,0.04081632653061224,0.061224489795918366
2007,TM,41,1,1,0,0.024390243902439025,0.024390243902439025,0.0
2008,TM,37,5,4,1,0.13513513513513514,0.10810810810810811,0.02702702702702703
2009,TM,58,4,8,-4,0.06896551724137931,0.13793103448275862,-0.06896551724137931
2010,TM,63,4,3,1,0.06349206349206349,0.047619047619047616,0.015873015873015872
2011,TM,66,7,1,6,0.10606060606060606,0.015151515151515152,0.09090909090909091
2012,TM,53,5,11,-6,0.09433962264150944,0.20754716981132076,-0.11320754716981132
2013,TM,61,4,8,-4,0.06557377049180328,0.13114754098360656,-0.06557377049180328
2014,TM,75,10,7,3,0.13333333333333333,0.09333333333333334,0.04
2015,TM,119,4,9,-5,0.03361344537815126,0.07563025210084033,-0.04201680672268908
2016,TM,163,16,12,4,0.09815950920245399,0.0736196319018405,0.024539877300613498
2017,TM,199,18,16,2,0.09045226130653267,0.08040201005025126,0.010050251256281407
2018,TM,234,27,20,7,0.11538461538461539,0.08547008547008547,0.029914529914529916
2019,TM,314,40,33,7,0.12738853503184713,0.10509554140127389,0.022292993630573247
2020,TM,575,29,36,-7,0.050434782608695654,0.06260869565217392,-0.01217391304347826
2021,TM,915,24,41,-17,0.02622950819672131,0.04480874316939891,-0.018579234972677595
2022,TM,1002,27,25,2,0.02694610778443114,0.0249500998003992,0.001996007984031936
2023,TM,1016,27,23,4,0.0265748031496063,0.022637795275590553,0.003937007874015748
2024,TM,569,23,39,-16,0.040421792618629174,0.06854130052724078,-0.028119507908611598
2025,TM,370,34,29,5,0.0918918918918919,0.07837837837837838,0.013513513513513514
1998,TN,2163,0,0,0,0.0,0.0,0.0
1999,TN,2640,74,81,-7,0.02803030303030303,0.03068181818181818,-0.0026515151515151517
2000,TN,3165,134,110,24,0.04233807266982623,0.03475513428120063,0.007582938388625593
2001,TN,3787,173,117,56,0.045682598362820175,0.030895167678901506,0.014787430683918669
2002,TN,5008,166,193,-27,0.03314696485623003,0.038538338658146966,-0.005391373801916933
2003,TN,6432,248,173,75,0.03855721393034826,0.026896766169154228,0.01166044776119403
2004,TN,8055,365,259,106,0.04531346989447548,0.032153941651148356,0.013159528243327126
2005,TN,9199,333,339,-6,0.036199586911620826,0.03685183172083922,-0.0006522448092183933
2006,TN,10700,476,371,105,0.044485981308411214,0.03467289719626168,0.009813084112149532
2007,TN,12095,516,465,51,0.042662257131045885,0.03844563869367507,0.004216618437370814
2008,TN,13369,587,486,101,0.04390754731094323,0.03635275637669235,0.0075547909342508785
2009,TN,14888,634,542,92,0.042584631918323484,0.036405158516926384,0.006179473401397098
2010,TN,16625,636,693,-57,0.03825563909774436,0.04168421052631579,-0.0034285714285714284
2011,TN,18759,772,609,163,0.04115357961511808,0.032464417079801695,0.008689162535316382
2012,TN,20593,747,707,40,0.03627446219589181,0.03433205458165396,0.0019424076142378478
2013,TN,22439,765,846,-81,0.03409242836133518,0.03770221489371184,-0.0036097865323766656
2014,TN,24676,900,907,-7,0.036472686010698654,0.03675636245744853,-0.0002836764467498784
2015,TN,26416,1024,844,180,0.03876438522107813,0.03195033313143549,0.006814052089642641
2016,TN,27706,1041,954,87,0.03757308886161842,0.03443297480690103,0.0031401140547173897
2017,TN,27768,986,974,12,0.03550849899164506,0.03507634687409968,0.000432152117545376
2018,TN,28225,1012,1041,-29,0.0358547387068202,0.03688219663418955,-0.0010274579273693535
2019,TN,29780,933,1188,-255,0.031329751511081264,0.03989254533243788,-0.008562793821356616
2020,TN,35551,1079,1236,-157,0.030350763691597987,0.03476695451604737,-0.004416190824449382
2021,TN,38570,1217,1356,-139,0.03155302048224008,0.03515685766139487,-0.0036038371791547834
2022,TN,40161,975,1144,-169,0.024277283932173002,0.028485346480416323,-0.004208062548243321
2023,TN,39916,1131,1479,-348,0.028334502455155827,0.03705281090289608,-0.008718308447740254
2024,TN,32112,1343,1652,-309,0.04182237169905331,0.05144494270054808,-0.009622571001494768
2025,TN,21388,1470,2026,-556,0.06873012904432392,0.09472601458761923,-0.025995885543295304
1998,TO,27,0,0,0,0.0,0.0,0.0
1999,TO,23,0,2,-2,0.0,0.08695652173913043,-0.08695652173913043
2000,TO,20,0,3,-3,0.0,0.15,-0.15
2001,TO,10,0,1,-1,0.0,0.1,-0.1
2002,TO,16,4,1,3,0.25,0.0625,0.1875
2003,TO,14,1,3,-2,0.07142857142857142,0.21428571428571427,-0.14285714285714285
2004,TO,15,1,2,-1,0.06666666666666667,0.13333333333333333,-0.06666666666666667
2005,TO,17,0,1,-1,0.0,0.058823529411764705,-0.058823529411764705
2006,TO,22,2,2,0,0.09090909090909091,0.09090909090909091,0.0
2007,TO,23,3,3,0,0.13043478260869565,0.13043478260869565,0.0
2008,TO,27,0,1,-1,0.0,0.037037037037037035,-0.037037037037037035
2009,TO,26,1,2,-1,0.038461538461538464,0.07692307692307693,-0.038461538461538464
2010,TO,32,3,4,-1,0.09375,0.125,-0.03125
2011,TO,33,0,4,-4,0.0,0.12121212121212122,-0.12121212121212122
2012,TO,42,3,2,1,0.07142857142857142,0.047619047619047616,0.023809523809523808
2013,TO,41,4,2,2,0.0975609756097561,0.04878048780487805,0.04878048780487805
2014,TO,59,3,2,1,0.05084745762711865,0.03389830508474576,0.01694915254237288
2015,TO,64,2,4,-2,0.03125,0.0625,-0.03125
2016,TO,80,7,4,3,0.0875,0.05,0.0375
2017,TO,110,13,5,8,0.11818181818181818,0.045454545454545456,0.07272727272727272
2018,TO,119,6,9,-3,0.05042016806722689,0.07563025210084033,-0.025210084033613446
2019,TO,140,19,7,12,0.1357142857142857,0.05,0.08571428571428572
2020,TO,154,17,13,4,0.11038961038961038,0.08441558441558442,0.025974025974025976
2021,TO,196,13,14,-1,0.0663265306122449,0.07142857142857142,-0.00510204081632653
2022,TO,245,20,17,3,0.08163265306122448,0.06938775510204082,0.012244897959183673
2023,TO,307,17,16,1,0.05537459283387622,0.05211726384364821,0.003257328990228013
2024,TO,234,28,28,0,0.11965811965811966,0.11965811965811966,0.0
2025,TO,156,37,34,3,0.23717948717948717,0.21794871794871795,0.019230769230769232
1998,TR,21959,0,0,0,0.0,0.0,0.0
1999,TR,24577,265,238,27,0.010782438865606054,0.00968385075477072,0.001098588110835334
2000,TR,28752,383,396,-13,0.01332081246521981,0.013772954924874792,-0.0004521424596549805
2001,TR,34145,568,437,131,0.016634939229755456,0.012798359935568897,0.003836579294186557
2002,TR,41093,640,551,89,0.015574428734821016,0.013408609738884969,0.0021658189959360475
2003,TR,47298,852,748,104,0.018013446657363947,0.01581462218275614,0.002198824474607806
2004,TR,52936,1017,802,215,0.019211878494786158,0.015150370258425269,0.0040615082363608885
2005,TR,57187,1049,968,81,0.018343329777746692,0.01692692395124766,0.0014164058264990295
2006,TR,60615,1189,1105,84,0.019615606698012045,0.01822981110286233,0.0013857955951497153
2007,TR,65296,1244,1127,117,0.019051703013967164,0.017259862778730702,0.0017918402352364617
2008,TR,70618,1201,1296,-95,0.017006995383613242,0.018352261463083067,-0.0013452660794698236
2009,TR,79228,1473,1462,11,0.018591911950320592,0.018453072146210937,0.0001388398041096582
2010,TR,88209,1583,1594,-11,0.017946014579011214,0.018070718407418744,-0.00012470382840753212
2011,TR,100546,1964,1671,293,0.01953334792035486,0.016619258846697033,0.0029140890736578284
2012,TR,114198,2218,2191,27,0.019422406697140054,0.019185975235993625,0.00023643146114642988
2013,TR,130244,2560,2282,278,0.019655415988452444,0.017520960658456437,0.0021344553299960075
2014,TR,144415,2822,2514,308,0.01954090641553855,0.017408163971886575,0.0021327424436519754
2015,TR,156250,2944,2674,270,0.0188416,0.0171136,0.001728
2016,TR,166721,3035,3003,32,0.01820406547465526,0.01801212804625692,0.00019193742839834215
2017,TR,181474,2980,3162,-182,0.01642108511412103,0.01742398360095661,-0.0010028984868355798
2018,TR,199879,3167,3561,-394,0.01584458597451458,0.01781577854602034,-0.001971192571505761
2019,TR,221860,3584,3958,-374,0.016154331560443522,0.01784007932930677,-0.0016857477688632472
2020,TR,247230,3892,4139,-247,0.01574242608097723,0.016741495773166686,-0.0009990696921894592
2021,TR,268522,4130,4340,-210,0.015380490239161037,0.01616254906488109,-0.0007820588257200527
2022,TR,281045,3820,4747,-927,0.013592129374299489,0.01689053354445018,-0.003298404170150688
2023,TR,291565,4823,5684,-861,0.016541765987001182,0.019494795328657416,-0.0029530293416562344
2024,TR,235080,5016,6030,-1014,0.02133741704951506,0.02565084226646248,-0.004313425216947422
2025,TR,163436,5496,6975,-1479,0.03362784209109376,0.04267725592892631,-0.009049413837832546
1998,TT,321,0,0,0,0.0,0.0,0.0
1999,TT,361,13,12,1,0.036011080332409975,0.0332409972299169,0.002770083102493075
2000,TT,409,18,23,-5,0.044009779951100246,0.05623471882640587,-0.012224938875305624
2001,TT,468,28,26,2,0.05982905982905983,0.05555555555555555,0.004273504273504274
2002,TT,477,37,32,5,0.07756813417190776,0.06708595387840671,0.010482180293501049
2003,TT,516,29,38,-9,0.0562015503875969,0.07364341085271318,-0.01744186046511628
2004,TT,500,33,43,-10,0.066,0.086,-0.02
2005,TT,578,41,34,7,0.07093425605536333,0.058823529411764705,0.012110726643598616
2006,TT,597,47,34,13,0.07872696817420435,0.05695142378559464,0.021775544388609715
2007,TT,715,67,43,24,0.0937062937062937,0.06013986013986014,0.033566433566433566
2008,TT,737,62,58,4,0.08412483039348712,0.07869742198100407,0.005427408412483039
2009,TT,802,76,56,20,0.09476309226932668,0.06982543640897755,0.02493765586034913
2010,TT,879,73,73,0,0.08304891922639362,0.08304891922639362,0.0
2011,TT,950,73,85,-12,0.07684210526315789,0.08947368421052632,-0.01263157894736842
2012,TT,1066,84,92,-8,0.07879924953095685,0.08630393996247655,-0.0075046904315197
2013,TT,1082,96,99,-3,0.08872458410351201,0.09149722735674677,-0.0027726432532347504
2014,TT,1212,102,106,-4,0.08415841584158416,0.08745874587458746,-0.0033003300330033004
2015,TT,1324,97,86,11,0.07326283987915408,0.0649546827794562,0.008308157099697885
2016,TT,1532,151,85,66,0.09856396866840732,0.05548302872062663,0.04308093994778068
2017,TT,1615,120,79,41,0.07430340557275542,0.04891640866873065,0.025386996904024767
2018,TT,1758,127,133,-6,0.07224118316268487,0.07565415244596133,-0.0034129692832764505
2019,TT,1742,123,120,3,0.07060849598163031,0.06888633754305395,0.001722158438576349
2020,TT,1796,137,159,-22,0.07628062360801782,0.08853006681514476,-0.012249443207126948
2021,TT,1774,153,171,-18,0.08624577226606539,0.0963923337091319,-0.010146561443066516
2022,TT,1830,145,158,-13,0.07923497267759563,0.08633879781420765,-0.007103825136612022
2023,TT,1943,180,144,36,0.09264024704065878,0.07411219763252702,0.018528049408131755
2024,TT,1470,142,192,-50,0.09659863945578231,0.1306122448979592,-0.034013605442176874
2025,TT,918,163,160,3,0.1775599128540305,0.17429193899782136,0.0032679738562091504
1998,TV,2,0,0,0,0.0,0.0,0.0
1999,TV,1,0,0,0,0.0,0.0,0.0
2000,TV,2,0,1,-1,0.0,0.5,-0.5
2001,TV,2,0,0,0,0.0,0.0,0.0
2002,TV,1,0,0,0,0.0,0.0,0.0
2003,TV,1,0,0,0,0.0,0.0,0.0
2004,TV,3,0,0,0,0.0,0.0,0.0
2005,TV,3,0,0,0,0.0,0.0,0.0
2006,TV,3,0,0,0,0.0,0.0,0.0
2007,TV,3,0,0,0,0.0,0.0,0.0
2008,TV,3,0,0,0,0.0,0.0,0.0
2009,TV,3,1,0,1,0.3333333333333333,0.0,0.3333333333333333
2010,TV,3,0,1,-1,0.0,0.3333333333333333,-0.3333333333333333
2011,TV,5,0,0,0,0.0,0.0,0.0
2012,TV,8,0,1,-1,0.0,0.125,-0.125
2013,TV,7,0,0,0,0.0,0.0,0.0
2014,TV,7,0,0,0,0.0,0.0,0.0
2015,TV,7,0,0,0,0.0,0.0,0.0
2016,TV,8,0,0,0,0.0,0.0,0.0
2017,TV,8,0,0,0,0.0,0.0,0.0
2018,TV,5,0,0,0,0.0,0.0,0.0
2019,TV,7,0,0,0,0.0,0.0,0.0
2020,TV,18,0,0,0,0.0,0.0,0.0
2021,TV,21,2,0,2,0.09523809523809523,0.0,0.09523809523809523
2022,TV,20,1,1,0,0.05,0.05,0.0
2023,TV,15,0,0,0,0.0,0.0,0.0
2024,TV,14,1,0,1,0.07142857142857142,0.0,0.07142857142857142
2025,TV,1,0,8,-8,0.0,8.0,-8.0
1998,TW,44230,0,0,0,0.0,0.0,0.0
1999,TW,49857,631,562,69,0.012656196722626712,0.011272238602402873,0.0013839581202238402
2000,TW,61739,1303,1014,289,0.021104974165438377,0.016423978360517663,0.004680995804920715
2001,TW,70316,1878,1671,207,0.02670800386825189,0.02376415040673531,0.002943853461516582
2002,TW,79310,2709,2653,56,0.034157105030891435,0.03345101500441306,0.000706090026478376
2003,TW,85289,3151,3293,-142,0.03694497531920881,0.03860990280106462,-0.001664927481855808
2004,TW,94946,3353,3696,-343,0.03531481052387673,0.03892739030606871,-0.003612579782191983
2005,TW,103019,3709,4453,-744,0.03600306739533484,0.043225036158378555,-0.00722196876304371
2006,TW,110120,4241,4861,-620,0.0385125317835089,0.04414275335997094,-0.005630221576462042
2007,TW,115620,4002,5110,-1108,0.03461338868707836,0.04419650579484518,-0.009583117107766822
2008,TW,123737,4263,5427,-1164,0.034452104059416344,0.04385915288070666,-0.009407048821290318
2009,TW,132438,4550,5305,-755,0.034355698515531795,0.04005647925821894,-0.005700780742687144
2010,TW,139520,5036,5791,-755,0.03609518348623853,0.04150659403669725,-0.005411410550458715
2011,TW,144556,5406,5985,-579,0.03739727164559064,0.041402639807410276,-0.004005368161819641
2012,TW,146412,5620,6089,-469,0.03838483184438434,0.041588121192252,-0.003203289347867661
2013,TW,144483,5552,6642,-1090,0.03842666611296831,0.045970806254022965,-0.007544140141054657
2014,TW,138208,5465,6682,-1217,0.039541849965269736,0.048347418383885156,-0.00880556841861542
2015,TW,131570,5467,6841,-1374,0.04155202553773656,0.051995135669225506,-0.010443110131488942
2016,TW,127506,5263,6315,-1052,0.04127648894953963,0.04952708107853748,-0.008250592128997852
2017,TW,126651,5255,6316,-1061,0.04149197400731143,0.049869325942945575,-0.008377351935634145
2018,TW,127565,5154,6668,-1514,0.04040293183867048,0.052271391055540316,-0.01186845921686983
2019,TW,129523,5163,7249,-2086,0.03986164619411224,0.055966893910734,-0.016105247716621758
2020,TW,131563,5709,7128,-1419,0.043393659311508556,0.054179366539224554,-0.010785707227715999
2021,TW,130812,5955,6916,-961,0.045523346481974133,0.05286976729963612,-0.007346420817661988
2022,TW,130200,5438,6297,-859,0.04176651305683564,0.04836405529953917,-0.006597542242703533
2023,TW,129807,6284,8443,-2159,0.04841033226251281,0.06504271726486245,-0.01663238500234964
2024,TW,103765,7130,10361,-3231,0.06871295716281983,0.09985062400616779,-0.03113766684334795
2025,TW,71078,8833,10797,-1964,0.1242719266158305,0.15190354258701708,-0.027631615971186584
1998,TZ,1244,0,0,0,0.0,0.0,0.0
1999,TZ,1592,56,47,9,0.035175879396984924,0.029522613065326633,0.005653266331658292
2000,TZ,2004,62,60,2,0.03093812375249501,0.029940119760479042,0.000998003992015968
2001,TZ,2099,85,78,7,0.040495474035254886,0.037160552644116246,0.0033349213911386373
2002,TZ,2253,88,113,-25,0.03905903240124279,0.05015534842432313,-0.011096316023080338
2003,TZ,2384,104,112,-8,0.0436241610738255,0.04697986577181208,-0.003355704697986577
2004,TZ,2720,136,118,18,0.05,0.04338235294117647,0.006617647058823529
2005,TZ,2913,117,127,-10,0.04016477857878476,0.04359766563680055,-0.0034328870580157913
2006,TZ,3114,160,138,22,0.05138086062941554,0.04431599229287091,0.007064868336544637
2007,TZ,3335,171,171,0,0.051274362818590706,0.051274362818590706,0.0
2008,TZ,3603,163,172,-9,0.045240077713016934,0.04773799611434915,-0.002497918401332223
2009,TZ,3880,233,173,60,0.06005154639175258,0.04458762886597938,0.015463917525773196
2010,TZ,4066,207,229,-22,0.05090998524348254,0.05632070831283817,-0.0054107230693556324
2011,TZ,4417,251,230,21,0.0568258999320806,0.05207154177043242,0.004754358161648178
2012,TZ,5136,271,212,59,0.05276479750778816,0.04127725856697819,0.011487538940809968
2013,TZ,5691,361,291,70,0.06343349147777191,0.05113336847654191,0.012300123001230012
2014,TZ,5979,309,336,-27,0.051680883090817864,0.05619668840943302,-0.004515805318615153
2015,TZ,6235,467,319,148,0.07489975942261427,0.05116279069767442,0.023736968724939855
2016,TZ,6435,321,496,-175,0.049883449883449886,0.07707847707847708,-0.027195027195027196
2017,TZ,7143,314,303,11,0.04395912081758365,0.04241915161696766,0.0015399692006159878
2018,TZ,8193,344,343,1,0.041987062126205295,0.04186500671304772,0.00012205541315757354
2019,TZ,9411,370,392,-22,0.03931569440017001,0.04165338433747742,-0.002337689937307406
2020,TZ,11433,408,401,7,0.0356861716085017,0.035073908860316624,0.0006122627481850783
2021,TZ,13600,542,399,143,0.03985294117647059,0.029338235294117648,0.010514705882352942
2022,TZ,15785,498,453,45,0.03154893886601204,0.028698131137155528,0.0028508077288565093
2023,TZ,18073,652,513,139,0.036075914347369,0.02838488352791457,0.007691030819454435
2024,TZ,14675,649,618,31,0.04422487223168654,0.04211243611584327,0.002112436115843271
2025,TZ,9946,781,717,64,0.07852402976070783,0.07208928212346671,0.006434747637241102
1998,UA,12608,0,0,0,0.0,0.0,0.0
1999,UA,13975,221,238,-17,0.01581395348837209,0.0170304114490161,-0.001216457960644007
2000,UA,15676,340,402,-62,0.02168920643021179,0.025644297014544525,-0.003955090584332738
2001,UA,16749,380,481,-101,0.02268792166696519,0.028718132425816466,-0.006030210758851275
2002,UA,17884,466,509,-43,0.02605681055692239,0.028461194363677028,-0.002404383806754641
2003,UA,18144,450,592,-142,0.0248015873015873,0.03262786596119929,-0.007826278659611993
2004,UA,19527,487,572,-85,0.024939826906334818,0.029292774107645823,-0.004352947201311005
2005,UA,20581,496,640,-144,0.024099897964141685,0.031096642534376367,-0.0069967445702346824
2006,UA,21650,586,666,-80,0.027066974595842955,0.030762124711316396,-0.003695150115473441
2007,UA,22503,564,666,-102,0.025063324890014664,0.029596053859485404,-0.004532728969470737
2008,UA,24039,724,757,-33,0.03011772536295187,0.03149049461292067,-0.0013727692499688007
2009,UA,25894,789,834,-45,0.030470379238433615,0.03220823356762184,-0.001737854329188229
2010,UA,30003,759,878,-119,0.025297470252974703,0.029263740292637404,-0.0039662700396627
2011,UA,35953,786,974,-188,0.021861875225989487,0.027090924262231246,-0.00522904903624176
2012,UA,42852,949,963,-14,0.022145990852235602,0.022472696723606835,-0.0003267058713712312
2013,UA,48390,1081,1057,24,0.02233932630708824,0.021843356065302747,0.0004959702417854929
2014,UA,55733,1150,1312,-162,0.020634094701523335,0.023540810650781403,-0.0029067159492580695
2015,UA,66593,1306,1428,-122,0.019611670896340458,0.021443695283288034,-0.001832024386947577
2016,UA,83922,1499,1696,-197,0.017861824074736063,0.020209241915111652,-0.002347417840375587
2017,UA,108370,1741,1806,-65,0.01606533173387469,0.016665128725662084,-0.000599796991787395
2018,UA,131449,2068,2209,-141,0.015732337256274296,0.016804996614656634,-0.0010726593583823385
2019,UA,149693,2718,2716,2,0.018157161657525737,0.01814380097933771,1.3360678188024825e-05
2020,UA,158038,3206,3131,75,0.02028626026651818,0.019811690859160454,0.0004745694073577241
2021,UA,161791,3320,3416,-96,0.020520300882002088,0.02111365897979492,-0.0005933580977928314
2022,UA,157747,2882,2917,-35,0.018269761073110742,0.01849163534013325,-0.00022187426702251073
2023,UA,156113,3712,4224,-512,0.023777648241978568,0.027057323861561816,-0.0032796756195832507
2024,UA,113849,3562,4961,-1399,0.0312870556614463,0.043575261969802104,-0.012288206308355804
2025,UA,67134,4076,6228,-2152,0.06071439211129979,0.09276968451157387,-0.03205529240027408
1998,UG,959,0,0,0,0.0,0.0,0.0
1999,UG,1304,31,24,7,0.023773006134969327,0.018404907975460124,0.005368098159509203
2000,UG,1739,52,43,9,0.029902242668200116,0.024726854514088556,0.005175388154111558
2001,UG,1910,72,70,2,0.03769633507853403,0.03664921465968586,0.0010471204188481676
2002,UG,2084,70,86,-16,0.03358925143953935,0.04126679462571977,-0.007677543186180422
2003,UG,2187,113,70,43,0.051668952903520804,0.03200731595793324,0.019661636945587563
2004,UG,2433,117,108,9,0.04808877928483354,0.04438964241676942,0.0036991368680641184
2005,UG,2510,117,114,3,0.04661354581673307,0.04541832669322709,0.001195219123505976
2006,UG,2736,125,132,-7,0.04568713450292398,0.04824561403508772,-0.0025584795321637425
2007,UG,2875,141,130,11,0.049043478260869564,0.04521739130434783,0.0038260869565217392
2008,UG,3307,145,165,-20,0.04384638645297853,0.049894163894768674,-0.0060477774417901425
2009,UG,3734,166,183,-17,0.044456347080878415,0.04900910551687199,-0.0045527584359935725
2010,UG,4250,193,171,22,0.04541176470588235,0.04023529411764706,0.0051764705882352945
2011,UG,4690,183,213,-30,0.03901918976545842,0.04541577825159915,-0.006396588486140725
2012,UG,5333,250,225,25,0.04687792987061691,0.042190136883555225,0.004687792987061692
2013,UG,5717,280,292,-12,0.04897673605037607,0.05107573902396362,-0.002099002973587546
2014,UG,6061,343,296,47,0.05659132156409833,0.048836825606335586,0.007754495957762745
2015,UG,6278,321,346,-25,0.051130933418286076,0.05511309334182861,-0.00398215992354253
2016,UG,6892,305,391,-86,0.04425420777713291,0.05673244341265235,-0.012478235635519443
2017,UG,7778,370,351,19,0.04757006942658781,0.04512728207765492,0.0024427873489328874
2018,UG,9069,357,425,-68,0.039364869335097585,0.04686293968463998,-0.0074980703495423975
2019,UG,10566,374,392,-18,0.03539655498769639,0.03710013250047322,-0.0017035775127768314
2020,UG,12419,516,479,37,0.04154923906916821,0.03856993316692165,0.0029793059022465576
2021,UG,14636,516,509,7,0.0352555342989888,0.03477726154687073,0.00047827275211806506
2022,UG,17311,511,449,62,0.029518803073190457,0.02593726532262723,0.003581537750563226
2023,UG,20403,662,577,85,0.032446208890849385,0.028280154879184435,0.004166054011664951
2024,UG,16731,738,670,68,0.04410973641742873,0.04004542466080928,0.004064311756619449
2025,UG,11602,1138,757,381,0.09808653680399931,0.0652473711429064,0.03283916566109291
1998,US,1034002,0,0,0,0.0,0.0,0.0
1999,US,1054151,21761,20749,1012,0.020643152641319888,0.019683138373914173,0.0009600142674057133
2000,US,1163035,31209,30453,756,0.026834102155137207,0.026184078725059866,0.0006500234300773407
2001,US,1233245,37758,35925,1833,0.030616787418558358,0.02913046474950233,0.001486322669056027
2002,US,1311423,47320,44121,3199,0.03608294196456826,0.03364360698264404,0.002439334981924215
2003,US,1340801,51174,50235,939,0.03816673764413959,0.03746641000416915,0.0007003276399704356
2004,US,1394253,53938,55960,-2022,0.038685948676459726,0.040136187621615305,-0.001450238945155578
2005,US,1445142,60137,62477,-2340,0.04161321171206705,0.04323242975430788,-0.0016192180422408317
2006,US,1483381,64437,71133,-6696,0.04343927824341825,0.047953290489766286,-0.004514012246348039
2007,US,1523928,67641,75104,-7463,0.044385955241979934,0.04928316823366983,-0.004897212991689896
2008,US,1585937,74356,81209,-6853,0.046884586209918803,0.05120569102051342,-0.00432110481059462
2009,US,1649686,79596,86718,-7122,0.04824918196553769,0.05256636717532912,-0.004317185209791439
2010,US,1724766,83207,89664,-6457,0.04824248622711719,0.05198618247344857,-0.003743696246331386
2011,US,1802215,87781,95362,-7581,0.04870728520182109,0.05291377554842236,-0.004206490346601265
2012,US,1876868,93608,99121,-5513,0.049874578286805464,0.05281191857925011,-0.002937340292444647
2013,US,1939135,97510,104743,-7233,0.05028530762427577,0.05401532126437819,-0.0037300136401024167
2014,US,1994818,103529,108416,-4887,0.051898970231870775,0.05434881778688582,-0.002449847555015044
2015,US,2051820,107695,111136,-3441,0.052487547640631245,0.05416459533487343,-0.001677047694242185
2016,US,2113849,111675,114834,-3159,0.052830169042348815,0.05432459934460787,-0.0014944303022590545
2017,US,2195598,114684,119695,-5011,0.05223360560539771,0.054515899540808474,-0.0022822939354107626
2018,US,2323271,118131,122497,-4366,0.050846844814918274,0.05272609179041102,-0.0018792469754927428
2019,US,2408198,124652,127376,-2724,0.051761524592246984,0.052892660819417674,-0.0011311362271706894
2020,US,2525151,134926,135401,-475,0.053432844214068784,0.05362095177674523,-0.00018810756267644983
2021,US,2587037,126517,142056,-15539,0.04890420971945898,0.0549106951311481,-0.006006485411689125
2022,US,2677574,121716,128693,-6977,0.045457567185818205,0.048063284151997294,-0.002605716966179086
2023,US,2785102,157542,148799,8743,0.05656597137196411,0.053426768570774066,0.0031392028011900464
2024,US,2266775,165176,169652,-4476,0.07286828203063825,0.07484289353817648,-0.0019746115075382426
2025,US,1579384,189258,177593,11665,0.11983026293795555,0.11244447202200351,0.007385790915952042
1998,UY,1481,0,0,0,0.0,0.0,0.0
1999,UY,1679,47,46,1,0.02799285288862418,0.0273972602739726,0.0005955926146515784
2000,UY,1962,87,78,9,0.04434250764525994,0.039755351681957186,0.0045871559633027525
2001,UY,2202,107,92,15,0.0485921889191644,0.04178019981834696,0.006811989100817439
2002,UY,2423,124,119,5,0.051176227816756084,0.049112670243499794,0.0020635575732562937
2003,UY,2774,116,161,-45,0.0418168709444845,0.05803893294881038,-0.016222062004325882
2004,UY,3271,184,164,20,0.05625191073066341,0.05013757260776521,0.006114338122898196
2005,UY,3643,210,187,23,0.05764479824320615,0.05133132034037881,0.00631347790282734
2006,UY,3822,240,269,-29,0.06279434850863422,0.07038199895342752,-0.007587650444793302
2007,UY,4029,225,274,-49,0.05584512285927029,0.06800694961528915,-0.012161826756018863
2008,UY,4715,338,313,25,0.07168610816542947,0.06638388123011665,0.005302226935312832
2009,UY,5196,313,354,-41,0.06023864511162433,0.06812933025404157,-0.007890685142417244
2010,UY,5712,378,374,4,0.0661764705882353,0.06547619047619048,0.0007002801120448179
2011,UY,5884,370,417,-47,0.0628823929299796,0.07087015635622027,-0.007987763426240652
2012,UY,6350,438,439,-1,0.06897637795275591,0.06913385826771654,-0.00015748031496062991
2013,UY,6957,437,425,12,0.06281443150783383,0.061089550093431075,0.0017248814144027599
2014,UY,7708,528,473,55,0.06850025947067981,0.06136481577581733,0.007135443694862481
2015,UY,8579,589,552,37,0.06865602051521157,0.064343163538874,0.004312856976337568
2016,UY,9291,737,614,123,0.0793240770638252,0.06608545904638898,0.013238618017436228
2017,UY,9957,716,695,21,0.07190920960128552,0.06980014060459978,0.0021090689966857487
2018,UY,11137,748,716,32,0.06716350902397414,0.06429020382508754,0.0028733051988865943
2019,UY,12357,857,793,64,0.06935340292951364,0.06417415230233875,0.00517925062717488
2020,UY,13051,1060,934,126,0.0812198298980921,0.07156539728756417,0.00965443261052793
2021,UY,13429,1111,978,133,0.08273140218929183,0.07282746295331,0.00990393923598183
2022,UY,14190,910,948,-38,0.06412966878083157,0.0668076109936575,-0.002677942212825934
2023,UY,14779,1253,1110,143,0.08478246160092022,0.07510657013329725,0.00967589146762298
2024,UY,11514,1375,1165,210,0.11941983672051415,0.1011811707486538,0.018238665971860343
2025,UY,6636,1251,1235,16,0.18851717902350815,0.18610608800482217,0.0024110910186859553
1998,UZ,1299,0,0,0,0.0,0.0,0.0
1999,UZ,1403,58,108,-50,0.041339985744832504,0.07697790449037777,-0.03563791874554526
2000,UZ,1454,54,95,-41,0.037138927097661624,0.06533700137551582,-0.028198074277854195
2001,UZ,1471,56,79,-23,0.038069340584636305,0.053704962610469066,-0.01563562202583277
2002,UZ,1462,64,101,-37,0.04377564979480164,0.06908344733242135,-0.0253077975376197
2003,UZ,1482,53,91,-38,0.03576248313090418,0.06140350877192982,-0.02564102564102564
2004,UZ,1544,81,95,-14,0.052461139896373056,0.06152849740932642,-0.009067357512953367
2005,UZ,1747,83,111,-28,0.04751001717229536,0.06353749284487693,-0.01602747567258157
2006,UZ,1857,90,81,9,0.048465266558966075,0.04361873990306947,0.004846526655896607
2007,UZ,1872,98,111,-13,0.05235042735042735,0.05929487179487179,-0.006944444444444444
2008,UZ,2003,111,137,-26,0.05541687468796805,0.06839740389415876,-0.012980529206190713
2009,UZ,2147,121,141,-20,0.056357708430367956,0.0656730321378668,-0.009315323707498836
2010,UZ,2235,97,144,-47,0.043400447427293064,0.06442953020134229,-0.021029082774049218
2011,UZ,2276,119,140,-21,0.05228471001757469,0.061511423550087874,-0.00922671353251318
2012,UZ,2446,105,151,-46,0.04292722812755519,0.06173344235486509,-0.018806214227309895
2013,UZ,2839,121,150,-29,0.042620641070799575,0.0528355054596689,-0.010214864388869321
2014,UZ,3343,133,182,-49,0.039784624588692794,0.05444211785821119,-0.014657493269518396
2015,UZ,3723,162,160,2,0.043513295729250605,0.04297609454740801,0.0005372011818426001
2016,UZ,4331,141,177,-36,0.03255599168783191,0.040868159778342183,-0.008312168090510275
2017,UZ,7017,146,171,-25,0.020806612512469718,0.02436938862761864,-0.003562776115148924
2018,UZ,14346,159,171,-12,0.011083228774571309,0.01191969887076537,-0.000836470096194061
2019,UZ,30110,221,212,9,0.007339754234473597,0.007040850215875125,0.0002989040185984723
2020,UZ,41781,340,261,79,0.008137670232880975,0.006246858619946866,0.001890811612934109
2021,UZ,52686,433,351,82,0.008218502068860798,0.006662111376836351,0.0015563906920244468
2022,UZ,51956,404,321,83,0.007775810301023943,0.006178304719377936,0.0015975055816460082
2023,UZ,55383,713,467,246,0.012873986602387014,0.008432190383330625,0.004441796219056389
2024,UZ,38507,682,520,162,0.017711065520554705,0.013504038226815904,0.004207027293738801
2025,UZ,22879,899,790,109,0.03929367542287687,0.03452948118361816,0.004764194239258709
1998,VA,22,0,0,0,0.0,0.0,0.0
1999,VA,20,1,3,-2,0.05,0.15,-0.1
2000,VA,14,1,1,0,0.07142857142857142,0.07142857142857142,0.0
2001,VA,19,0,4,-4,0.0,0.21052631578947367,-0.21052631578947367
2002,VA,30,2,0,2,0.06666666666666667,0.0,0.06666666666666667
2003,VA,39,1,2,-1,0.02564102564102564,0.05128205128205128,-0.02564102564102564
2004,VA,46,7,2,5,0.15217391304347827,0.043478260869565216,0.10869565217391304
2005,VA,41,2,5,-3,0.04878048780487805,0.12195121951219512,-0.07317073170731707
2006,VA,38,7,2,5,0.18421052631578946,0.05263157894736842,0.13157894736842105
2007,VA,32,3,7,-4,0.09375,0.21875,-0.125
2008,VA,28,1,5,-4,0.03571428571428571,0.17857142857142858,-0.14285714285714285
2009,VA,32,4,2,2,0.125,0.0625,0.0625
2010,VA,37,4,7,-3,0.10810810810810811,0.1891891891891892,-0.08108108108108109
2011,VA,47,9,5,4,0.19148936170212766,0.10638297872340426,0.0851063829787234
2012,VA,49,8,10,-2,0.16326530612244897,0.20408163265306123,-0.04081632653061224
2013,VA,57,11,5,6,0.19298245614035087,0.08771929824561403,0.10526315789473684
2014,VA,60,4,6,-2,0.06666666666666667,0.1,-0.03333333333333333
2015,VA,79,4,7,-3,0.05063291139240506,0.08860759493670886,-0.0379746835443038
2016,VA,84,8,9,-1,0.09523809523809523,0.10714285714285714,-0.011904761904761904
2017,VA,89,16,14,2,0.1797752808988764,0.15730337078651685,0.02247191011235955
2018,VA,89,22,16,6,0.24719101123595505,0.1797752808988764,0.06741573033707865
2019,VA,98,14,14,0,0.14285714285714285,0.14285714285714285,0.0
2020,VA,128,14,8,6,0.109375,0.0625,0.046875
2021,VA,179,33,13,20,0.18435754189944134,0.07262569832402235,0.11173184357541899
2022,VA,163,23,20,3,0.1411042944785276,0.12269938650306748,0.018404907975460124
2023,VA,148,23,25,-2,0.1554054054054054,0.16891891891891891,-0.013513513513513514
2024,VA,93,21,20,1,0.22580645161290322,0.21505376344086022,0.010752688172043012
2025,VA,52,20,17,3,0.38461538461538464,0.3269230769230769,0.057692307692307696
1999,VC,1,1,0,1,1.0,0.0,1.0
2000,VC,1,0,1,-1,0.0,1.0,-1.0
2001,VC,2,0,0,0,0.0,0.0,0.0
2002,VC,5,0,0,0,0.0,0.0,0.0
2003,VC,5,0,0,0,0.0,0.0,0.0
2004,VC,4,1,1,0,0.25,0.25,0.0
2005,VC,3,0,0,0,0.0,0.0,0.0
2006,VC,4,0,2,-2,0.0,0.5,-0.5
2007,VC,4,2,0,2,0.5,0.0,0.5
2008,VC,6,0,1,-1,0.0,0.16666666666666666,-0.16666666666666666
2009,VC,14,5,0,5,0.35714285714285715,0.0,0.35714285714285715
2010,VC,12,1,2,-1,0.08333333333333333,0.16666666666666666,-0.08333333333333333
2011,VC,15,1,2,-1,0.06666666666666667,0.13333333333333333,-0.06666666666666667
2012,VC,12,0,1,-1,0.0,0.08333333333333333,-0.08333333333333333
2013,VC,16,3,0,3,0.1875,0.0,0.1875
2014,VC,20,3,3,0,0.15,0.15,0.0
2015,VC,31,2,2,0,0.06451612903225806,0.06451612903225806,0.0
2016,VC,44,5,1,4,0.11363636363636363,0.022727272727272728,0.09090909090909091
2017,VC,50,7,3,4,0.14,0.06,0.08
2018,VC,54,4,3,1,0.07407407407407407,0.05555555555555555,0.018518518518518517
2019,VC,64,7,6,1,0.109375,0.09375,0.015625
2020,VC,94,5,12,-7,0.05319148936170213,0.1276595744680851,-0.07446808510638298
2021,VC,116,9,6,3,0.07758620689655173,0.05172413793103448,0.02586206896551724
2022,VC,118,10,9,1,0.0847457627118644,0.07627118644067797,0.00847457627118644
2023,VC,121,17,21,-4,0.14049586776859505,0.17355371900826447,-0.03305785123966942
2024,VC,81,12,7,5,0.14814814814814814,0.08641975308641975,0.06172839506172839
2025,VC,65,18,17,1,0.27692307692307694,0.26153846153846155,0.015384615384615385
1998,VE,5880,0,0,0,0.0,0.0,0.0
1999,VE,6819,134,119,15,0.019650975216307376,0.01745123918463118,0.002199736031676199
2000,VE,7718,221,177,44,0.028634361233480177,0.022933402435864215,0.005700958797615963
2001,VE,8417,234,270,-36,0.027800879173102054,0.03207793750742545,-0.004277058334323393
2002,VE,8845,339,333,6,0.03832673827020916,0.03764838892029395,0.0006783493499152064
2003,VE,9419,394,412,-18,0.041830342923877266,0.04374137381887674,-0.0019110308949994693
2004,VE,10620,376,471,-95,0.03540489642184558,0.044350282485875706,-0.008945386064030132
2005,VE,12285,524,548,-24,0.04265364265364265,0.044607244607244606,-0.0019536019536019536
2006,VE,13510,644,681,-37,0.04766839378238342,0.05040710584752035,-0.0027387120651369357
2007,VE,14688,762,692,70,0.051879084967320264,0.047113289760348585,0.004765795206971677
2008,VE,15086,753,792,-39,0.04991382738963277,0.05249900570064961,-0.002585178311016837
2009,VE,15096,764,959,-195,0.05060943296237414,0.06352676205617382,-0.012917329093799682
2010,VE,14459,829,923,-94,0.05733453212531987,0.06383567328307628,-0.006501141157756415
2011,VE,13957,813,1036,-223,0.05825034033101669,0.07422798595686753,-0.015977645625850828
2012,VE,13774,817,1063,-246,0.05931465079134601,0.07717438652533759,-0.017859735733991577
2013,VE,13797,879,1094,-215,0.06370950206566645,0.07929259984054504,-0.015583097774878596
2014,VE,13336,830,1191,-361,0.0622375524895021,0.08930713857228555,-0.027069586082783443
2015,VE,12720,793,1307,-514,0.062342767295597484,0.10275157232704403,-0.04040880503144654
2016,VE,11966,861,1289,-428,0.07195386929633962,0.10772187865619255,-0.035768009359852915
2017,VE,11070,801,1398,-597,0.07235772357723577,0.12628726287262873,-0.05392953929539295
2018,VE,10876,720,1270,-550,0.06620080912100036,0.11677087164398676,-0.05057006252298639
2019,VE,11039,732,1276,-544,0.0663103541987499,0.11559018026995199,-0.0492798260712021
2020,VE,11361,829,1368,-539,0.07296892879147962,0.12041193556905203,-0.0474430067775724
2021,VE,11527,939,1253,-314,0.08146091784505942,0.10870130996790145,-0.027240392122842023
2022,VE,11048,819,1103,-284,0.07413106444605358,0.09983707458363504,-0.02570601013758146
2023,VE,10706,1028,1458,-430,0.09602092284700169,0.13618531664487205,-0.04016439379787035
2024,VE,7333,928,1483,-555,0.1265512068730397,0.20223646529387698,-0.07568525842083731
2025,VE,4005,835,1464,-629,0.20848938826466917,0.36554307116104867,-0.15705368289637953
1998,VG,938,0,0,0,0.0,0.0,0.0
1999,VG,1160,38,27,11,0.032758620689655175,0.02327586206896552,0.009482758620689655
2000,VG,1457,93,47,46,0.06382978723404255,0.03225806451612903,0.031571722717913524
2001,VG,1401,42,69,-27,0.029978586723768737,0.04925053533190578,-0.019271948608137045
2002,VG,1629,85,55,30,0.0521792510742787,0.03376304481276857,0.01841620626151013
2003,VG,1632,76,60,16,0.04656862745098039,0.03676470588235294,0.00980392156862745
2004,VG,1713,95,59,36,0.05545826036193812,0.034442498540572096,0.021015761821366025
2005,VG,1736,146,92,54,0.08410138248847926,0.052995391705069124,0.03110599078341014
2006,VG,1747,149,125,24,0.08528906697195192,0.07155123068116771,0.013737836290784202
2007,VG,1754,141,182,-41,0.08038768529076397,0.10376282782212087,-0.023375142531356898
2008,VG,1978,166,173,-7,0.0839231547017189,0.08746208291203236,-0.003538928210313448
2009,VG,2118,185,163,22,0.08734655335221908,0.0769593956562795,0.010387157695939566
2010,VG,2365,238,196,42,0.10063424947145877,0.0828752642706131,0.017758985200845664
2011,VG,2464,181,215,-34,0.07345779220779221,0.0872564935064935,-0.013798701298701298
2012,VG,2995,251,196,55,0.08380634390651086,0.06544240400667779,0.018363939899833055
2013,VG,3437,260,203,57,0.07564736688972941,0.059063136456211814,0.016584230433517602
2014,VG,3620,356,249,107,0.09834254143646409,0.06878453038674033,0.02955801104972376
2015,VG,3544,346,281,65,0.09762979683972912,0.07928893905191874,0.018340857787810385
2016,VG,3234,264,326,-62,0.08163265306122448,0.10080395794681508,-0.0191713048855906
2017,VG,3175,236,322,-86,0.07433070866141732,0.10141732283464568,-0.027086614173228347
2018,VG,3070,252,344,-92,0.08208469055374593,0.11205211726384365,-0.02996742671009772
2019,VG,3158,288,303,-15,0.09119696010132995,0.09594680177327422,-0.004749841671944269
2020,VG,3223,223,331,-108,0.06919019547005895,0.10269934843313683,-0.033509152963077875
2021,VG,2659,280,312,-32,0.1053027453930049,0.11733734486649117,-0.012034599473486273
2022,VG,1734,243,240,3,0.14013840830449828,0.1384083044982699,0.0017301038062283738
2023,VG,364,43,469,-426,0.11813186813186813,1.2884615384615385,-1.1703296703296704
2024,VG,205,41,401,-360,0.2,1.9560975609756097,-1.7560975609756098
2025,VG,118,48,373,-325,0.4067796610169492,3.1610169491525424,-2.7542372881355934
1998,VI,47,0,0,0,0.0,0.0,0.0
1999,VI,36,0,5,-5,0.0,0.1388888888888889,-0.1388888888888889
2000,VI,40,5,3,2,0.125,0.075,0.05
2001,VI,38,6,3,3,0.15789473684210525,0.07894736842105263,0.07894736842105263
2002,VI,62,4,7,-3,0.06451612903225806,0.11290322580645161,-0.04838709677419355
2003,VI,72,5,4,1,0.06944444444444445,0.05555555555555555,0.013888888888888888
2004,VI,88,10,3,7,0.11363636363636363,0.03409090909090909,0.07954545454545454
2005,VI,76,8,10,-2,0.10526315789473684,0.13157894736842105,-0.02631578947368421
2006,VI,79,11,10,1,0.13924050632911392,0.12658227848101267,0.012658227848101266
2007,VI,76,15,11,4,0.19736842105263158,0.14473684210526316,0.05263157894736842
2008,VI,86,12,16,-4,0.13953488372093023,0.18604651162790697,-0.046511627906976744
2009,VI,100,8,5,3,0.08,0.05,0.03
2010,VI,102,12,10,2,0.11764705882352941,0.09803921568627451,0.0196078431372549
2011,VI,102,12,14,-2,0.11764705882352941,0.13725490196078433,-0.0196078431372549
2012,VI,112,7,18,-11,0.0625,0.16071428571428573,-0.09821428571428571
2013,VI,122,14,10,4,0.11475409836065574,0.08196721311475409,0.03278688524590164
2014,VI,139,15,12,3,0.1079136690647482,0.08633093525179857,0.02158273381294964
2015,VI,134,12,12,0,0.08955223880597014,0.08955223880597014,0.0
2016,VI,164,24,12,12,0.14634146341463414,0.07317073170731707,0.07317073170731707
2017,VI,168,21,31,-10,0.125,0.18452380952380953,-0.05952380952380952
2018,VI,164,24,24,0,0.14634146341463414,0.14634146341463414,0.0
2019,VI,226,32,25,7,0.1415929203539823,0.11061946902654868,0.030973451327433628
2020,VI,294,23,24,-1,0.0782312925170068,0.08163265306122448,-0.003401360544217687
2021,VI,338,59,19,40,0.17455621301775148,0.05621301775147929,0.11834319526627218
2022,VI,290,39,27,12,0.13448275862068965,0.09310344827586207,0.041379310344827586
2023,VI,217,31,32,-1,0.14285714285714285,0.14746543778801843,-0.004608294930875576
2024,VI,163,25,39,-14,0.15337423312883436,0.2392638036809816,-0.08588957055214724
2025,VI,101,25,27,-2,0.24752475247524752,0.26732673267326734,-0.019801980198019802
1998,VN,2145,0,0,0,0.0,0.0,0.0
1999,VN,2800,133,112,21,0.0475,0.04,0.0075
2000,VN,3366,257,214,43,0.07635175282234105,0.06357694592988711,0.01277480689245395
2001,VN,3670,324,331,-7,0.088283378746594,0.09019073569482289,-0.0019073569482288828
2002,VN,3786,380,456,-76,0.10036978341257263,0.12044374009508717,-0.020073956682514528
2003,VN,3936,484,526,-42,0.12296747967479675,0.13363821138211382,-0.010670731707317074
2004,VN,4136,421,588,-167,0.10178916827852998,0.14216634429400388,-0.04037717601547389
2005,VN,4436,444,619,-175,0.10009017132551848,0.13954012623985573,-0.03944995491433724
2006,VN,5199,553,634,-81,0.10636660896326217,0.12194652817849587,-0.015579919215233698
2007,VN,6196,546,694,-148,0.0881213686249193,0.11200774693350549,-0.023886378308586184
2008,VN,7181,651,765,-114,0.09065589750731096,0.1065311237989138,-0.015875226291602842
2009,VN,8296,766,761,5,0.09233365477338476,0.09173095467695275,0.0006027000964320154
2010,VN,9509,786,768,18,0.08265853402040173,0.08076559049321695,0.0018929435271847724
2011,VN,11378,915,859,56,0.08041835120407805,0.07549657233257163,0.0049217788715064156
2012,VN,13296,1064,912,152,0.08002406738868832,0.06859205776173286,0.011432009626955475
2013,VN,15121,1126,1001,125,0.07446597447258779,0.06619932544143906,0.008266649031148734
2014,VN,17538,1357,1080,277,0.07737484319762801,0.06158056790968183,0.015794275287946174
2015,VN,20961,1372,1149,223,0.06545489241925481,0.054816087018749106,0.010638805400505701
2016,VN,25210,1673,1213,460,0.06636255454184847,0.04811582705275684,0.01824672748909163
2017,VN,31181,1935,1339,596,0.06205702190436484,0.042942817741573394,0.019114204162791443
2018,VN,38993,2123,1642,481,0.05444566973559357,0.04211012232964891,0.012335547405944657
2019,VN,49483,2631,1657,974,0.053169775478447145,0.03348624780227553,0.019683527676171615
2020,VN,59694,2974,1885,1089,0.049820752504439306,0.03157771300298187,0.018243039501457434
2021,VN,68979,3381,2182,1199,0.049014917583612407,0.03163281578451413,0.017382101799098278
2022,VN,78063,2734,2198,536,0.0350229942482354,0.028156745192985153,0.006866249055250247
2023,VN,87356,3609,2534,1075,0.0413137048399652,0.029007738449562708,0.012305966390402491
2024,VN,70861,4046,2781,1265,0.05709769831077744,0.03924584750426892,0.017851850806508515
2025,VN,46921,5165,3392,1773,0.11007864282517422,0.07229172438780077,0.03778691843737346
1998,VU,26,0,0,0,0.0,0.0,0.0
1999,VU,30,1,3,-2,0.03333333333333333,0.1,-0.06666666666666667
2000,VU,36,2,0,2,0.05555555555555555,0.0,0.05555555555555555
2001,VU,29,2,1,1,0.06896551724137931,0.034482758620689655,0.034482758620689655
2002,VU,32,4,3,1,0.125,0.09375,0.03125
2003,VU,41,2,4,-2,0.04878048780487805,0.0975609756097561,-0.04878048780487805
2004,VU,49,1,2,-1,0.02040816326530612,0.04081632653061224,-0.02040816326530612
2005,VU,60,7,6,1,0.11666666666666667,0.1,0.016666666666666666
2006,VU,51,3,5,-2,0.058823529411764705,0.09803921568627451,-0.0392156862745098
2007,VU,46,1,2,-1,0.021739130434782608,0.043478260869565216,-0.021739130434782608
2008,VU,55,6,3,3,0.10909090909090909,0.05454545454545454,0.05454545454545454
2009,VU,57,4,4,0,0.07017543859649122,0.07017543859649122,0.0
2010,VU,57,3,6,-3,0.05263157894736842,0.10526315789473684,-0.05263157894736842
2011,VU,57,8,5,3,0.14035087719298245,0.08771929824561403,0.05263157894736842
2012,VU,56,2,7,-5,0.03571428571428571,0.125,-0.08928571428571429
2013,VU,83,4,6,-2,0.04819277108433735,0.07228915662650602,-0.024096385542168676
2014,VU,96,2,4,-2,0.020833333333333332,0.041666666666666664,-0.020833333333333332
2015,VU,106,7,6,1,0.0660377358490566,0.05660377358490566,0.009433962264150943
2016,VU,98,7,7,0,0.07142857142857142,0.07142857142857142,0.0
2017,VU,108,12,9,3,0.1111111111111111,0.08333333333333333,0.027777777777777776
2018,VU,136,8,9,-1,0.058823529411764705,0.0661764705882353,-0.007352941176470588
2019,VU,170,14,12,2,0.08235294117647059,0.07058823529411765,0.011764705882352941
2020,VU,190,11,11,0,0.05789473684210526,0.05789473684210526,0.0
2021,VU,188,15,11,4,0.0797872340425532,0.05851063829787234,0.02127659574468085
2022,VU,196,9,7,2,0.04591836734693878,0.03571428571428571,0.01020408163265306
2023,VU,217,14,10,4,0.06451612903225806,0.04608294930875576,0.018433179723502304
2024,VU,168,11,14,-3,0.06547619047619048,0.08333333333333333,-0.017857142857142856
2025,VU,90,9,14,-5,0.1,0.15555555555555556,-0.05555555555555555
1998,WS,25,0,0,0,0.0,0.0,0.0
1999,WS,31,2,2,0,0.06451612903225806,0.06451612903225806,0.0
2000,WS,24,1,2,-1,0.041666666666666664,0.08333333333333333,-0.041666666666666664
2001,WS,23,1,2,-1,0.043478260869565216,0.08695652173913043,-0.043478260869565216
2002,WS,23,3,2,1,0.13043478260869565,0.08695652173913043,0.043478260869565216
2003,WS,22,0,3,-3,0.0,0.13636363636363635,-0.13636363636363635
2004,WS,24,0,0,0,0.0,0.0,0.0
2005,WS,28,6,1,5,0.21428571428571427,0.03571428571428571,0.17857142857142858
2006,WS,30,4,2,2,0.13333333333333333,0.06666666666666667,0.06666666666666667
2007,WS,23,1,5,-4,0.043478260869565216,0.21739130434782608,-0.17391304347826086
2008,WS,36,4,3,1,0.1111111111111111,0.08333333333333333,0.027777777777777776
2009,WS,45,3,7,-4,0.06666666666666667,0.15555555555555556,-0.08888888888888889
2010,WS,61,3,2,1,0.04918032786885246,0.03278688524590164,0.01639344262295082
2011,WS,54,8,3,5,0.14814814814814814,0.05555555555555555,0.09259259259259259
2012,WS,64,7,5,2,0.109375,0.078125,0.03125
2013,WS,69,11,6,5,0.15942028985507245,0.08695652173913043,0.07246376811594203
2014,WS,101,8,7,1,0.07920792079207921,0.06930693069306931,0.009900990099009901
2015,WS,140,7,8,-1,0.05,0.05714285714285714,-0.007142857142857143
2016,WS,160,15,4,11,0.09375,0.025,0.06875
2017,WS,152,13,14,-1,0.08552631578947369,0.09210526315789473,-0.006578947368421052
2018,WS,149,8,4,4,0.053691275167785234,0.026845637583892617,0.026845637583892617
2019,WS,186,8,5,3,0.043010752688172046,0.026881720430107527,0.016129032258064516
2020,WS,227,9,11,-2,0.039647577092511016,0.048458149779735685,-0.00881057268722467
2021,WS,239,18,12,6,0.07531380753138076,0.0502092050209205,0.02510460251046025
2022,WS,222,11,19,-8,0.04954954954954955,0.08558558558558559,-0.036036036036036036
2023,WS,203,19,14,5,0.09359605911330049,0.06896551724137931,0.024630541871921183
2024,WS,144,13,16,-3,0.09027777777777778,0.1111111111111111,-0.020833333333333332
2025,WS,83,7,7,0,0.08433734939759036,0.08433734939759036,0.0
1998,XK,40,0,0,0,0.0,0.0,0.0
1999,XK,50,3,0,3,0.06,0.0,0.06
2000,XK,69,4,5,-1,0.057971014492753624,0.07246376811594203,-0.014492753623188406
2001,XK,98,1,3,-2,0.01020408163265306,0.030612244897959183,-0.02040816326530612
2002,XK,124,2,8,-6,0.016129032258064516,0.06451612903225806,-0.04838709677419355
2003,XK,140,5,1,4,0.03571428571428571,0.007142857142857143,0.02857142857142857
2004,XK,219,9,16,-7,0.0410958904109589,0.0730593607305936,-0.0319634703196347
2005,XK,312,4,10,-6,0.01282051282051282,0.03205128205128205,-0.019230769230769232
2006,XK,452,14,9,5,0.030973451327433628,0.01991150442477876,0.011061946902654867
2007,XK,599,29,17,12,0.048414023372287146,0.028380634390651086,0.02003338898163606
2008,XK,706,32,21,11,0.0453257790368272,0.029745042492917848,0.015580736543909348
2009,XK,801,26,15,11,0.03245942571785269,0.018726591760299626,0.01373283395755306
2010,XK,923,30,45,-15,0.032502708559046585,0.04875406283856988,-0.016251354279523293
2011,XK,1210,36,31,5,0.02975206611570248,0.0256198347107438,0.004132231404958678
2012,XK,1406,46,37,9,0.032716927453769556,0.02631578947368421,0.006401137980085348
2013,XK,1616,68,43,25,0.04207920792079208,0.026608910891089108,0.01547029702970297
2014,XK,1839,65,54,11,0.03534529635671561,0.02936378466557912,0.005981511691136488
2015,XK,2226,84,76,8,0.03773584905660377,0.034141958670260555,0.0035938903863432167
2016,XK,2614,110,80,30,0.042081101759755164,0.030604437643458302,0.011476664116296864
2017,XK,2813,107,118,-11,0.038037682189832916,0.04194809811589051,-0.0039104159260575895
2018,XK,2918,136,96,40,0.04660726525017135,0.03289924605894448,0.013708019191226868
2019,XK,2755,131,141,-10,0.047549909255898366,0.05117967332123412,-0.003629764065335753
2020,XK,2886,146,126,20,0.05058905058905059,0.04365904365904366,0.00693000693000693
2021,XK,3096,149,139,10,0.0481266149870801,0.044896640826873384,0.003229974160206718
2022,XK,3344,125,124,1,0.03738038277511962,0.03708133971291866,0.0002990430622009569
2023,XK,3667,155,157,-2,0.04226888464685029,0.04281428961003545,-0.000545404963185165
2024,XK,3004,166,151,15,0.05525965379494008,0.05026631158455393,0.004993342210386152
2025,XK,1932,184,189,-5,0.09523809523809523,0.09782608695652174,-0.002587991718426501
1998,YE,256,0,0,0,0.0,0.0,0.0
1999,YE,258,7,8,-1,0.027131782945736434,0.031007751937984496,-0.003875968992248062
2000,YE,271,14,18,-4,0.05166051660516605,0.06642066420664207,-0.014760147601476014
2001,YE,282,20,16,4,0.07092198581560284,0.05673758865248227,0.014184397163120567
2002,YE,323,20,30,-10,0.06191950464396285,0.09287925696594428,-0.030959752321981424
2003,YE,385,17,24,-7,0.04415584415584416,0.06233766233766234,-0.01818181818181818
2004,YE,465,36,22,14,0.07741935483870968,0.047311827956989246,0.030107526881720432
2005,YE,513,46,35,11,0.08966861598440545,0.0682261208576998,0.021442495126705652
2006,YE,568,33,51,-18,0.058098591549295774,0.0897887323943662,-0.03169014084507042
2007,YE,666,51,41,10,0.07657657657657657,0.06156156156156156,0.015015015015015015
2008,YE,838,55,53,2,0.06563245823389022,0.06324582338902147,0.002386634844868735
2009,YE,1059,71,72,-1,0.06704438149197356,0.0679886685552408,-0.0009442870632672333
2010,YE,1317,117,84,33,0.0888382687927107,0.06378132118451026,0.025056947608200455
2011,YE,1566,133,109,24,0.08492975734355045,0.06960408684546615,0.01532567049808429
2012,YE,1861,152,137,15,0.08167651800107469,0.07361633530360022,0.008060182697474477
2013,YE,2024,232,165,67,0.11462450592885376,0.08152173913043478,0.033102766798418976
2014,YE,2117,272,237,35,0.12848370335380255,0.11195087387812942,0.01653282947567312
2015,YE,2030,184,231,-47,0.09064039408866995,0.11379310344827587,-0.02315270935960591
2016,YE,2376,187,205,-18,0.0787037037037037,0.08627946127946128,-0.007575757575757576
2017,YE,2840,194,204,-10,0.06830985915492958,0.07183098591549296,-0.0035211267605633804
2018,YE,3583,298,259,39,0.08317052749092939,0.07228579402735139,0.010884733463578006
2019,YE,4250,362,292,70,0.0851764705882353,0.06870588235294117,0.01647058823529412
2020,YE,5077,406,378,28,0.07996848532597992,0.07445341737246405,0.005515067953515856
2021,YE,6207,504,418,86,0.08119864668922185,0.06734332205574352,0.013855324633478331
2022,YE,7518,561,446,115,0.07462090981644054,0.059324288374567706,0.015296621441872838
2023,YE,9365,863,581,282,0.09215162840363054,0.06203950880939669,0.03011211959423385
2024,YE,7459,911,751,160,0.12213433436117442,0.10068373776645663,0.02145059659471779
2025,YE,4827,1116,813,303,0.23119950279676818,0.16842759477936606,0.06277190801740211
2005,YT,1,0,0,0,0.0,0.0,0.0
2006,YT,1,0,0,0,0.0,0.0,0.0
2007,YT,1,0,0,0,0.0,0.0,0.0
2010,YT,1,0,0,0,0.0,0.0,0.0
2011,YT,1,1,0,1,1.0,0.0,1.0
2013,YT,2,1,0,1,0.5,0.0,0.5
2014,YT,3,0,0,0,0.0,0.0,0.0
2015,YT,4,0,1,-1,0.0,0.25,-0.25
2016,YT,5,0,0,0,0.0,0.0,0.0
2017,YT,6,3,1,2,0.5,0.16666666666666666,0.3333333333333333
2018,YT,5,1,2,-1,0.2,0.4,-0.2
2019,YT,9,2,2,0,0.2222222222222222,0.2222222222222222,0.0
2020,YT,15,4,2,2,0.26666666666666666,0.13333333333333333,0.13333333333333333
2021,YT,16,2,3,-1,0.125,0.1875,-0.0625
2022,YT,15,3,3,0,0.2,0.2,0.0
2023,YT,11,2,0,2,0.18181818181818182,0.0,0.18181818181818182
2024,YT,7,2,5,-3,0.2857142857142857,0.7142857142857143,-0.42857142857142855
1998,ZA,13200,0,0,0,0.0,0.0,0.0
1999,ZA,14101,353,385,-32,0.025033685554216013,0.027303028154031628,-0.0022693425998156157
2000,ZA,15447,520,551,-31,0.03366349452968214,0.03567035670356704,-0.002006862173884897
2001,ZA,16184,639,699,-60,0.039483440434997526,0.04319080573405833,-0.0037073652990608007
2002,ZA,17587,746,802,-56,0.04241769488826974,0.045601865013930744,-0.0031841701256609995
2003,ZA,18664,832,906,-74,0.044577796828118306,0.04854264894984998,-0.003964852121731676
2004,ZA,20386,972,920,52,0.0476797802413421,0.045129010104974,0.0025507701363680956
2005,ZA,21895,1064,1056,8,0.04859556976478648,0.04823018954099109,0.00036538022379538706
2006,ZA,23965,1179,1122,57,0.04919674525349468,0.04681827665345295,0.0023784686000417276
2007,ZA,25914,1219,1158,61,0.047040209925136994,0.04468626996990044,0.0023539399552365515
2008,ZA,28241,1471,1301,170,0.0520873906731348,0.04606777380404377,0.006019616869091038
2009,ZA,31364,1497,1536,-39,0.0477298813926795,0.04897334523657697,-0.001243463843897462
2010,ZA,34827,1558,1576,-18,0.0447354064375341,0.04525224681999598,-0.000516840382461883
2011,ZA,38730,1808,1713,95,0.046682158533436616,0.0442292796281952,0.0024528789052414147
2012,ZA,42511,1897,1814,83,0.044623744442614854,0.042671308602479356,0.0019524358401354944
2013,ZA,45379,2168,1931,237,0.04777540271931951,0.04255272262500275,0.0052226800943167544
2014,ZA,48329,2321,2127,194,0.04802499534441019,0.04401084235138323,0.004014152993026961
2015,ZA,50005,2354,2153,201,0.04707529247075293,0.04305569443055694,0.00401959804019598
2016,ZA,52694,2513,2307,206,0.04769043913918093,0.04378107564428588,0.0039093634948950545
2017,ZA,54640,2494,2559,-65,0.045644216691068815,0.046833821376281115,-0.0011896046852122987
2018,ZA,58324,2790,2631,159,0.047836225224607364,0.045110074754817917,0.0027261504697894522
2019,ZA,61860,2757,3094,-337,0.044568380213385064,0.05001616553507921,-0.005447785321694148
2020,ZA,66586,2781,3332,-551,0.04176553629892169,0.05004054906436788,-0.008275012765446189
2021,ZA,69915,2723,3368,-645,0.03894729314167203,0.048172781234356005,-0.009225488092683974
2022,ZA,73609,2720,3061,-341,0.0369520031517885,0.04158458884103846,-0.0046325856892499555
2023,ZA,76780,3370,3730,-360,0.04389163844751237,0.04858035946861162,-0.004688721021099245
2024,ZA,62498,3791,3950,-159,0.060657941054113734,0.06320202246471887,-0.0025440814106051394
2025,ZA,42434,4184,4498,-314,0.09860017910166376,0.10599990573596645,-0.007399726634302682
1998,ZM,439,0,0,0,0.0,0.0,0.0
1999,ZM,454,16,19,-3,0.03524229074889868,0.04185022026431718,-0.006607929515418502
2000,ZM,517,26,32,-6,0.05029013539651837,0.061895551257253385,-0.01160541586073501
2001,ZM,642,33,32,1,0.0514018691588785,0.04984423676012461,0.001557632398753894
2002,ZM,705,49,35,14,0.06950354609929078,0.04964539007092199,0.019858156028368795
2003,ZM,739,65,55,10,0.08795669824086604,0.07442489851150202,0.013531799729364006
2004,ZM,718,47,71,-24,0.06545961002785515,0.0988857938718663,-0.033426183844011144
2005,ZM,740,49,63,-14,0.06621621621621622,0.08513513513513514,-0.01891891891891892
2006,ZM,812,53,65,-12,0.06527093596059114,0.08004926108374384,-0.014778325123152709
2007,ZM,928,69,68,1,0.07435344827586207,0.07327586206896551,0.0010775862068965517
2008,ZM,1071,85,97,-12,0.07936507936507936,0.09056956115779645,-0.011204481792717087
2009,ZM,1201,97,99,-2,0.08076602830974189,0.08243130724396336,-0.0016652789342214821
2010,ZM,1300,100,128,-28,0.07692307692307693,0.09846153846153846,-0.021538461538461538
2011,ZM,1600,109,125,-16,0.068125,0.078125,-0.01
2012,ZM,1893,128,121,7,0.0676175382989963,0.06391970417326995,0.0036978341257263604
2013,ZM,2285,144,134,10,0.06301969365426696,0.05864332603938731,0.00437636761487965
2014,ZM,2595,190,137,53,0.07321772639691715,0.05279383429672447,0.02042389210019268
2015,ZM,2840,220,194,26,0.07746478873239436,0.06830985915492958,0.009154929577464789
2016,ZM,2986,173,266,-93,0.0579370395177495,0.08908238446081715,-0.03114534494306765
2017,ZM,3251,196,217,-21,0.0602891418025223,0.0667486927099354,-0.0064595509074131035
2018,ZM,3812,240,236,4,0.06295907660020986,0.06190975865687303,0.001049317943336831
2019,ZM,4501,268,262,6,0.059542323928016,0.05820928682514997,0.0013330371028660297
2020,ZM,5387,308,310,-2,0.05717467978466679,0.05754594393911268,-0.00037126415444588826
2021,ZM,6353,330,326,4,0.051943963481819615,0.05131433968203998,0.0006296237997796317
2022,ZM,7404,374,318,56,0.050513236088600755,0.04294975688816856,0.007563479200432199
2023,ZM,8602,481,449,32,0.05591722855149965,0.05219716345036038,0.00372006510113927
2024,ZM,6885,597,499,98,0.08671023965141612,0.07247639796659404,0.014233841684822076
2025,ZM,4641,767,631,136,0.16526610644257703,0.13596207713854772,0.029304029304029304
1998,ZW,888,0,0,0,0.0,0.0,0.0
1999,ZW,922,24,43,-19,0.026030368763557483,0.046637744034707156,-0.020607375271149676
2000,ZW,984,33,30,3,0.03353658536585366,0.03048780487804878,0.003048780487804878
2001,ZW,975,46,47,-1,0.04717948717948718,0.048205128205128206,-0.0010256410256410256
2002,ZW,964,56,72,-16,0.058091286307053944,0.07468879668049792,-0.016597510373443983
2003,ZW,965,56,91,-35,0.058031088082901555,0.09430051813471503,-0.03626943005181347
2004,ZW,1051,54,81,-27,0.05137963843958135,0.07706945765937202,-0.025689819219790674
2005,ZW,1116,64,95,-31,0.05734767025089606,0.08512544802867383,-0.027777777777777776
2006,ZW,1188,72,102,-30,0.06060606060606061,0.08585858585858586,-0.025252525252525252
2007,ZW,1172,64,121,-57,0.05460750853242321,0.10324232081911262,-0.04863481228668942
2008,ZW,1239,96,128,-32,0.0774818401937046,0.1033091202582728,-0.0258272800645682
2009,ZW,1342,99,150,-51,0.07377049180327869,0.11177347242921014,-0.038002980625931444
2010,ZW,1713,101,160,-59,0.05896088733216579,0.09340338587273789,-0.034442498540572096
2011,ZW,2400,132,152,-20,0.055,0.06333333333333334,-0.008333333333333333
2012,ZW,3069,145,177,-32,0.047246660149885954,0.05767350928641251,-0.010426849136526556
2013,ZW,3520,247,186,61,0.07017045454545455,0.05284090909090909,0.017329545454545455
2014,ZW,3437,247,280,-33,0.07186499854524295,0.0814663951120163,-0.009601396566773349
2015,ZW,3420,248,259,-11,0.07251461988304093,0.07573099415204679,-0.003216374269005848
2016,ZW,3587,140,263,-123,0.039029829941455256,0.07332032339001951,-0.03429049344856426
2017,ZW,3974,174,253,-79,0.043784599899345744,0.06366381479617514,-0.01987921489682939
2018,ZW,4511,291,234,57,0.06450897805364664,0.05187319884726225,0.012635779206384394
2019,ZW,4997,270,342,-72,0.054032419451671004,0.06844106463878327,-0.014408645187112268
2020,ZW,5679,329,351,-22,0.05793273463637964,0.061806656101426306,-0.0038739214650466633
2021,ZW,6230,332,341,-9,0.053290529695024076,0.05473515248796148,-0.0014446227929373998
2022,ZW,6818,388,365,23,0.05690818421824582,0.05353476092695805,0.0033734232912877677
2023,ZW,7884,410,443,-33,0.05200405885337392,0.056189751395230844,-0.004185692541856925
2024,ZW,6274,443,505,-62,0.07060886197003506,0.08049091488683456,-0.00988205291679949
2025,ZW,4303,502,514,-12,0.11666279339995352,0.11945154543341854,-0.0027887520334650244
